# This file uses centimeters as units for non-parametric coordinates.

mtllib Dead Tree.mtl
g default
v 0.161600 0.257225 0.353746
v -0.279562 0.046117 -0.229538
v -1.103526 -0.029165 -0.450757
v -1.927692 -0.099504 -0.228667
v -2.531226 -0.146055 0.377221
v -2.752411 -0.156342 1.204562
v -2.531983 -0.127609 2.031669
v -1.929001 -0.067554 2.636921
v -1.105038 0.007726 2.858140
v -0.280872 0.078067 2.636050
v 0.155794 0.349061 2.068206
v 0.444314 0.071071 1.256440
v -0.444468 0.988050 0.062706
v -0.774300 0.981704 -0.063422
v -2.221016 0.853576 -0.062654
v -2.944710 0.803466 1.195448
v -2.755538 0.828688 1.921489
v -1.498883 0.947704 2.646969
v -0.775438 1.009610 2.452016
v -0.423787 1.073574 2.305877
v -1.841119 3.225317 0.369888
v -2.112294 3.741774 0.443651
v -2.624645 4.372849 0.618193
v -2.840010 4.844860 0.861636
v -3.176754 5.686205 1.091870
v -3.515515 6.246716 0.934654
v -3.724413 6.654576 0.748048
v -3.587944 7.268173 0.145742
v -3.243932 7.986406 -0.700106
v -2.719330 8.618719 -1.478562
v -2.077794 9.098583 -1.962977
v -1.376011 9.490110 -2.201758
v -0.349956 10.110940 -2.293284
v -0.031287 10.343159 -2.298506
v 0.462929 10.906463 -2.195808
v 0.754644 11.545254 -1.865140
v 0.794436 12.210555 -1.216701
v 0.586484 12.918544 -0.296430
v 0.150508 13.750334 0.674199
v -0.508062 14.772389 1.441546
v -2.271969 2.979717 0.235117
v -2.470472 3.408167 0.315252
v -2.954354 4.047348 0.501042
v -3.233153 4.358258 0.642155
v -4.012469 6.316157 0.585048
v -4.034456 6.533829 0.656298
v -3.873794 7.195615 0.034064
v -3.497817 7.944264 -0.829430
v -2.931764 8.606611 -1.630569
v -2.226372 9.123220 -2.144932
v -1.457320 9.540331 -2.391089
v -0.382874 10.167846 -2.455111
v -0.057429 10.398158 -2.448570
v 0.451221 10.960797 -2.320820
v 0.763868 11.614260 -1.956127
v 0.809360 12.286461 -1.267708
v 0.596450 12.977187 -0.323857
v 0.156090 13.781959 0.658729
v -2.700164 2.722301 0.362098
v -2.819883 3.057855 0.431512
v -3.256522 3.679826 0.607722
v -3.672834 4.074055 0.867440
v -4.292755 4.970526 1.153554
v -4.357024 5.488246 0.950457
v -4.367167 6.516715 0.715761
v -4.179597 7.273767 0.024329
v -3.764756 8.055561 -0.881681
v -3.153516 8.737841 -1.717068
v -2.385277 9.275553 -2.265793
v -1.553931 9.701000 -2.522729
v -0.442281 10.308073 -2.567462
v -0.114174 10.526966 -2.552413
v 0.398242 11.064518 -2.408370
v 0.724450 11.702581 -2.025040
v 0.782105 12.361986 -1.313761
v 0.577639 13.030589 -0.353789
v 0.146564 13.809073 0.639775
v -3.023304 2.516097 0.717558
v -3.076740 2.778764 0.759924
v -3.450182 3.368761 0.909650
v -3.864832 4.052161 1.127372
v -4.272966 4.849284 1.318410
v -4.566588 5.717835 1.304060
v -4.633395 6.607816 0.910507
v -4.423414 7.481688 0.119148
v -3.973225 8.290472 -0.842856
v -3.325168 8.977245 -1.714881
v -2.511935 9.514766 -2.293176
v -1.639959 9.929068 -2.561404
v -0.512261 10.494051 -2.600235
v -0.186321 10.695068 -2.582210
v 0.318185 11.189831 -2.435001
v 0.646950 11.786551 -2.053416
v 0.719974 12.416888 -1.342523
v 0.535092 13.064438 -0.378208
v 0.124482 13.824414 0.622412
v -3.139050 2.419846 1.200894
v -3.178974 2.637242 1.211066
v -3.483444 3.197503 1.325922
v -3.879394 3.867449 1.513375
v -4.304771 4.704824 1.687958
v -4.649660 5.694335 1.657822
v -4.761806 6.782722 1.188350
v -4.539915 7.763664 0.293114
v -4.067366 8.586056 -0.723359
v -3.400726 9.260675 -1.624595
v -2.572407 9.776760 -2.219744
v -1.681874 10.116552 -2.509682
v -0.574062 10.675939 -2.544649
v -0.254536 10.857416 -2.529977
v 0.232502 11.303161 -2.393577
v 0.552137 11.843672 -2.033654
v 0.639615 12.436460 -1.346288
v 0.480209 13.069667 -0.390571
v 0.095763 13.823870 0.611294
v -3.014057 2.482377 1.689927
v -3.057560 2.709594 1.671134
v -3.347394 3.211940 1.745000
v -3.728720 3.849586 1.899933
v -4.171824 4.701465 2.054080
v -4.562609 5.768797 2.005795
v -4.717993 6.994568 1.474846
v -4.497883 8.044144 0.499611
v -4.021951 8.863110 -0.555208
v -3.359944 9.512189 -1.470401
v -2.550489 9.991337 -2.065172
v -1.697073 10.341274 -2.346096
v -0.611124 10.805005 -2.415595
v -0.300541 10.970513 -2.409710
v 0.164151 11.374140 -2.295197
v 0.465413 11.858632 -1.971045
v 0.562559 12.415452 -1.324044
v 0.427696 13.044871 -0.387565
v 0.068100 13.807585 0.609400
v -2.672029 2.668815 2.055141
v -2.763216 2.949867 2.013011
v -3.078489 3.408204 2.054593
v -3.453184 4.003358 2.183468
v -3.909750 4.840109 2.318675
v -4.328761 5.921273 2.254740
v -4.455600 7.152717 1.719814
v -4.308580 8.247969 0.683311
v -3.849152 9.047398 -0.383461
v -3.213751 9.664390 -1.293617
v -2.452054 10.100999 -1.870878
v -1.652855 10.414959 -2.149804
v -0.613517 10.846665 -2.247656
v -0.312011 11.004052 -2.253635
v 0.131448 11.383750 -2.166222
v 0.410018 11.827429 -1.882367
v 0.509455 12.359498 -1.281754
v 0.391624 12.996698 -0.369994
v 0.048908 13.779923 0.617238
v -2.238984 2.917304 2.190134
v -2.405038 3.283473 2.141410
v -2.748780 3.733706 2.171743
v -3.126615 4.287562 2.288006
v -3.588769 5.083604 2.410844
v -4.010777 6.110905 2.337952
v -4.225233 7.335440 1.657305
v -4.022730 8.320526 0.794990
v -3.595267 9.089539 -0.254135
v -3.001317 9.676497 -1.141609
v -2.303478 10.076361 -1.688923
v -1.571547 10.364740 -1.960472
v -0.580600 10.789756 -2.085830
v -0.285870 10.949051 -2.103571
v 0.143155 11.329415 -2.041211
v 0.400794 11.758423 -1.791382
v 0.494531 12.283591 -1.230748
v 0.381658 12.938056 -0.342568
v 0.043326 13.748301 0.632707
v -1.812405 3.170750 2.062997
v -2.055626 3.633785 2.025150
v -2.446612 4.101228 2.065063
v -2.836518 4.626046 2.185537
v -3.294889 5.366709 2.305892
v -3.693859 6.286883 2.233135
v -3.950711 7.310644 1.719243
v -3.716927 8.242374 0.804724
v -3.328327 8.978243 -0.201885
v -2.779564 9.545267 -1.055111
v -2.144570 9.924027 -1.568062
v -1.474934 10.204070 -1.828832
v -0.521191 10.649528 -1.973477
v -0.229124 10.820240 -1.999729
v 0.196135 11.225698 -1.953660
v 0.440213 11.670101 -1.722468
v 0.521786 12.208069 -1.184693
v 0.400469 12.884655 -0.312635
v 0.052852 13.721186 0.651663
v -1.428002 3.269210 1.703999
v -1.654047 3.718094 1.687561
v -2.073274 4.531550 1.695791
v -2.660623 4.928113 1.903518
v -3.106855 5.613563 2.031938
v -3.462925 6.402053 1.968374
v -3.604711 7.233351 1.530767
v -3.473109 8.034454 0.709904
v -3.119857 8.743332 -0.240710
v -2.607912 9.305862 -1.057297
v -2.017912 9.684817 -1.540678
v -1.388906 9.976001 -1.790157
v -0.451211 10.463551 -1.940704
v -0.156977 10.652143 -1.969931
v 0.276192 11.100383 -1.927029
v 0.517712 11.586132 -1.694090
v 0.583917 12.153168 -1.155931
v 0.443016 12.850806 -0.288215
v 0.074933 13.705845 0.669026
v -1.312860 3.337984 1.211164
v -1.557498 3.814200 1.222583
v -2.646062 5.112824 1.517515
v -3.075050 5.758023 1.662391
v -3.379854 6.425554 1.614612
v -3.476300 7.058443 1.252924
v -3.356609 7.752476 0.535939
v -3.025717 8.447748 -0.360207
v -2.532354 9.022432 -1.147583
v -1.957441 9.422823 -1.614111
v -1.336512 9.741647 -1.854809
v -0.389410 10.281662 -1.996291
v -0.088762 10.489794 -2.022163
v 0.361875 10.987055 -1.968452
v 0.612526 11.529012 -1.713854
v 0.664277 12.133596 -1.152167
v 0.497899 12.845577 -0.275853
v 0.103652 13.706389 0.680144
v -1.436803 3.287299 0.717128
v -1.671135 3.753261 0.755783
v -2.161579 4.670433 0.998052
v -2.796736 5.130688 1.130957
v -3.207996 5.761382 1.296268
v -3.466905 6.351092 1.266638
v -3.520113 6.846599 0.966428
v -3.398641 7.471997 0.329441
v -3.071131 8.170695 -0.528358
v -2.573135 8.770920 -1.301777
v -1.979358 9.208246 -1.768683
v -1.331792 9.563798 -2.005466
v -0.352348 10.152600 -2.125345
v -0.042755 10.376699 -2.142431
v 0.430226 10.916073 -2.066833
v 0.699250 11.514050 -1.776463
v 0.741332 12.154602 -1.174410
v 0.550412 12.870372 -0.278859
v 0.131315 13.722675 0.682037
v -2.730744 4.516029 0.672526
v -2.208415 4.959486 1.148637
v -2.218200 5.003280 1.422534
v -2.142723 4.853262 1.659187
v -2.539030 4.225623 2.093618
v -2.838336 3.864983 2.199300
v -3.167301 3.549271 2.085139
v -3.437778 3.363078 1.781723
v -3.577294 3.356297 1.370353
v -3.548464 3.530744 0.961255
v -3.359015 3.839676 0.664047
v -3.059708 4.200315 0.558364
v -2.522201 4.248521 0.578983
v -1.858853 4.183003 0.987414
v -1.690483 3.987098 1.240618
v -1.848610 4.137083 1.660164
v -2.370242 4.009644 2.054239
v -2.675735 3.634729 2.162286
v -3.004736 3.296769 2.042109
v -3.269089 3.086318 1.725912
v -3.397962 3.059769 1.298417
v -3.356823 3.224234 0.874172
v -3.156695 3.535645 0.566853
v -2.851202 3.910559 0.458807
v -1.835618 4.638717 1.677597
v -1.310808 4.836454 1.654384
v -0.614429 5.226141 1.612920
v -0.186110 5.577563 1.566636
v 0.703354 6.630056 1.387379
v 0.919469 6.964260 1.320961
v 1.292027 7.711668 1.143336
v 1.619111 8.512857 0.931399
v 1.915989 9.322112 0.720650
v 2.199626 10.098481 0.546516
v 2.485034 10.799554 0.443729
v 2.785146 11.381788 0.445494
v 3.111600 11.805593 0.581232
v 3.483586 12.050847 0.877854
v 3.922585 12.137244 1.335091
v 4.418807 12.082224 1.910712
v 4.955392 11.912064 2.548394
v 5.520143 11.660291 3.193393
v 6.102921 11.362059 3.792676
v 6.697624 11.053307 4.290107
v -2.034269 5.057064 1.408222
v -1.420068 5.284685 1.394675
v -0.772940 5.624888 1.368708
v -0.377915 5.932492 1.334862
v 0.452209 6.866928 1.190541
v 0.657844 7.167940 1.134713
v 1.024262 7.858281 0.978540
v 1.358539 8.619802 0.785640
v 1.672683 9.409911 0.589341
v 1.979833 10.183246 0.425868
v 2.294515 10.895654 0.331707
v 2.632325 11.503821 0.343859
v 3.009598 11.963351 0.500755
v 3.438643 12.228007 0.836240
v 3.912564 12.297600 1.326420
v 4.422984 12.212033 1.917648
v 4.964067 12.009633 2.560334
v 5.528589 11.726351 3.204584
v 6.108517 11.397611 3.799884
v -1.959833 4.906595 1.626840
v -1.379553 5.123611 1.604245
v -0.712582 5.482592 1.566274
v -0.303425 5.807469 1.523234
v 0.553621 6.790437 1.354195
v 0.764476 7.105506 1.291025
v 1.135167 7.820737 1.119847
v 1.467404 8.598982 0.913058
v 1.774223 9.394849 0.705339
v 2.070673 10.165145 0.532478
v 2.371406 10.866509 0.429955
v 2.690357 11.455360 0.432535
v 3.041063 11.890157 0.573310
v 3.440048 12.140237 0.882137
v 3.897455 12.217060 1.349477
v 4.403837 12.146817 1.928387
v 4.946601 11.960644 2.565033
v 5.515473 11.693123 3.206489
v 6.101064 11.379622 3.800597
v -1.914091 4.773620 1.002969
v -1.351918 4.980294 1.009772
v -0.681695 5.349296 1.004354
v -0.274528 5.679279 0.984872
v 0.568865 6.664400 0.875560
v 0.774598 6.977671 0.829612
v 1.135205 7.685604 0.694103
v 1.461965 8.462135 0.522304
v 1.769800 9.270668 0.346260
v 2.071846 10.065989 0.202378
v 2.383205 10.804363 0.127766
v 2.721065 11.443190 0.161063
v 3.103920 11.935897 0.344712
v 3.540356 12.224092 0.715090
v 4.009706 12.299342 1.236016
v 4.505344 12.213528 1.849043
v 5.027448 12.010620 2.508808
v 5.571519 11.727305 3.168360
v 6.130984 11.398630 3.779031
v -2.015322 5.001984 1.149806
v -1.408622 5.225321 1.148436
v -0.760146 5.569674 1.135953
v -0.365946 5.879393 1.111865
v 0.458524 6.814721 0.992284
v 0.662037 7.114988 0.943589
v 1.024278 7.802308 0.802191
v 1.356286 8.563118 0.623784
v 1.670852 9.358473 0.440605
v 1.980319 10.142174 0.289136
v 2.299403 10.869912 0.206536
v 2.645045 11.498780 0.231412
v 3.035634 11.982296 0.406066
v 3.480191 12.262738 0.767046
v 3.959059 12.331680 1.279422
v 4.465028 12.239665 1.884781
v 4.997552 12.030332 2.537043
v 5.551802 11.740509 3.188788
v 6.120908 11.405482 3.790949
v -1.774627 4.505385 1.074607
v -1.283174 4.693138 1.059911
v -0.583542 5.092844 1.051001
v -0.157214 5.449371 1.028274
v 0.718598 6.504017 0.908745
v 0.929591 6.836424 0.859547
v 1.292065 7.576532 0.717593
v 1.613671 8.376011 0.540646
v 1.911566 9.197931 0.361571
v 2.200800 9.999322 0.216416
v 2.496832 10.737408 0.141540
v 2.815854 11.369616 0.174022
v 3.174456 11.851331 0.352633
v 3.583893 12.134700 0.710805
v 4.034836 12.219524 1.221629
v 4.520312 12.148934 1.831367
v 5.036236 11.962042 2.492167
v 5.576185 11.694473 3.155262
v 6.132839 11.381065 3.771109
v -1.673800 4.325634 1.267089
v -1.242659 4.532063 1.269481
v -0.523185 4.950548 1.248567
v -0.082723 5.324348 1.216646
v 0.820010 6.427526 1.072399
v 1.036223 6.773992 1.015860
v 1.402970 7.538988 0.858900
v 1.722536 8.355192 0.668064
v 2.013105 9.182869 0.477570
v 2.291639 9.981225 0.323027
v 2.573723 10.708263 0.239788
v 2.873885 11.321155 0.262698
v 3.205920 11.778137 0.425189
v 3.585297 12.046932 0.756702
v 4.019727 12.138988 1.244686
v 4.501165 12.083723 1.842106
v 5.018772 11.913054 2.496867
v 5.563070 11.661244 3.157168
v 6.125387 11.363079 3.771823
v -1.741958 4.447641 1.591930
v -1.254105 4.591427 1.515720
v -0.535979 5.005761 1.481322
v -0.094692 5.377448 1.439643
v 0.813696 6.479733 1.270656
v 1.032031 6.826943 1.206983
v 1.402955 7.594962 1.035248
v 1.724790 8.411875 0.829919
v 2.014938 9.234306 0.626305
v 2.291154 10.022297 0.459759
v 2.568837 10.734005 0.364959
v 2.861166 11.326196 0.375145
v 3.179886 11.759192 0.519878
v 3.543751 12.012199 0.825897
v 3.973232 12.104906 1.291685
v 4.459121 12.056088 1.874974
v 4.985285 11.892352 2.520158
v 5.539858 11.647086 3.172964
v 6.112997 11.355205 3.780758
v -3.058429 4.840691 0.576163
v -3.257468 4.744153 -0.086647
v -3.464684 4.593426 -0.735491
v -3.835855 4.522723 -1.488969
v -4.383797 4.557775 -2.335299
v -5.037999 4.742078 -3.169824
v -5.719087 5.136555 -3.864927
v -6.353736 5.829596 -4.278726
v -6.842698 6.879134 -4.252097
v -7.089108 8.041202 -3.828494
v -7.126534 9.163050 -3.174115
v -7.010276 10.087561 -2.420243
v -6.652960 10.900573 -1.612646
v -6.214460 11.464144 -0.880483
v -5.729810 11.916794 -0.269170
v -5.263962 12.337692 0.164291
v -4.862612 12.790357 0.415205
v -4.504569 13.299361 0.669370
v -4.185332 13.846112 1.140599
v -3.904768 14.389399 2.040462
v -3.500642 4.555545 0.494789
v -3.569385 4.417076 0.035991
v -3.755538 4.290309 -0.600509
v -4.103106 4.240447 -1.343971
v -4.628768 4.293400 -2.188501
v -5.266581 4.495051 -3.032279
v -5.937459 4.909451 -3.744113
v -6.571054 5.632944 -4.180592
v -7.063623 6.733271 -4.169719
v -7.299497 7.937517 -3.747722
v -7.318465 9.087877 -3.092989
v -7.135527 10.003228 -2.265482
v -6.798775 10.868275 -1.529137
v -6.334142 11.446797 -0.797201
v -5.823219 11.910316 -0.189505
v -5.331278 12.340480 0.237201
v -4.906631 12.800419 0.476154
v -4.536459 13.304090 0.710279
v -4.206765 13.842031 1.158919
v -3.047534 5.538404 0.623048
v -3.243121 5.241675 -0.216343
v -3.443825 5.074750 -0.822594
v -3.803767 4.982049 -1.537803
v -4.339880 4.989896 -2.355462
v -4.977865 5.142725 -3.160563
v -5.630078 5.494758 -3.816679
v -6.208763 6.107017 -4.179349
v -6.631422 7.007244 -4.132705
v -6.865866 8.060028 -3.739049
v -6.918817 9.126091 -3.117747
v -6.793429 10.075831 -2.376707
v -6.500139 10.809819 -1.614679
v -6.014373 11.397992 -0.826317
v -5.635169 11.827874 -0.297131
v -5.190893 12.262532 0.138150
v -4.805711 12.734413 0.396189
v -4.462175 13.265303 0.658321
v -4.160254 13.830725 1.136498
v -3.912304 5.875006 0.260465
v -3.961514 5.653166 -0.233383
v -4.095646 5.504985 -0.707005
v -4.371502 5.409484 -1.305645
v -4.825268 5.394876 -2.049741
v -5.384533 5.513595 -2.806141
v -5.942389 5.811261 -3.408527
v -6.383417 6.302011 -3.702518
v -6.654716 6.964389 -3.645592
v -6.834838 7.855171 -3.328112
v -6.880702 8.855396 -2.785811
v -6.762356 9.781187 -2.115308
v -6.483224 10.512753 -1.417977
v -6.010755 11.113807 -0.670484
v -5.632191 11.597573 -0.172306
v -5.177006 12.087823 0.251058
v -4.774613 12.623660 0.497423
v -4.436816 13.194514 0.730409
v -4.151450 13.783746 1.170827
v -3.493915 6.127440 0.534199
v -3.534746 5.618200 -0.277123
v -3.705178 5.452331 -0.810794
v -4.025640 5.349357 -1.461868
v -4.522743 5.336635 -2.237180
v -5.121404 5.462297 -3.009921
v -5.722573 5.774230 -3.627632
v -6.221057 6.302698 -3.940676
v -6.553556 7.042557 -3.881483
v -6.760543 7.982973 -3.531785
v -6.816989 8.998657 -2.956907
v -6.704695 9.924929 -2.257447
v -6.429832 10.649182 -1.534044
v -6.009871 11.246457 -0.747617
v -5.594732 11.695651 -0.257009
v -5.154874 12.159036 0.174090
v -4.769260 12.665368 0.430244
v -4.434111 13.221877 0.683604
v -4.146218 13.804895 1.149020
v -3.953558 4.571643 0.473909
v -3.996152 4.452042 0.079731
v -4.146006 4.342963 -0.496720
v -4.448969 4.300571 -1.187747
v -4.931293 4.351640 -2.001062
v -5.529710 4.546347 -2.828499
v -6.157276 4.946481 -3.525009
v -6.733415 5.632257 -3.942434
v -7.164783 6.655103 -3.933829
v -7.373791 7.809714 -3.544050
v -7.382177 8.944616 -2.921895
v -7.269793 9.807640 -2.243271
v -6.852167 10.731850 -1.413070
v -6.381689 11.326525 -0.700280
v -5.860676 11.812243 -0.104803
v -5.353409 12.269270 0.314169
v -4.911983 12.758712 0.543332
v -4.539164 13.276730 0.757084
v -4.211995 13.820885 1.180727
v -4.261735 4.964774 0.396629
v -4.287777 4.828568 0.018951
v -4.407358 4.720544 -0.484921
v -4.670841 4.667881 -1.111812
v -5.114156 4.698379 -1.882780
v -5.673248 4.865919 -2.677857
v -6.249770 5.225953 -3.335962
v -6.745708 5.827937 -3.703762
v -7.086917 6.690416 -3.682608
v -7.268468 7.732658 -3.336786
v -7.280350 8.817183 -2.761055
v -7.115784 9.798484 -2.060076
v -6.781860 10.571209 -1.332436
v -6.329250 11.173779 -0.646494
v -5.820241 11.680016 -0.064681
v -5.317391 12.165770 0.350109
v -4.875533 12.689663 0.577388
v -4.511100 13.233301 0.782367
v -4.197961 13.795053 1.193248
v -4.253191 5.234709 0.352423
v -4.273430 5.326089 -0.110745
v -4.386499 5.201868 -0.572023
v -4.638754 5.127205 -1.160647
v -5.070239 5.130500 -1.902943
v -5.613114 5.266565 -2.668596
v -6.160761 5.584155 -3.287714
v -6.600735 6.105357 -3.604386
v -6.875642 6.818524 -3.563217
v -7.045228 7.751487 -3.247343
v -7.072633 8.780228 -2.704688
v -6.932635 9.728813 -2.033556
v -6.629039 10.480459 -1.334469
v -6.207543 11.078034 -0.667352
v -5.725600 11.591099 -0.092642
v -5.244323 12.090613 0.323967
v -4.818634 12.633724 0.558371
v -4.468706 13.199247 0.771317
v -4.172882 13.779670 1.189147
v -1.234665 1.916202 0.159492
v -1.166295 2.453350 0.465009
v -1.127221 2.869013 1.184969
v -1.167701 2.526672 1.886553
v -1.235358 1.929337 2.229304
v -1.834552 1.845537 2.387840
v -2.436483 1.751353 2.225978
v -2.884571 1.672770 1.782035
v -3.031175 1.639531 1.189646
v -2.883752 1.662811 0.597890
v -2.435026 1.735349 0.156234
v -1.833304 1.828816 -0.002129
v 0.224346 5.994133 1.502995
v 0.090096 6.194435 1.463601
v 0.002311 6.299383 1.285446
v 0.012413 6.247499 1.072891
v 0.114486 6.069175 0.950448
v 0.328516 5.763783 0.934099
v 0.420547 5.704668 1.380699
v 0.336076 6.122363 1.482086
v 0.216431 6.334902 1.440482
v 0.124443 6.432650 1.265907
v 0.133712 6.380976 1.056935
v 0.238809 6.210152 0.935978
v 0.473536 5.967224 0.963618
v 0.596782 6.033839 1.126852
v 0.559027 5.941403 1.309507
v 0.145083 5.903163 1.517828
v -0.027106 6.064124 1.485049
v -0.110992 6.175749 1.303573
v -0.100116 6.123669 1.087694
v -0.000850 5.938391 0.963872
v 0.144341 5.603665 0.998730
v 0.108600 5.464043 1.188582
v 0.248965 5.575637 1.371277
v -3.645032 6.498817 0.892744
v -3.493509 6.598845 1.116533
v -3.428077 6.741999 1.433768
v -3.533818 6.817703 1.749570
v -3.844108 6.809649 2.019681
v -4.074474 6.626925 2.082190
v -4.348997 6.651721 2.020252
v -4.640301 6.381682 1.740320
v -4.705733 6.238529 1.423086
v -4.599992 6.162827 1.107283
v -4.417501 6.245798 0.881397
v -4.033031 6.457929 0.651681
v -3.692225 6.591353 0.812872
v -3.506811 6.722723 1.041481
v -3.452188 6.900221 1.343346
v -3.569264 7.025527 1.640169
v -3.792844 7.092854 1.869344
v -4.506864 6.869512 1.870151
v -4.679147 6.688126 1.607583
v -4.733770 6.510625 1.305718
v -4.616693 6.385321 1.008895
v -4.392095 6.416855 0.789299
v -4.034456 6.503620 0.656298
v -3.597517 6.405996 0.940396
v -3.480207 6.474970 1.191586
v -3.403965 6.583776 1.524190
v -3.498371 6.609878 1.858972
v -3.738129 6.546275 2.106229
v -4.058995 6.410013 2.199708
v -4.374994 6.237602 2.114361
v -4.601455 6.075240 1.873057
v -4.677696 5.966432 1.540454
v -4.583290 5.940331 1.205671
v -4.419020 6.020336 0.940176
v -4.028520 6.408901 0.637061
v 0.675221 5.130559 0.984423
v 1.014754 4.649872 0.961575
v 1.477776 4.361888 0.866599
v 2.110914 4.361768 0.666376
v 2.843494 4.646587 0.377231
v 3.503342 5.153861 0.055031
v 3.920395 5.813166 -0.243553
v 4.033822 6.593514 -0.499042
v 3.938231 7.532130 -0.747723
v 3.750320 8.665813 -1.008706
v 0.774912 5.212375 1.022355
v 1.121688 4.754276 1.004949
v 1.542002 4.485084 0.911264
v 2.129066 4.481491 0.717025
v 2.838869 4.745695 0.428554
v 3.488155 5.230263 0.103277
v 3.898992 5.864276 -0.198983
v 4.012695 6.618069 -0.459554
v 3.923847 7.541762 -0.718707
v 0.858549 5.291540 1.173868
v 1.178799 4.796815 1.132302
v 1.588564 4.527134 1.025476
v 2.164708 4.519947 0.818716
v 2.867568 4.778383 0.516688
v 3.512204 5.257627 0.176968
v 3.919254 5.887321 -0.140286
v 4.028704 6.637441 -0.415923
v 3.934716 7.555838 -0.689394
v 0.691838 5.180129 1.399392
v 1.058514 4.647460 1.335046
v 1.545921 4.331234 1.193376
v 2.206931 4.323755 0.941941
v 2.948020 4.618031 0.605561
v 3.606923 5.139243 0.238397
v 4.019842 5.819564 -0.106180
v 4.118355 6.624935 -0.405920
v 3.995684 7.566574 -0.688678
v 0.813162 5.269174 1.325865
v 1.152631 4.752571 1.269032
v 1.590188 4.463408 1.142330
v 2.196960 4.454611 0.911879
v 2.912780 4.725503 0.590007
v 3.561399 5.219926 0.232937
v 3.969312 5.868801 -0.101846
v 4.072470 6.640286 -0.393707
v 3.964472 7.566117 -0.676956
v 0.580588 5.061104 1.041775
v 0.920637 4.544761 1.027589
v 1.433509 4.229714 0.917644
v 2.120884 4.230912 0.696437
v 2.878735 4.539114 0.392785
v 3.548866 5.073178 0.060491
v 3.970927 5.763930 -0.247888
v 4.079708 6.578165 -0.511255
v 3.969444 7.532587 -0.759445
v 0.508509 5.019149 1.209948
v 0.894469 4.500517 1.164320
v 1.435133 4.165987 1.034499
v 2.153137 4.165576 0.789600
v 2.923947 4.486235 0.466103
v 3.598062 5.035475 0.116460
v 4.020985 5.745409 -0.209448
v 4.123474 6.581010 -0.489040
v 3.999200 7.542865 -0.747007
v 0.565647 5.076565 1.351378
v 0.951581 4.543057 1.291673
v 1.481696 4.208038 1.148710
v 2.188779 4.204033 0.891291
v 2.952646 4.518923 0.554238
v 3.622109 5.062841 0.190151
v 4.041246 5.768454 -0.150751
v 4.139481 6.600383 -0.445408
v 4.010068 7.556944 -0.717695
v -3.874800 7.005877 2.526485
v -3.877790 7.242500 3.031533
v -3.850503 7.500012 3.446021
v -3.778300 7.781764 3.709621
v -3.648036 8.093216 3.773818
v -3.450000 8.445274 3.616105
v -3.201894 8.833818 3.285094
v -2.936915 9.238194 2.854328
v -2.686497 9.641904 2.399900
v -2.481108 10.030146 1.997197
v -2.343534 10.392503 1.704700
v -2.267831 10.730137 1.516564
v -2.240130 11.045598 1.409685
v -2.245130 11.340590 1.358621
v -2.269903 11.621149 1.336280
v -4.088288 6.825005 2.567625
v -4.076165 7.081071 3.085949
v -4.032009 7.363155 3.520616
v -3.934686 7.691794 3.824435
v -3.746626 8.110916 3.934463
v -3.479721 8.564480 3.752215
v -3.207185 8.971123 3.386250
v -2.935300 9.367254 2.934577
v -2.683852 9.754668 2.466937
v -2.480296 10.122423 2.055753
v -2.346309 10.460329 1.758088
v -2.273296 10.772529 1.563425
v -2.245830 11.065821 1.445679
v -2.248708 11.346663 1.379166
v -3.832969 7.307298 2.448411
v -3.838933 7.518422 2.948769
v -3.816295 7.743279 3.346472
v -3.756572 7.971199 3.574264
v -3.669802 8.171130 3.597326
v -3.525938 8.417219 3.465291
v -3.290238 8.778408 3.170388
v -3.021144 9.180342 2.762824
v -2.761121 9.589109 2.324635
v -2.543609 9.985919 1.934180
v -2.392514 10.359511 1.651406
v -2.303569 10.709001 1.473386
v -2.263682 11.034915 1.378487
v -2.257509 11.336916 1.341374
v -4.348376 6.870636 2.547730
v -4.317852 7.128696 3.080142
v -4.254489 7.412879 3.526558
v -4.134121 7.753994 3.851449
v -3.907821 8.213861 3.985158
v -3.597692 8.705008 3.793890
v -3.303013 9.109888 3.414601
v -3.017246 9.491920 2.956562
v -2.754735 9.861349 2.486475
v -2.541649 10.208701 2.075547
v -2.399213 10.523254 1.780295
v -2.316764 10.811348 1.586517
v -2.277443 11.083738 1.465384
v -2.266147 11.351575 1.390972
v -4.502707 7.116039 2.478456
v -4.461274 7.357479 3.017513
v -4.387617 7.620057 3.460369
v -4.259778 7.931928 3.774838
v -4.037192 8.341747 3.896206
v -3.734805 8.784544 3.716716
v -3.433242 9.168833 3.353537
v -3.134750 9.539165 2.907403
v -2.857624 9.899457 2.447069
v -2.629225 10.238441 2.044982
v -2.471256 10.544425 1.758312
v -2.372770 10.823854 1.572313
v -2.316450 11.088855 1.457257
v -2.287231 11.352450 1.387124
v -3.987300 7.552704 2.379138
v -3.982356 7.747204 2.886140
v -3.949423 7.950457 3.280282
v -3.882230 8.149133 3.497653
v -3.799174 8.299015 3.508373
v -3.663052 8.496752 3.388117
v -3.420469 8.837351 3.109324
v -3.138649 9.227585 2.713666
v -2.864010 9.627214 2.285230
v -2.631186 10.015661 1.903616
v -2.464556 10.380683 1.629424
v -2.359575 10.721505 1.459182
v -2.302689 11.040033 1.370361
v -2.278593 11.337791 1.337526
v -4.247388 7.598332 2.359243
v -4.224043 7.794829 2.880333
v -4.171903 8.000181 3.286225
v -4.081665 8.211332 3.524667
v -3.960368 8.401960 3.559069
v -3.781022 8.637281 3.429792
v -3.516296 8.976118 3.137675
v -3.220595 9.352252 2.735651
v -2.934894 9.733896 2.304769
v -2.692538 10.101939 1.923410
v -2.517460 10.443611 1.651631
v -2.403043 10.760324 1.482275
v -2.334302 11.057950 1.390066
v -2.296031 11.342703 1.349333
v -4.460876 7.417460 2.400383
v -4.422418 7.633399 2.934750
v -4.353410 7.863322 3.360819
v -4.238051 8.121363 3.639482
v -4.058958 8.419659 3.719715
v -3.810743 8.756489 3.565903
v -3.521587 9.113422 3.238832
v -3.218979 9.481312 2.815900
v -2.932248 9.846663 2.371805
v -2.691726 10.194217 1.981966
v -2.520235 10.511435 1.705019
v -2.408508 10.802715 1.529135
v -2.340002 11.078173 1.426060
v -2.299610 11.348774 1.369877
v -7.032047 9.818962 -2.740250
v -6.856123 9.600962 -2.747227
v -6.760842 9.461793 -2.607177
v -6.821529 9.318292 -2.450560
v -7.002634 9.254520 -2.369122
v -7.198067 9.307834 -2.410565
v -7.291563 9.539044 -2.563276
v -7.166313 9.623371 -2.718039
v -6.967414 10.011231 -2.616899
v -6.824776 9.838397 -2.561967
v -6.732768 9.693360 -2.432312
v -6.791943 9.549739 -2.282934
v -6.967635 9.491667 -2.201339
v -7.156925 9.553159 -2.235321
v -7.334424 9.615366 -2.366621
v -5.972135 11.690469 -0.574826
v -5.886900 11.603459 -0.627142
v -5.833591 11.469183 -0.536725
v -5.849180 11.336449 -0.461574
v -5.966571 11.334567 -0.379997
v -6.074745 11.426896 -0.355587
v -6.121182 11.569382 -0.402541
v -6.078680 11.678557 -0.493353
v -6.093297 11.577306 -0.727654
v -5.939721 11.518148 -0.696589
v -6.087057 11.206301 -0.523674
v -6.201998 11.300336 -0.501041
v -6.251436 11.447954 -0.551410
v -6.206411 11.562677 -0.645277
v -1.022318 9.684415 -2.244910
v -0.996866 9.746152 -2.056863
v -1.013286 9.907588 -1.912614
v -1.067176 10.125483 -1.850817
v -1.144097 10.341442 -1.888029
v -1.223437 10.497600 -2.014280
v -1.268684 10.567811 -2.118834
v -1.303702 10.317802 -2.576836
v -1.239081 10.111048 -2.589831
v -1.162160 9.895092 -2.552620
v -1.082820 9.738932 -2.426370
v -1.199164 9.587262 -2.223334
v -1.164329 9.654969 -2.031164
v -1.174899 9.824616 -1.883712
v -1.228041 10.050737 -1.820487
v -1.309515 10.272754 -1.858431
v -1.397492 10.431169 -1.987376
v -1.536646 10.576987 -2.182879
v -1.609248 10.466479 -2.314361
v -1.572509 10.404049 -2.487378
v -1.439520 10.020058 -2.575618
v -1.358046 9.798045 -2.537674
v -1.270070 9.639632 -2.408730
v -0.845472 9.781569 -2.266486
v -0.829403 9.837325 -2.082561
v -0.851672 9.990562 -1.941517
v -0.906311 10.200219 -1.881147
v -0.978678 10.410131 -1.917628
v -1.049383 10.564030 -2.041184
v -0.980830 10.647465 -2.187211
v -0.930127 10.621595 -2.416003
v -0.942080 10.489896 -2.551035
v -1.038641 10.202038 -2.604047
v -0.966275 9.992137 -2.567566
v -0.895571 9.838232 -2.444011
v 0.774540 11.877905 -1.540921
v 0.720291 11.834327 -1.475437
v 0.638401 11.831303 -1.433011
v 0.550815 11.869649 -1.425011
v 0.481000 11.939085 -1.453580
v 0.447663 12.021006 -1.511065
v 0.459737 12.093461 -1.582061
v 0.513986 12.137041 -1.647545
v 0.595876 12.140065 -1.689971
v 0.682788 12.133480 -1.716563
v 0.786804 11.894245 -1.561520
v 0.764592 11.711577 -1.703030
v 0.709770 11.674188 -1.625950
v 0.625463 11.680158 -1.573433
v 0.534263 11.727889 -1.559550
v 0.460607 11.804593 -1.588024
v 0.424229 11.889714 -1.651223
v 0.434877 11.960445 -1.732213
v 0.489699 11.997838 -1.809294
v 0.574006 11.991870 -1.861812
v 0.680549 11.962407 -1.860083
v 0.735691 11.870748 -1.844667
v 0.774897 11.770434 -1.747408
v 0.784488 12.044232 -1.378811
v 0.730812 11.994463 -1.324923
v 0.651339 11.982450 -1.292589
v 0.567366 12.011407 -1.290470
v 0.501393 12.073576 -1.319137
v 0.471097 12.152299 -1.370906
v 0.484596 12.226481 -1.431907
v 0.538273 12.276246 -1.485794
v 0.617745 12.288262 -1.518130
v 0.708214 12.163095 -1.632944
v 0.763834 12.177999 -1.503863
v 0.791569 12.069430 -1.404717
v -1.511651 10.802800 -2.160580
v -1.807711 11.094699 -2.192233
v -2.042356 11.392593 -2.252766
v -2.188963 11.707502 -2.358219
v -2.211930 12.042561 -2.524989
v -2.090137 12.385447 -2.753969
v -1.867573 12.721889 -3.009481
v -1.595321 13.050685 -3.257186
v -1.321244 13.365155 -3.461751
v -1.094173 13.654729 -3.586624
v -0.951936 13.907937 -3.604083
v -0.878357 14.136088 -3.518619
v -0.848324 14.366822 -3.325711
v -0.850829 14.602334 -3.017811
v -0.872082 14.841224 -2.602203
v -1.426213 10.919020 -2.271656
v -1.727928 11.202310 -2.295447
v -1.952227 11.473133 -2.346100
v -2.083953 11.743737 -2.435448
v -2.102366 12.018162 -2.574086
v -1.997673 12.318058 -2.774309
v -1.793719 12.644564 -3.016276
v -1.534760 12.976984 -3.259071
v -1.270079 13.300636 -3.462653
v -1.049252 13.603292 -3.588618
v -0.910596 13.874464 -3.607167
v -0.842946 14.120069 -3.519146
v -0.823241 14.359994 -3.323510
v -0.837379 14.599346 -3.015892
v -1.417487 10.929379 -2.440914
v -1.715388 11.207316 -2.452600
v -1.930183 11.465718 -2.490009
v -2.049515 11.712926 -2.562145
v -2.062115 11.953551 -2.675908
v -1.965354 12.231267 -2.851058
v -1.769661 12.557643 -3.078347
v -1.514861 12.899054 -3.312365
v -1.251108 13.235850 -3.509933
v -1.027997 13.555747 -3.631414
v -0.883692 13.851326 -3.644471
v -0.814303 14.121671 -3.543764
v -0.801540 14.370790 -3.334267
v -0.825680 14.607248 -3.019285
v -1.602686 10.673810 -2.581374
v -1.877730 10.959619 -2.582814
v -2.094555 11.253402 -2.612102
v -2.219891 11.551084 -2.681570
v -2.229449 11.856481 -2.803199
v -2.110553 12.184431 -2.987244
v -1.889871 12.534473 -3.211792
v -1.613023 12.888838 -3.436471
v -1.328827 13.235212 -3.621904
v -1.085133 13.565149 -3.729924
v -0.918542 13.876285 -3.727082
v -0.830641 14.164206 -3.601922
v -0.809706 14.413332 -3.365550
v -0.829912 14.633538 -3.032105
v -1.490585 10.827813 -2.569202
v -1.777439 11.106792 -2.571630
v -1.989138 11.374705 -2.600189
v -2.105823 11.633130 -2.664092
v -2.114754 11.886584 -2.770810
v -2.012109 12.175919 -2.939260
v -1.809487 12.512044 -3.159332
v -1.547277 12.862544 -3.385846
v -1.275441 13.208754 -3.575898
v -1.042859 13.539950 -3.689944
v -0.886982 13.852082 -3.694140
v -0.809205 14.139952 -3.578050
v -0.795934 14.392881 -3.351680
v -0.822587 14.621408 -3.026000
v -1.623753 10.648799 -2.172750
v -1.908003 10.947524 -2.203415
v -2.147774 11.271294 -2.264678
v -2.303032 11.625461 -2.375696
v -2.326625 12.012461 -2.557378
v -2.188580 12.393965 -2.801954
v -1.947955 12.744321 -3.061940
v -1.661065 13.076982 -3.307812
v -1.374628 13.391616 -3.507758
v -1.136445 13.679932 -3.626604
v -0.983494 13.932142 -3.637024
v -0.899791 14.160342 -3.542490
v -0.862096 14.387274 -3.339579
v -0.858153 14.614465 -3.023915
v -1.696851 10.547229 -2.301039
v -1.970054 10.847001 -2.322446
v -2.206729 11.180280 -2.374859
v -2.359340 11.545662 -2.477643
v -2.379265 11.945491 -2.652280
v -2.235336 12.338615 -2.890155
v -1.987782 12.698722 -3.142925
v -1.693481 13.040472 -3.381293
v -1.398962 13.364519 -3.573722
v -1.151308 13.664134 -3.685136
v -0.986785 13.932899 -3.686694
v -0.894694 14.178624 -3.576776
v -0.856490 14.409365 -3.356993
v -0.855061 14.628628 -3.030631
v -1.688124 10.557589 -2.470297
v -1.957513 10.852009 -2.479599
v -2.184684 11.172868 -2.518766
v -2.324902 11.514853 -2.604340
v -2.339013 11.880881 -2.754102
v -2.203017 12.251825 -2.966904
v -1.963722 12.611800 -3.204996
v -1.673582 12.962541 -3.434585
v -1.379990 13.299734 -3.621003
v -1.130053 13.616590 -3.727931
v -0.959881 13.909761 -3.723997
v -0.866051 14.180223 -3.601393
v -0.834789 14.420160 -3.367750
v -0.843363 14.636526 -3.034023
v 0.911986 12.171564 -1.692617
v 1.227754 12.253432 -1.700480
v 1.521327 12.358706 -1.724300
v 1.758068 12.492988 -1.773469
v 1.922075 12.663301 -1.854420
v 2.012497 12.877378 -1.971300
v 2.053792 13.138765 -2.119603
v 2.063272 13.430959 -2.282863
v 2.062521 13.732217 -2.440785
v 2.076224 14.022945 -2.573870
v 2.127628 14.288653 -2.667472
v 2.229432 14.528274 -2.724157
v 2.389814 14.744295 -2.752049
v 2.615973 14.942343 -2.760808
v 2.917387 15.129676 -2.759927
v 0.896833 12.185191 -1.609992
v 1.227235 12.268934 -1.622763
v 1.524081 12.374104 -1.652695
v 1.765782 12.509649 -1.708567
v 1.935919 12.683988 -1.797727
v 2.030251 12.904226 -1.924400
v 2.071003 13.167855 -2.080705
v 2.078494 13.458179 -2.249694
v 2.075620 13.755094 -2.411963
v 2.087202 14.039724 -2.548563
v 2.136086 14.298048 -2.645410
v 2.234753 14.531446 -2.706239
v 2.392256 14.744243 -2.739398
v 2.616720 14.941670 -2.753974
v 0.891344 12.123155 -1.542594
v 1.239511 12.214920 -1.558935
v 1.542101 12.326419 -1.594139
v 1.793031 12.471116 -1.656505
v 1.974814 12.660310 -1.755268
v 2.076300 12.899970 -1.894892
v 2.115132 13.175583 -2.060828
v 2.117561 13.469864 -2.235022
v 2.109216 13.765942 -2.399775
v 2.115345 14.046531 -2.537238
v 2.158285 14.298438 -2.634222
v 2.250043 14.526120 -2.696084
v 2.400738 14.736959 -2.731777
v 2.620157 14.936505 -2.749773
v 0.914669 11.940483 -1.579354
v 1.270396 12.047083 -1.592466
v 1.578955 12.174108 -1.625640
v 1.840190 12.337849 -1.687502
v 2.035290 12.553187 -1.789628
v 2.144614 12.824856 -1.936879
v 2.180123 13.123999 -2.106747
v 2.175136 13.432353 -2.279675
v 2.158706 13.736900 -2.439932
v 2.156788 14.022462 -2.570990
v 2.191463 14.276700 -2.660475
v 2.274113 14.505594 -2.714822
v 2.415320 14.719498 -2.743920
v 2.626652 14.925657 -2.756126
v 0.898731 12.021793 -1.529903
v 1.257389 12.123025 -1.546385
v 1.564831 12.243576 -1.582932
v 1.823853 12.399952 -1.647780
v 2.015975 12.606127 -1.751912
v 2.123672 12.867089 -1.900061
v 2.160333 13.157413 -2.071615
v 2.157594 13.459164 -2.247440
v 2.143633 13.758404 -2.411360
v 2.144170 14.039380 -2.546528
v 2.181225 14.289596 -2.640462
v 2.266348 14.515410 -2.699639
v 2.410292 14.726708 -2.733650
v 2.624271 14.929872 -2.750664
v 0.927923 12.090255 -1.742068
v 1.240761 12.177490 -1.746560
v 1.535450 12.289238 -1.767008
v 1.774406 12.430885 -1.813190
v 1.941390 12.610360 -1.892135
v 2.033440 12.835144 -2.008118
v 2.073583 13.105351 -2.154736
v 2.080815 13.404149 -2.315098
v 2.077594 13.710714 -2.469357
v 2.088843 14.006027 -2.598332
v 2.137867 14.275758 -2.687485
v 2.237197 14.518455 -2.739341
v 2.394842 14.737082 -2.762320
v 2.618353 14.938124 -2.766269
v 0.935311 11.988893 -1.729377
v 1.258639 12.085595 -1.734011
v 1.558180 12.206397 -1.755802
v 1.805227 12.359722 -1.804464
v 1.982550 12.556180 -1.888780
v 2.080812 12.802266 -2.013287
v 2.118782 13.087185 -2.165523
v 2.120845 13.393452 -2.327517
v 2.112010 13.703176 -2.480942
v 2.117666 13.998875 -2.607621
v 2.160805 14.266912 -2.693725
v 2.253499 14.507743 -2.742896
v 2.404394 14.726831 -2.764192
v 2.622464 14.931488 -2.767161
v 0.929821 11.926857 -1.661979
v 1.270915 12.031582 -1.670183
v 1.576200 12.158710 -1.697245
v 1.832476 12.321188 -1.752402
v 2.021445 12.532499 -1.846320
v 2.126861 12.798007 -1.983778
v 2.162911 13.094910 -2.145645
v 2.159914 13.405135 -2.312844
v 2.145607 13.714023 -2.468754
v 2.145810 14.005682 -2.596296
v 2.183005 14.267304 -2.682537
v 2.268790 14.502416 -2.732740
v 2.412877 14.719546 -2.756571
v 2.625901 14.926324 -2.762959
v 0.869042 0.395511 1.895683
v 1.428206 0.447675 1.898684
v 1.850255 0.431055 2.007626
v 2.407465 0.191526 2.169890
v 3.251474 -0.387394 2.176367
v 4.302990 -1.199002 1.777911
v 5.421372 -1.780504 1.196699
v 6.510771 -1.657416 0.745554
v 7.451406 -0.937979 0.558803
v 8.279900 -0.377026 0.505456
v 0.898689 0.026933 1.260916
v 1.490441 0.120435 1.336151
v 1.991184 0.133915 1.536267
v 2.495754 -0.051278 1.751448
v 3.211420 -0.510513 1.797011
v 4.185167 -1.224421 1.484012
v 5.314883 -1.786730 0.981734
v 6.454965 -1.665964 0.593022
v 7.438360 -0.937082 0.474617
v 0.819008 1.200119 2.128989
v 1.421010 1.164748 2.108945
v 1.863947 1.057228 2.196965
v 3.435623 -0.034305 2.369614
v 4.500401 -0.957542 1.926882
v 5.558136 -1.588577 1.314572
v 6.545241 -1.511967 0.849939
v 7.432997 -0.873865 0.623083
v 0.761229 0.569997 0.418588
v 1.697253 0.598864 0.757996
v 2.204181 0.339868 1.059004
v 2.727754 0.107008 1.361510
v 3.338926 -0.331540 1.453768
v 4.215949 -1.018909 1.217345
v 5.301047 -1.603607 0.795600
v 6.410516 -1.532603 0.481694
v 7.401503 -0.871697 0.419839
v 0.563162 1.061095 0.317628
v 1.886900 1.101919 0.797623
v 2.364475 0.928270 0.855410
v 2.967562 0.573660 1.228496
v 3.559299 0.044683 1.347704
v 4.377306 -0.702853 1.134122
v 5.387970 -1.338407 0.747332
v 6.403458 -1.335453 0.476784
v 7.362420 -0.780130 0.426557
v 0.769788 2.252789 1.159776
v 1.553887 2.105886 1.258486
v 2.237238 1.851582 1.516108
v 2.986413 1.318125 1.848767
v 3.783502 0.520891 1.920306
v 4.692539 -0.435973 1.576993
v 5.631223 -1.140254 1.080170
v 6.493733 -1.181456 0.733701
v 7.357057 -0.716914 0.575022
v 0.777895 1.969428 1.824166
v 1.473070 1.851601 1.843767
v 2.024241 1.645629 1.993371
v 2.754414 1.159839 2.238705
v 3.655996 0.341918 2.263550
v 4.661756 -0.641485 1.843659
v 5.645057 -1.323376 1.266304
v 6.538182 -1.314818 0.845029
v 7.393914 -0.782298 0.629801
v 0.752809 1.564150 0.357256
v 1.688833 1.593017 0.696664
v 2.378168 1.554442 1.044749
v 3.074702 1.075322 1.430325
v 3.743448 0.397772 1.540951
v 4.574715 -0.461392 1.283093
v 5.524734 -1.146479 0.865205
v 6.437928 -1.190003 0.581169
v 7.344010 -0.716016 0.490836
v -0.901876 0.471342 -0.276353
v -1.389041 0.197731 -0.326434
v -0.753816 0.999471 -0.158627
v -1.929937 0.338915 -0.279532
v -2.207714 0.812190 -0.163123
v -1.572489 1.613930 0.004684
v -1.031593 1.472746 -0.042218
v -2.059654 1.340319 -0.045397
v -2.440771 0.226874 2.247789
v -1.981950 0.195629 2.518470
v -2.735896 0.625109 2.050123
v -1.628204 0.549677 2.703606
v -1.586752 1.081621 2.694746
v -2.340698 1.511101 2.226399
v -2.694444 1.157054 2.041264
v -1.881877 1.479856 2.497081
v -2.364889 0.324081 0.110057
v -2.578603 0.104853 0.524332
v -2.320998 0.806603 -0.064885
v -2.836949 0.277340 0.935263
v -2.988591 0.740501 1.102133
v -2.730986 1.442250 0.512915
v -2.472640 1.269764 0.101984
v -2.944700 1.223022 0.927190
v 0.512418 0.372286 1.981945
v 0.197610 1.136847 2.217433
v -0.194903 2.248050 1.855360
v -0.178717 2.560901 1.172372
v -0.183430 2.168780 0.495009
v 0.202501 1.033826 0.177205
v 0.526091 0.283759 0.475136
v 0.671502 0.049002 1.258678
v 0.334106 0.360674 2.025075
v -0.113088 1.105211 2.261655
v -0.681302 2.387361 1.870957
v -0.652969 2.714957 1.178671
v -0.674863 2.311065 0.480009
v -0.120984 1.010938 0.119955
v 0.343845 0.270492 0.414441
v 0.557908 0.060036 1.257559
v 0.690730 0.383898 1.938814
v 0.508309 1.168483 2.173211
v 0.291496 2.108739 1.839763
v 0.295536 2.406845 1.166074
v 0.308002 2.026495 0.510009
v 0.525985 1.056715 0.234454
v 0.708336 0.297026 0.535831
v 0.785095 0.037967 1.259797
v -1.665227 0.624405 -1.443286
v -2.114561 0.649080 -2.042922
v -2.101028 0.675109 -2.499521
v -1.720491 0.694714 -3.018728
v -1.040045 0.673036 -3.484118
v -0.340425 0.578662 -3.481429
v 0.265118 0.395995 -2.918268
v 1.015510 0.125606 -2.000556
v 1.843853 -0.127548 -1.230651
v 2.805233 -0.292296 -1.074711
v 3.649930 -0.368516 -1.530213
v 4.158590 -0.428632 -2.238394
v 4.291011 -0.532053 -2.949348
v 4.149775 -0.632059 -3.618820
v 3.874449 -0.652770 -4.250469
v -2.030179 0.323590 -1.217784
v -2.445757 0.368997 -1.821639
v -2.468626 0.416323 -2.481661
v -2.007612 0.456366 -3.195433
v -1.221217 0.452484 -3.728665
v -0.382825 0.366242 -3.741983
v 0.353306 0.179157 -3.108774
v 1.119247 -0.073724 -2.140616
v 1.921556 -0.294809 -1.364293
v 2.804392 -0.416003 -1.219884
v 3.582528 -0.458176 -1.635306
v 4.077366 -0.492692 -2.292377
v 4.222092 -0.571146 -2.957557
v 4.112459 -0.650235 -3.609083
v -1.569816 1.139227 -1.462958
v -2.045044 1.128781 -2.089368
v -2.023872 1.118336 -2.503269
v -1.659454 1.101632 -2.984609
v -0.990822 1.043747 -3.446442
v -0.288111 0.911963 -3.450098
v 0.327816 0.689344 -2.885045
v 1.074031 0.381756 -1.967801
v 1.892287 0.093478 -1.204651
v 2.837294 -0.105090 -1.057226
v 3.674558 -0.217469 -1.515907
v 4.184008 -0.314864 -2.233303
v 4.314320 -0.456436 -2.958538
v 4.162400 -0.592550 -3.628685
v -2.450889 0.412993 -0.918548
v -2.844622 0.452602 -1.555144
v -2.911330 0.493571 -2.460154
v -2.278022 0.307649 -3.361360
v -1.428209 0.511289 -4.036829
v -0.390475 0.399137 -4.079129
v 0.540720 0.165852 -3.344967
v 1.324472 -0.099469 -2.305933
v 2.079876 -0.310327 -1.527289
v 2.835262 -0.403746 -1.407703
v 3.511836 -0.433927 -1.769623
v 3.987916 -0.469518 -2.363629
v 4.147933 -0.550815 -2.978360
v 4.072309 -0.636431 -3.605180
v -2.680909 0.840245 -0.720868
v -3.077507 0.850919 -1.399545
v -3.169811 0.861602 -2.447595
v -1.539769 0.815002 -4.228094
v -0.358893 0.658077 -4.295372
v 0.717576 0.363872 -3.488489
v 1.510969 0.063452 -2.399668
v 2.226071 -0.165011 -1.624161
v 2.879760 -0.262706 -1.528148
v 3.479262 -0.309974 -1.854482
v 3.942637 -0.372686 -2.410410
v 4.111975 -0.482969 -2.999565
v 4.052848 -0.598732 -3.609393
v -2.220546 1.655882 -0.966042
v -2.676795 1.610704 -1.667274
v -2.725057 1.563615 -2.469203
v -2.205268 1.508599 -3.328837
v -1.309374 1.406265 -3.945870
v -0.264178 1.203797 -4.003485
v 0.692086 0.874059 -3.264759
v 1.465752 0.518932 -2.226852
v 2.196802 0.223276 -1.464517
v 2.912663 0.048207 -1.365488
v 3.571293 -0.069267 -1.735082
v 4.049281 -0.194858 -2.351336
v 4.204204 -0.368259 -3.000545
v 4.102790 -0.541047 -3.628995
v -1.799837 1.566479 -1.265278
v -2.277930 1.527099 -1.933770
v -2.282353 1.486367 -2.490711
v -1.860255 1.438755 -3.113060
v -1.102382 1.347461 -3.637705
v -0.256529 1.170902 -3.666339
v 0.504672 0.887364 -3.028565
v 1.260526 0.544677 -2.061535
v 2.038482 0.238794 -1.301521
v 2.881793 0.035951 -1.177668
v 3.641986 -0.093516 -1.600765
v 4.138731 -0.218031 -2.280085
v 4.278363 -0.388591 -2.979744
v 4.142939 -0.554851 -3.632900
v -2.585498 1.355067 -0.740540
v -3.007991 1.330621 -1.445991
v -3.092655 1.304828 -2.451344
v -2.524877 1.449150 -3.487538
v -1.490546 1.185714 -4.190417
v -0.306579 0.991378 -4.264039
v 0.780273 0.657221 -3.455265
v 1.569489 0.319601 -2.366912
v 2.274504 0.056015 -1.598159
v 2.911820 -0.075500 -1.510661
v 3.503891 -0.158927 -1.840175
v 3.968056 -0.258918 -2.405319
v 4.135283 -0.407352 -3.008755
v 4.065473 -0.559223 -3.619258
v -3.024165 0.408351 -0.203324
v -3.671362 0.432104 -0.400204
v -4.310387 0.441859 -0.492268
v -4.930540 0.430379 -0.410419
v -5.483669 0.393320 -0.104134
v -5.895205 0.339827 0.374844
v -6.153829 0.277073 0.962099
v -6.259512 0.209409 1.610950
v -6.260643 0.142092 2.249307
v -6.260847 0.078475 2.797620
v -6.353280 0.022081 3.183959
v -6.597021 -0.023428 3.357027
v -7.028316 -0.088025 3.401573
v -7.617172 -0.185262 3.340387
v -8.281635 -0.318951 3.222199
v -3.243318 0.203430 0.172796
v -3.804404 0.238669 -0.019665
v -4.374224 0.264441 -0.124671
v -4.884329 0.272949 -0.068624
v -5.319546 0.261823 0.169529
v -5.667792 0.234134 0.559017
v -5.909905 0.193875 1.064010
v -6.027593 0.145329 1.645948
v -6.057629 0.091830 2.249263
v -6.090863 0.036277 2.798207
v -6.221412 -0.018171 3.214172
v -6.533134 -0.069789 3.429482
v -7.016774 -0.127916 3.461791
v -7.617753 -0.208029 3.372230
v -2.913241 0.859605 -0.328032
v -3.625942 0.853916 -0.541410
v -4.296890 0.830967 -0.630441
v -4.968648 0.784871 -0.539365
v -5.577432 0.710304 -0.203377
v -6.018749 0.619275 0.316084
v -6.284585 0.520505 0.940876
v -6.383406 0.418413 1.620199
v -6.369136 0.319216 2.273731
v -6.351796 0.226444 2.820177
v -6.424729 0.143577 3.191415
v -6.637057 0.075001 3.343268
v -7.043909 -0.017812 3.388243
v -7.623859 -0.147335 3.333347
v -3.442322 0.364883 0.580003
v -3.947135 0.386923 0.377293
v -4.451008 0.402642 0.257015
v -4.857085 0.404800 0.285800
v -5.181201 0.392843 0.457303
v -5.469727 0.364111 0.760717
v -5.695702 0.319646 1.186912
v -5.823503 0.263710 1.704691
v -5.879018 0.197875 2.273624
v -5.941420 0.124568 2.821595
v -6.106372 0.046402 3.264356
v -6.482822 -0.036923 3.518190
v -7.016047 -0.114117 3.533622
v -7.625260 -0.202301 3.410224
v -3.504604 0.798132 0.779759
v -4.015944 0.790021 0.558138
v -4.495758 0.775506 0.429204
v -4.864766 0.748696 0.445237
v -5.149676 0.709630 0.590614
v -5.417031 0.653618 0.861790
v -5.636694 0.580712 1.258808
v -5.766794 0.495206 1.752769
v -5.829438 0.398106 2.308120
v -5.900059 0.291629 2.854081
v -6.075550 0.177973 3.305112
v -6.475555 0.055916 3.571186
v -7.026557 -0.054712 3.574989
v -7.635296 -0.171432 3.432112
v -3.174528 1.454308 0.278931
v -3.837482 1.405268 0.036394
v -4.418424 1.342033 -0.076566
v -4.949084 1.260618 -0.025504
v -5.407562 1.158110 0.217708
v -5.767986 1.038759 0.618857
v -6.011373 0.907342 1.135674
v -6.122607 0.768290 1.727020
v -6.140945 0.625492 2.332587
v -6.160993 0.481796 2.876050
v -6.278866 0.339721 3.282354
v -6.579478 0.200705 3.484971
v -7.053691 0.055392 3.501441
v -7.641403 -0.110738 3.393229
v -2.975523 1.292855 -0.128276
v -3.694751 1.257014 -0.360565
v -4.341640 1.203832 -0.458252
v -4.976329 1.128767 -0.379929
v -5.545907 1.027090 -0.070066
v -5.966053 0.908782 0.417157
v -6.225577 0.781571 1.012773
v -6.326697 0.649909 1.668276
v -6.319555 0.519448 2.308226
v -6.310435 0.393505 2.852663
v -6.393906 0.275148 3.232171
v -6.629789 0.167840 3.396263
v -7.054419 0.041594 3.429610
v -7.633894 -0.116466 3.355236
v -3.393681 1.249387 0.655051
v -3.970525 1.211833 0.416933
v -4.482261 1.164615 0.291031
v -4.902873 1.103188 0.316290
v -5.243438 1.026614 0.491371
v -5.540574 0.933066 0.803030
v -5.767450 0.824144 1.237585
v -5.890687 0.704210 1.762017
v -5.937932 0.575231 2.332543
v -5.991009 0.439598 2.876638
v -6.146999 0.299469 3.312568
v -6.515591 0.154345 3.557426
v -7.042150 0.015501 3.561659
v -7.641983 -0.133505 3.425073
v -1.380268 0.683875 -3.251423
v -1.325138 1.072690 -3.215525
v -1.481318 1.393108 -3.375382
v -1.757321 1.457432 -3.637353
v -2.204958 1.309970 -3.771018
v -2.000142 0.917981 -3.851482
v -2.030406 0.502806 -3.681796
v -1.614414 0.454425 -3.462049
v -1.910760 0.684911 -2.759124
v -1.841663 1.109984 -2.743939
v -2.071304 1.462561 -2.801885
v -2.465163 1.536107 -2.899020
v -2.932574 1.279411 -2.809223
v -2.986284 0.850210 -2.722506
v -2.754635 0.470200 -2.769017
v -2.238119 0.436345 -2.838547
v 1.639230 0.439365 1.953155
v 1.642479 1.110988 2.152955
v 1.748656 1.748615 1.918569
v 1.895563 1.978734 1.387297
v 2.103831 1.635155 0.919182
v 2.097659 0.976259 0.722312
v 1.976329 0.352414 0.948076
v 1.740812 0.127175 1.436209
v 1.148624 0.421593 1.897184
v 1.120009 1.182433 2.118967
v 1.125483 1.910514 1.833966
v 1.161838 2.179337 1.209131
v 1.219077 1.784480 0.514257
v 1.230985 0.378535 0.600994
v 1.194565 0.073684 1.298534
v 0.923078 0.688442 -0.009151
v 0.924012 0.690950 0.024045
v 0.930178 0.704098 -0.034332
v 0.921148 0.711556 -0.054861
v 0.858396 0.681782 -0.115847
v 0.667722 0.567308 -0.229707
v 0.363414 0.378198 -0.365853
v 0.018033 0.158338 -0.511230
v -0.309726 -0.059401 -0.675910
v -0.571233 -0.249902 -0.878961
v -0.725835 -0.394795 -1.146130
v -0.748655 -0.472623 -1.455409
v -0.668931 -0.485388 -1.751993
v -0.538213 -0.462446 -2.030402
v -0.383302 -0.419097 -2.300214
v 0.695981 1.136530 0.024779
v 0.724474 1.112408 -0.014733
v 0.745027 1.091847 -0.082139
v 0.746040 1.062744 -0.113356
v 0.690502 0.995231 -0.179188
v 0.509691 0.845348 -0.290832
v 0.219243 0.623608 -0.421542
v -0.110403 0.372351 -0.560664
v -0.421629 0.123715 -0.718897
v -0.666303 -0.097547 -0.915611
v -0.803861 -0.273244 -1.177026
v -0.808529 -0.381250 -1.480680
v -0.709754 -0.423272 -1.770289
v -0.559975 -0.429234 -2.040495
v 1.386036 0.515709 0.087496
v 1.364051 0.534706 0.054029
v 1.332373 0.550440 -0.073619
v 1.261196 0.544527 -0.172697
v 1.120471 0.494792 -0.279561
v 0.867970 0.374288 -0.398998
v 0.528964 0.197819 -0.521318
v 0.163059 -0.000055 -0.647686
v -0.176942 -0.190169 -0.790669
v -0.443009 -0.346957 -0.966895
v -0.597851 -0.451530 -1.193229
v -0.639783 -0.499312 -1.458066
v -0.595557 -0.498803 -1.734789
v -0.500536 -0.469034 -2.015721
v 0.837775 1.597489 0.169410
v 0.882322 1.552193 -0.039589
v 0.885381 1.486549 -0.189035
v 0.838450 1.392370 -0.313917
v 0.715138 1.251524 -0.432481
v 0.486453 1.045535 -0.546567
v 0.180904 0.790291 -0.655763
v -0.147011 0.516619 -0.767032
v -0.447098 0.251912 -0.894448
v -0.672526 0.020861 -1.055376
v -0.786221 -0.158080 -1.267818
v -0.784332 -0.278717 -1.519074
v -0.694113 -0.348842 -1.778958
v -0.553073 -0.388851 -2.040086
v 1.265400 1.801296 0.340020
v 1.305093 1.752687 -0.035963
v 1.269021 1.656993 -0.292403
v 1.144245 1.507343 -0.539057
v 0.917874 1.300529 -0.727350
v 0.611618 1.050604 -0.847107
v 0.270856 0.780607 -0.931312
v -0.070349 0.506632 -1.009446
v -0.371215 0.250095 -1.099728
v -0.586258 0.035960 -1.216383
v -0.683249 -0.116765 -1.365322
v -0.690237 -0.225088 -1.548100
v -0.631170 -0.305698 -1.772923
v -0.521551 -0.364955 -2.029417
v 1.728357 1.628563 0.436668
v 1.745131 1.596443 -0.005979
v 1.671216 1.503335 -0.331690
v 1.484294 1.340314 -0.656892
v 1.179948 1.113539 -0.891064
v 0.811866 0.857584 -1.016398
v 0.436405 0.600229 -1.086777
v 0.074677 0.348240 -1.145902
v -0.238432 0.119327 -1.214487
v -0.458035 -0.061094 -1.304317
v -0.555266 -0.173500 -1.412421
v -0.581365 -0.251776 -1.550757
v -0.557796 -0.319113 -1.755719
v -0.483874 -0.371543 -2.014736
v 1.955454 1.180474 0.402738
v 1.944670 1.174986 0.032798
v 1.856367 1.115585 -0.283883
v 1.659401 0.989126 -0.598398
v 1.347842 0.800090 -0.827723
v 0.969895 0.579544 -0.955273
v 0.580576 0.354819 -1.031088
v 0.203113 0.134226 -1.096468
v -0.126529 -0.063789 -1.171501
v -0.362965 -0.213449 -1.267667
v -0.477240 -0.295051 -1.381525
v -0.521490 -0.343150 -1.525487
v -0.516973 -0.381229 -1.737423
v -0.462112 -0.404756 -2.004644
v 1.813660 0.719515 0.258106
v 1.786821 0.735200 0.057655
v 1.716013 0.720883 -0.176987
v 1.566991 0.659500 -0.397837
v 1.323205 0.543797 -0.574430
v 0.993135 0.379356 -0.699538
v 0.618915 0.188135 -0.796868
v 0.239722 -0.010042 -0.890100
v -0.101059 -0.191986 -0.995950
v -0.356742 -0.331857 -1.127902
v -0.494880 -0.410215 -1.290733
v -0.545688 -0.445682 -1.487093
v -0.532614 -0.455659 -1.728754
v -0.469014 -0.445138 -2.005052
v -2.425236 0.324377 -4.057898
v -2.393210 0.357096 -4.540035
v -2.442101 0.379767 -4.982565
v -2.611453 0.387656 -5.340793
v -2.909302 0.373326 -5.584364
v -3.280989 0.325119 -5.697288
v -3.682320 0.229440 -5.678776
v -4.078138 0.072062 -5.521847
v -4.463550 -0.142203 -5.238267
v -4.830473 -0.374733 -4.871687
v -5.162139 -0.575801 -4.481194
v -5.450305 -0.701826 -4.121665
v -5.696902 -0.750902 -3.808278
v -5.911659 -0.746944 -3.531582
v -6.110643 -0.711604 -3.277767
v -1.973165 0.948737 -4.145544
v -1.968143 0.938915 -4.515063
v -2.050287 0.915475 -5.039763
v -2.288739 0.871238 -5.529850
v -2.723020 0.794011 -5.897473
v -3.249451 0.675709 -6.054770
v -3.786838 0.503881 -6.015610
v -4.282840 0.266364 -5.793972
v -4.702781 -0.011424 -5.436742
v -5.054486 -0.282122 -5.016596
v -5.350136 -0.506835 -4.589354
v -5.592690 -0.649252 -4.204201
v -5.792189 -0.714101 -3.867252
v -5.961708 -0.727006 -3.564485
v -2.071387 0.541230 -4.121542
v -2.060578 0.559836 -4.517594
v -2.135426 0.565755 -5.019129
v -2.356317 0.552601 -5.471806
v -2.751920 0.509874 -5.801847
v -3.227551 0.429636 -5.942118
v -3.714453 0.299786 -5.907926
v -4.170350 0.107450 -5.709636
v -4.578349 -0.132188 -5.379797
v -4.940842 -0.376512 -4.977403
v -5.256779 -0.581556 -4.559816
v -5.524072 -0.707486 -4.178843
v -5.748099 -0.755163 -3.846164
v -5.939469 -0.749329 -3.551282
v -2.590303 1.409015 -4.049838
v -2.548032 1.364635 -4.563132
v -2.585121 1.310756 -5.001304
v -2.741542 1.242283 -5.353689
v -3.033200 1.150321 -5.603285
v -3.431336 1.017453 -5.735662
v -3.884012 0.826783 -5.722368
v -4.331794 0.564580 -5.544216
v -4.726035 0.255947 -5.232538
v -5.062391 -0.049953 -4.855998
v -5.347038 -0.312549 -4.470858
v -5.580261 -0.494998 -4.127386
v -5.775028 -0.604680 -3.826699
v -5.948256 -0.667356 -3.548801
v -2.188107 1.308185 -4.115843
v -2.170053 1.272274 -4.533926
v -2.236557 1.224064 -5.032380
v -2.448304 1.156914 -5.480926
v -2.839530 1.059293 -5.815227
v -3.333863 0.919190 -5.969254
v -3.857072 0.722171 -5.938750
v -4.349712 0.455712 -5.725454
v -4.763955 0.149346 -5.375746
v -5.104834 -0.146858 -4.966310
v -5.387523 -0.395409 -4.552507
v -5.615965 -0.561237 -4.182887
v -5.803343 -0.651769 -3.859190
v -5.965348 -0.693052 -3.563458
v -2.944153 1.192162 -3.986194
v -2.880665 1.161895 -4.585573
v -2.891796 1.124767 -4.964740
v -2.996679 1.077339 -5.222676
v -3.190582 1.013772 -5.385802
v -3.484775 0.912936 -5.490830
v -3.851878 0.756438 -5.493218
v -4.239582 0.529192 -5.356427
v -4.611236 0.245931 -5.091008
v -4.952023 -0.048174 -4.750282
v -5.252398 -0.306794 -4.392236
v -5.506494 -0.489337 -4.070209
v -5.723831 -0.600419 -3.788812
v -5.920446 -0.664971 -3.529101
v -3.042375 0.784655 -3.962192
v -2.973099 0.782816 -4.588104
v -2.976935 0.775047 -4.944106
v -3.064257 0.758701 -5.164631
v -3.219483 0.729635 -5.290175
v -3.462874 0.666863 -5.378179
v -3.779493 0.552342 -5.385533
v -4.127092 0.370279 -5.272090
v -4.486804 0.125167 -5.034062
v -4.838379 -0.142564 -4.711088
v -5.159040 -0.381515 -4.362697
v -5.437876 -0.547572 -4.044849
v -5.679741 -0.641482 -3.767724
v -5.898207 -0.687294 -3.515897
v -2.827433 0.425207 -3.991893
v -2.771188 0.449457 -4.569241
v -2.790665 0.466458 -4.951488
v -2.904691 0.473026 -5.213556
v -3.102972 0.464354 -5.372422
v -3.378463 0.423382 -5.463696
v -3.709259 0.334053 -5.462394
v -4.060219 0.180930 -5.340610
v -4.425630 -0.035603 -5.095059
v -4.788031 -0.277828 -4.761376
v -5.121653 -0.492940 -4.399546
v -5.414601 -0.635587 -4.066165
v -5.668586 -0.703814 -3.775788
v -5.894567 -0.721249 -3.516926
v 2.090874 0.493657 2.376348
v 2.033724 0.997165 2.255294
v 2.400227 0.254992 2.578039
v 2.667725 0.136343 2.471906
v 2.948527 0.272393 2.438815
v 2.316255 1.360870 2.246989
v 2.964958 0.892606 2.514410
v 3.095158 0.583128 2.514194
v -3.136416 0.521899 3.106565
v -3.377954 0.529247 3.327114
v -3.601162 0.524293 3.851377
v -3.524594 0.477201 4.511825
v -3.161980 0.393107 5.099928
v -2.555396 0.271634 5.435282
v -1.759596 0.118759 5.412417
v -0.929346 -0.039280 5.272947
v -0.234250 -0.173489 5.339262
v 0.188509 -0.262709 5.824642
v 0.351477 -0.324617 6.555885
v 0.286760 -0.381817 7.264463
v 0.033818 -0.446223 7.739689
v -0.355405 -0.495721 8.038057
v -0.822559 -0.489000 8.254637
v -2.758823 0.505309 3.431468
v -3.070771 0.520045 3.673668
v -3.207951 0.527061 4.020305
v -3.135227 0.503326 4.467493
v -2.854802 0.441027 4.923364
v -2.387527 0.348618 5.171125
v -1.742254 0.222247 5.145186
v -0.944193 0.059016 5.041522
v -0.195987 -0.101932 5.138378
v 0.328334 -0.233684 5.712728
v 0.494532 -0.313825 6.527646
v 0.396986 -0.378535 7.277085
v 0.100029 -0.449100 7.776429
v -0.331423 -0.500612 8.070395
v -3.342621 0.876687 2.823689
v -3.598399 0.863060 3.093620
v -3.891363 0.823809 3.755287
v -3.813756 0.733175 4.583355
v -3.384514 0.605345 5.282310
v -2.655556 0.431844 5.696407
v -1.723452 0.228350 5.675297
v -0.868766 0.049659 5.500675
v -0.230252 -0.084735 5.536862
v 0.090764 -0.159402 5.937301
v 0.245747 -0.230181 6.591685
v 0.205282 -0.306463 7.266226
v -0.016306 -0.391667 7.723782
v -0.374554 -0.464276 8.021049
v -2.431031 0.836634 3.608074
v -2.856793 0.840844 3.930277
v -2.942066 0.830492 4.163115
v -2.873743 0.796245 4.476329
v -2.642921 0.721035 4.856047
v -2.250286 0.617700 5.058674
v -1.681586 0.478191 5.030146
v -0.904611 0.286968 4.941966
v -0.137877 0.088019 5.051886
v 0.428333 -0.089330 5.667118
v 0.591113 -0.204126 6.523511
v 0.471391 -0.298540 7.296697
v 0.143539 -0.398612 7.812480
v -0.316659 -0.476084 8.099121
v -2.345057 1.321789 3.532930
v -2.861367 1.303724 3.946621
v -2.959260 1.256840 4.196152
v -2.893313 1.184371 4.533157
v -2.650453 1.069104 4.937411
v -2.224067 0.921256 5.163803
v -1.613130 0.736663 5.134684
v -0.833786 0.511044 5.032597
v -0.093960 0.285092 5.130450
v 0.429928 0.085793 5.714528
v 0.584643 -0.059781 6.545901
v 0.466390 -0.188693 7.311811
v 0.138863 -0.324335 7.826725
v -0.319761 -0.436505 8.107407
v -2.928855 1.693166 2.925152
v -3.388995 1.646739 3.366573
v -3.642673 1.553588 3.931134
v -3.571843 1.414220 4.649020
v -3.180164 1.233422 5.296357
v -2.492096 1.004482 5.689085
v -1.594329 0.742767 5.664794
v -0.758359 0.501687 5.491750
v -0.128226 0.302288 5.528934
v 0.192358 0.160076 5.939100
v 0.335858 0.023863 6.609941
v 0.274686 -0.116621 7.300951
v 0.022528 -0.266901 7.774077
v -0.362892 -0.400169 8.058061
v -3.256647 1.361841 2.748546
v -3.602973 1.325940 3.109965
v -3.908557 1.250157 3.788324
v -3.833328 1.121301 4.640183
v -3.392046 0.953415 5.363674
v -2.629337 0.735400 5.801535
v -1.654997 0.486823 5.779835
v -0.797942 0.273735 5.591306
v -0.186335 0.112338 5.615427
v 0.092358 0.015721 5.984711
v 0.239277 -0.085836 6.614075
v 0.200281 -0.196616 7.281339
v -0.020982 -0.317389 7.738025
v -0.377655 -0.424697 8.029335
v -2.551262 1.676576 3.250054
v -3.081812 1.637537 3.713128
v -3.249461 1.556356 4.100063
v -3.182476 1.440344 4.604688
v -2.872986 1.281342 5.119793
v -2.324227 1.081466 5.424927
v -1.576987 0.846254 5.397563
v -0.773207 0.599984 5.260324
v -0.089962 0.373845 5.328049
v 0.332184 0.189101 5.827186
v 0.478914 0.034655 6.581701
v 0.384912 -0.113339 7.313573
v 0.088739 -0.269778 7.810818
v -0.338911 -0.405060 8.090399
v 2.395871 0.527854 2.995115
v 2.569753 0.519252 3.334052
v 2.685237 0.499645 3.596732
v 2.691277 0.468509 3.797557
v 2.597757 0.421370 4.025209
v 2.401897 0.357687 4.299412
v 2.127448 0.293950 4.548093
v 1.814505 0.245709 4.718420
v 1.478520 0.212036 4.804165
v 1.112304 0.179320 4.825733
v 0.724690 0.134854 4.798200
v 0.326780 0.067442 4.739939
v -0.096644 -0.011465 4.662310
v -0.578649 -0.078582 4.571886
v -1.154734 -0.111239 4.478806
v 2.509894 0.825631 2.983647
v 2.666750 0.797365 3.299865
v 2.781894 0.755673 3.583738
v 2.786982 0.698584 3.831052
v 2.675692 0.623722 4.098468
v 2.459361 0.535596 4.386705
v 2.166801 0.449516 4.637696
v 1.836443 0.380035 4.804873
v 1.483707 0.326060 4.882955
v 1.104829 0.273865 4.892783
v 0.709769 0.210280 4.851582
v 0.309499 0.123947 4.779404
v -0.109931 0.026866 4.688905
v -0.584836 -0.057928 4.586349
v 2.513360 0.238587 2.929348
v 2.681433 0.250042 3.279476
v 2.787654 0.251008 3.544266
v 2.787983 0.238437 3.767040
v 2.681005 0.208236 4.019706
v 2.468921 0.162720 4.307779
v 2.177829 0.118001 4.564880
v 1.846585 0.089269 4.740698
v 1.494555 0.076188 4.827067
v 1.120559 0.065142 4.845379
v 0.731569 0.042860 4.814050
v 0.334810 -0.002038 4.752470
v -0.090620 -0.058810 4.670991
v -0.576487 -0.104081 4.576269
v 2.793537 0.127278 2.824873
v 2.936371 0.147435 3.168107
v 3.029150 0.155410 3.457074
v 3.020452 0.143143 3.757376
v 2.876672 0.109169 4.085183
v 2.621171 0.064905 4.406907
v 2.288433 0.024736 4.678223
v 1.913892 0.002355 4.858659
v 1.522420 -0.001907 4.938248
v 1.124758 -0.001783 4.940215
v 0.726374 -0.011813 4.889847
v 0.328883 -0.043792 4.809657
v -0.095391 -0.087434 4.709863
v -0.579619 -0.119488 4.596930
v 3.072280 0.259132 2.742889
v 3.185228 0.271538 3.065183
v 3.268262 0.268852 3.386232
v 3.252505 0.238448 3.774227
v 3.070137 0.182203 4.183284
v 2.769461 0.121540 4.538726
v 2.394469 0.068789 4.821728
v 1.976999 0.035880 5.003201
v 1.545793 0.023498 5.072577
v 1.122441 0.017747 5.054687
v 0.712151 0.002861 4.981190
v 0.312474 -0.033363 4.878001
v -0.108159 -0.080570 4.756155
v -0.586208 -0.115777 4.621767
v 2.788637 0.957485 2.901663
v 2.915608 0.921468 3.196940
v 3.021006 0.869115 3.512896
v 3.019036 0.793889 3.847903
v 2.869158 0.696755 4.196569
v 2.607651 0.592231 4.518526
v 2.272839 0.493569 4.781202
v 1.899550 0.413560 4.949417
v 1.507080 0.351466 5.017287
v 1.102511 0.293395 5.007255
v 0.695545 0.224954 4.942926
v 0.293089 0.134376 4.847748
v -0.122700 0.033730 4.735198
v -0.591427 -0.054218 4.611186
v 3.068815 0.846177 2.797187
v 3.170547 0.818861 3.085571
v 3.262504 0.773517 3.425705
v 3.251505 0.698594 3.838239
v 3.064825 0.597688 4.262047
v 2.759902 0.494416 4.617653
v 2.383443 0.400304 4.894546
v 1.966858 0.326645 5.067377
v 1.534947 0.273370 5.128468
v 1.106710 0.226469 5.102091
v 0.690352 0.170281 5.018724
v 0.287164 0.092622 4.904936
v -0.127469 0.005105 4.774070
v -0.594557 -0.069625 4.631847
v 3.186304 0.556909 2.731421
v 3.282228 0.549651 3.030995
v 3.364921 0.524880 3.373239
v 3.348212 0.468523 3.807721
v 3.148074 0.384553 4.256544
v 2.826926 0.299449 4.626021
v 2.433825 0.224354 4.911332
v 1.998938 0.170205 5.089655
v 1.550982 0.137522 5.151370
v 1.114965 0.112292 5.121738
v 0.697230 0.078287 5.034574
v 0.295193 0.023142 4.917467
v -0.121446 -0.042239 4.782751
v -0.592396 -0.095124 4.636230
v -7.456000 9.668668 -2.639013
v -7.495320 9.738687 -2.458609
v -7.434905 9.918414 -2.343306
v -7.309313 10.101363 -2.364082
v -7.194314 10.178794 -2.506179
v -7.154994 10.108775 -2.686583
v -7.215410 9.929047 -2.801886
v -7.341001 9.746096 -2.781109
v -7.431499 9.716657 -2.626265
v -7.461964 9.770905 -2.486490
v -7.412091 9.919272 -2.391306
v -7.308187 10.070629 -2.408495
v -7.218814 10.130805 -2.518928
v -7.188350 10.076556 -2.658702
v -7.238223 9.928188 -2.753885
v -7.342127 9.776831 -2.736697
v -7.372512 9.679271 -2.598898
v -7.402977 9.733520 -2.459123
v -7.353104 9.881886 -2.363940
v -7.249199 10.033243 -2.381128
v -7.159826 10.093419 -2.491561
v -7.129362 10.039170 -2.631335
v -7.179235 9.890802 -2.726519
v -7.283139 9.739445 -2.709330
v -5.958138 11.186311 -0.602452
v -5.917443 11.328368 -0.670058
vt 0.011569 0.654780
vt 0.364214 0.062624
vt 0.351235 0.091156
vt 0.019745 0.613779
vt 0.783027 0.559876
vt 0.954504 0.753328
vt 0.074823 0.191878
vt 0.084361 0.164758
vt 0.121094 0.182221
vt 0.101842 0.210109
vt 0.974570 0.420293
vt 0.160399 0.107680
vt 0.175094 0.085917
vt 0.195861 0.122157
vt 0.165935 0.140009
vt 0.195066 0.067693
vt 0.180344 0.563881
vt 0.198392 0.995117
vt 0.372102 0.943704
vt 0.316308 0.191784
vt 0.338512 0.193174
vt 0.336683 0.210479
vt 0.318496 0.216875
vt 0.343057 0.235185
vt 0.327510 0.244261
vt 0.330510 0.251242
vt 0.345661 0.241990
vt 0.349335 0.249455
vt 0.332975 0.259412
vt 0.587129 0.749676
vt 0.508938 0.006700
vt 0.490907 0.019261
vt 0.366115 0.390420
vt 0.342482 0.378159
vt 0.348178 0.396895
vt 0.363459 0.396517
vt 0.362798 0.437927
vt 0.350468 0.439888
vt 0.367668 0.491438
vt 0.356061 0.493689
vt 0.370923 0.541981
vt 0.360310 0.544204
vt 0.372251 0.583436
vt 0.362550 0.584864
vt 0.372629 0.620349
vt 0.363895 0.620632
vt 0.372050 0.628907
vt 0.363512 0.629167
vt 0.363341 0.669962
vt 0.370633 0.670220
vt 0.369989 0.685556
vt 0.363288 0.685328
vt 0.368196 0.714472
vt 0.362498 0.714428
vt 0.366656 0.744495
vt 0.361924 0.744280
vt 0.429656 0.160638
vt 0.361552 0.753113
vt 0.362055 0.780562
vt 0.365781 0.781014
vt 0.367255 0.829451
vt 0.364534 0.829029
vt 0.369847 0.884986
vt 0.368390 0.884638
vt 0.360187 0.196535
vt 0.132975 0.290952
vt 0.360330 0.227108
vt 0.361797 0.232534
vt 0.363470 0.238399
vt 0.461232 0.031351
vt 0.392030 0.396277
vt 0.376119 0.400942
vt 0.216752 0.467176
vt 0.228751 0.517615
vt 0.242172 0.565852
vt 0.255434 0.607251
vt 0.268195 0.643085
vt 0.381291 0.630065
vt 0.378461 0.671546
vt 0.293004 0.701311
vt 0.304186 0.726472
vt 0.315646 0.753786
vt 0.388864 0.158324
vt 0.369610 0.781810
vt 0.340150 0.834438
vt 0.355320 0.887870
vt 0.137354 0.266785
vt 0.144482 0.274029
vt 0.158522 0.287856
vt 0.162164 0.293123
vt 0.165993 0.299176
vt 0.405477 0.050833
vt 0.177877 0.318887
vt 0.194559 0.349376
vt 0.441770 0.032573
vt 0.209814 0.381711
vt 0.211415 0.391239
vt 0.220653 0.418994
vt 0.230143 0.464230
vt 0.241701 0.515135
vt 0.254164 0.563294
vt 0.266539 0.604728
vt 0.278424 0.641069
vt 0.280974 0.649076
vt 0.295976 0.686661
vt 0.300698 0.700478
vt 0.310465 0.725787
vt 0.320524 0.753067
vt 0.392603 0.156058
vt 0.330734 0.786979
vt 0.342619 0.834185
vt 0.356627 0.887730
vt 0.151846 0.251580
vt 0.157961 0.258971
vt 0.171238 0.273986
vt 0.174963 0.279682
vt 0.179194 0.286069
vt 0.191245 0.306424
vt 0.207079 0.338581
vt 0.222286 0.373964
vt 0.224445 0.384396
vt 0.234726 0.414255
vt 0.244363 0.462203
vt 0.255455 0.513552
vt 0.266864 0.561693
vt 0.278077 0.602985
vt 0.286773 0.639595
vt 0.837880 0.161515
vt 0.304246 0.685928
vt 0.308380 0.700236
vt 0.316609 0.725809
vt 0.325130 0.752713
vt 0.327792 0.760735
vt 0.334093 0.786746
vt 0.344948 0.833825
vt 0.357883 0.887483
vt 0.146610 0.210816
vt 0.128269 0.229824
vt 0.169815 0.240171
vt 0.176324 0.248474
vt 0.187105 0.264494
vt 0.190374 0.270072
vt 0.194451 0.276494
vt 0.205586 0.296902
vt 0.220747 0.330272
vt 0.235441 0.368007
vt 0.238506 0.379222
vt 0.249264 0.410813
vt 0.258820 0.460874
vt 0.269062 0.512650
vt 0.279256 0.560887
vt 0.289111 0.601807
vt 0.298660 0.637823
vt 0.782691 0.157929
vt 0.311977 0.685503
vt 0.315615 0.700187
vt 0.322379 0.726157
vt 0.329523 0.752318
vt 0.331944 0.760531
vt 0.337449 0.786413
vt 0.347310 0.833235
vt 0.359166 0.887068
vt 0.190645 0.229989
vt 0.198171 0.241401
vt 0.206039 0.258673
vt 0.208679 0.264029
vt 0.212278 0.270562
vt 0.222054 0.291387
vt 0.236244 0.325775
vt 0.249849 0.364972
vt 0.253632 0.376023
vt 0.857477 0.649288
vt 0.272468 0.459737
vt 0.281747 0.511995
vt 0.290697 0.560527
vt 0.299206 0.600933
vt 0.307907 0.636196
vt 0.790190 0.159372
vt 0.319109 0.684454
vt 0.322408 0.699813
vt 0.328025 0.726167
vt 0.333989 0.751656
vt 0.336169 0.760139
vt 0.341014 0.785757
vt 0.349802 0.832383
vt 0.360499 0.886489
vt 0.212041 0.222006
vt 0.220791 0.237720
vt 0.227022 0.256582
vt 0.229078 0.261765
vt 0.232074 0.268423
vt 0.240404 0.289230
vt 0.253070 0.324240
vt 0.264804 0.363276
vt 0.269139 0.373928
vt 0.845626 0.649277
vt 0.285258 0.458506
vt 0.293629 0.511045
vt 0.301521 0.560070
vt 0.308955 0.599865
vt 0.316657 0.634261
vt 0.319074 0.642259
vt 0.325934 0.682593
vt 0.329096 0.698308
vt 0.333961 0.725280
vt 0.338723 0.750522
vt 0.340606 0.759295
vt 0.344747 0.784778
vt 0.352365 0.831363
vt 0.361838 0.885834
vt 0.210113 0.161866
vt 0.188077 0.177610
vt 0.233514 0.215051
vt 0.242973 0.235875
vt 0.248228 0.257156
vt 0.249818 0.262342
vt 0.252701 0.268957
vt 0.260000 0.290085
vt 0.270683 0.325073
vt 0.279998 0.363034
vt 0.284187 0.373119
vt 0.834796 0.650772
vt 0.297954 0.455817
vt 0.305539 0.509437
vt 0.312757 0.558855
vt 0.319336 0.598054
vt 0.325914 0.631642
vt 0.327585 0.639850
vt 0.333333 0.679928
vt 0.336039 0.695692
vt 0.340044 0.723303
vt 0.343659 0.748985
vt 0.345094 0.757934
vt 0.348441 0.783607
vt 0.354859 0.830359
vt 0.363126 0.885213
vt 0.117878 0.534910
vt 0.254056 0.202733
vt 0.261459 0.223314
vt 0.415979 0.922919
vt 0.413017 0.912084
vt 0.414598 0.903521
vt 0.279955 0.291952
vt 0.288334 0.327595
vt 0.295254 0.364322
vt 0.298874 0.373762
vt 0.302789 0.404011
vt 0.310753 0.452278
vt 0.318108 0.506055
vt 0.324849 0.555954
vt 0.330546 0.594906
vt 0.335877 0.628231
vt 0.336788 0.636523
vt 0.341068 0.676648
vt 0.343125 0.692373
vt 0.346063 0.720630
vt 0.348475 0.747231
vt 0.349364 0.756311
vt 0.351907 0.782424
vt 0.357208 0.829536
vt 0.364360 0.884734
vt 0.274745 0.195849
vt 0.280715 0.218645
vt 0.430165 0.925129
vt 0.470231 0.292731
vt 0.300264 0.293743
vt 0.305684 0.330792
vt 0.310766 0.366342
vt 0.313629 0.375017
vt 0.317498 0.401835
vt 0.324107 0.448169
vt 0.331199 0.501874
vt 0.337316 0.552015
vt 0.341938 0.591191
vt 0.345832 0.624847
vt 0.346169 0.633253
vt 0.348807 0.673502
vt 0.350080 0.689111
vt 0.351731 0.717872
vt 0.353041 0.745661
vt 0.353320 0.754719
vt 0.355172 0.781411
vt 0.359501 0.829011
vt 0.365610 0.884469
vt 0.295040 0.189245
vt 0.298299 0.212027
vt 0.436744 0.919950
vt 0.320167 0.292612
vt 0.322825 0.332632
vt 0.326677 0.367912
vt 0.329309 0.375547
vt 0.332587 0.399241
vt 0.337583 0.443433
vt 0.344031 0.497413
vt 0.349284 0.547779
vt 0.352685 0.587612
vt 0.355185 0.622163
vt 0.355098 0.630658
vt 0.356228 0.671176
vt 0.356755 0.686623
vt 0.357096 0.715661
vt 0.357453 0.744640
vt 0.357255 0.753560
vt 0.358487 0.780724
vt 0.361915 0.828844
vt 0.366953 0.884447
vt 0.331337 0.133013
vt 0.055761 0.554796
vt 0.434897 0.906441
vt 0.428907 0.900467
vt 0.567649 0.017775
vt 0.534549 0.004911
vt 0.421920 0.899426
vt 0.398710 0.071567
vt 0.413260 0.900338
vt 0.421904 0.894629
vt 0.411645 0.882903
vt 0.423315 0.879492
vt 0.413176 0.853433
vt 0.424976 0.851732
vt 0.415169 0.831531
vt 0.426100 0.830168
vt 0.416551 0.815329
vt 0.426892 0.814166
vt 0.420748 0.774864
vt 0.422199 0.758327
vt 0.430825 0.757853
vt 0.429727 0.774225
vt 0.427855 0.798465
vt 0.418109 0.799493
vt 0.425552 0.723185
vt 0.433398 0.723131
vt 0.428861 0.686027
vt 0.436067 0.686307
vt 0.432168 0.648489
vt 0.438770 0.648949
vt 0.435417 0.612325
vt 0.441422 0.612881
vt 0.438537 0.579185
vt 0.443959 0.579808
vt 0.441427 0.550270
vt 0.446363 0.550949
vt 0.444198 0.525393
vt 0.448597 0.526059
vt 0.446741 0.501180
vt 0.450805 0.501774
vt 0.449832 0.473075
vt 0.453378 0.473675
vt 0.453540 0.440253
vt 0.456414 0.440813
vt 0.457623 0.403918
vt 0.459803 0.404374
vt 0.461871 0.365886
vt 0.463364 0.366209
vt 0.466091 0.328175
vt 0.466903 0.328354
vt 0.407954 0.910505
vt 0.400462 0.891074
vt 0.400663 0.857381
vt 0.403340 0.834315
vt 0.405918 0.814842
vt 0.413167 0.759567
vt 0.417361 0.723989
vt 0.421381 0.686506
vt 0.425330 0.648750
vt 0.429187 0.612420
vt 0.432883 0.579126
vt 0.436314 0.550019
vt 0.439501 0.524948
vt 0.442594 0.500669
vt 0.446289 0.472469
vt 0.450681 0.439659
vt 0.455458 0.403420
vt 0.460394 0.365522
vt 0.465293 0.327963
vt 0.431108 0.897055
vt 0.439248 0.903711
vt 0.434576 0.880945
vt 0.445858 0.887894
vt 0.436366 0.852849
vt 0.448570 0.857131
vt 0.436684 0.831226
vt 0.448054 0.834647
vt 0.436949 0.815167
vt 0.447625 0.818202
vt 0.438549 0.775294
vt 0.439416 0.758916
vt 0.448306 0.761292
vt 0.447763 0.777838
vt 0.447333 0.802410
vt 0.437380 0.799495
vt 0.441255 0.724301
vt 0.449331 0.726337
vt 0.443306 0.687556
vt 0.450710 0.689346
vt 0.445398 0.650182
vt 0.452178 0.651741
vt 0.447428 0.614045
vt 0.453594 0.615395
vt 0.449332 0.580874
vt 0.454887 0.582021
vt 0.451083 0.551885
vt 0.456018 0.552799
vt 0.452698 0.526809
vt 0.457006 0.527443
vt 0.454451 0.502284
vt 0.458194 0.502632
vt 0.456518 0.474081
vt 0.459693 0.474242
vt 0.458958 0.441147
vt 0.461519 0.441217
vt 0.461740 0.404624
vt 0.463688 0.404642
vt 0.464697 0.366373
vt 0.466033 0.366362
vt 0.467632 0.328434
vt 0.468358 0.328411
vt 0.442504 0.915770
vt 0.393126 0.926488
vt 0.455056 0.898876
vt 0.382407 0.903786
vt 0.460436 0.863065
vt 0.379019 0.863691
vt 0.459625 0.838787
vt 0.381793 0.838104
vt 0.479522 0.606091
vt 0.472553 0.612425
vt 0.395674 0.759904
vt 0.457118 0.763803
vt 0.457348 0.728292
vt 0.401151 0.724375
vt 0.458057 0.690863
vt 0.406431 0.687006
vt 0.458920 0.652938
vt 0.411646 0.649236
vt 0.459757 0.616355
vt 0.416777 0.612793
vt 0.460498 0.582785
vt 0.421755 0.579321
vt 0.461102 0.553354
vt 0.426461 0.549983
vt 0.461610 0.527760
vt 0.430874 0.524644
vt 0.462415 0.502771
vt 0.435145 0.500052
vt 0.463300 0.474213
vt 0.440016 0.471701
vt 0.464442 0.441101
vt 0.445618 0.438935
vt 0.465907 0.404510
vt 0.451609 0.402825
vt 0.467551 0.366249
vt 0.457755 0.365082
vt 0.469180 0.328332
vt 0.463861 0.327689
vt 0.457047 0.780571
vt 0.496193 0.596240
vt 0.407100 0.921515
vt 0.391716 0.899269
vt 0.389162 0.861519
vt 0.391885 0.836825
vt 0.529601 0.603774
vt 0.404143 0.760399
vt 0.409075 0.724652
vt 0.413781 0.687077
vt 0.418388 0.649221
vt 0.422890 0.612776
vt 0.427223 0.579350
vt 0.431281 0.550076
vt 0.435082 0.524800
vt 0.438835 0.500336
vt 0.443157 0.472029
vt 0.448164 0.439220
vt 0.453549 0.403048
vt 0.459088 0.365244
vt 0.464587 0.327793
vt 0.413457 0.072662
vt 0.565650 0.032293
vt 0.420199 0.086804
vt 0.559708 0.060415
vt 0.427971 0.108826
vt 0.558802 0.086867
vt 0.437118 0.136207
vt 0.558247 0.118034
vt 0.446823 0.170725
vt 0.559031 0.155585
vt 0.456146 0.208704
vt 0.560805 0.195689
vt 0.465226 0.245290
vt 0.562419 0.233918
vt 0.475502 0.280030
vt 0.562658 0.270023
vt 0.487497 0.319878
vt 0.562877 0.311220
vt 0.497227 0.366831
vt 0.566433 0.358848
vt 0.506683 0.417607
vt 0.571059 0.410217
vt 0.525209 0.512123
vt 0.578000 0.505698
vt 0.533827 0.553524
vt 0.581285 0.547432
vt 0.586990 0.556255
vt 0.581165 0.556726
vt 0.582056 0.585031
vt 0.587133 0.584558
vt 0.553253 0.621844
vt 0.582936 0.617554
vt 0.560991 0.649011
vt 0.583487 0.645362
vt 0.568524 0.675785
vt 0.584022 0.673142
vt 0.576519 0.706573
vt 0.585110 0.705181
vt 0.538435 0.024958
vt 0.538080 0.060828
vt 0.538310 0.086807
vt 0.539119 0.118637
vt 0.541337 0.157678
vt 0.544627 0.199526
vt 0.548013 0.239185
vt 0.550523 0.275343
vt 0.552348 0.314457
vt 0.556784 0.360577
vt 0.562138 0.411058
vt 0.563631 0.435969
vt 0.567119 0.460606
vt 0.570650 0.506015
vt 0.576514 0.584743
vt 0.578471 0.617048
vt 0.580144 0.644824
vt 0.581759 0.672795
vt 0.583883 0.705076
vt 0.509367 0.024398
vt 0.494240 0.043226
vt 0.516972 0.063392
vt 0.498657 0.067633
vt 0.519032 0.088394
vt 0.501907 0.091459
vt 0.521268 0.120153
vt 0.505652 0.122451
vt 0.525014 0.160313
vt 0.510784 0.162657
vt 0.529765 0.203849
vt 0.516514 0.206747
vt 0.534800 0.245229
vt 0.522049 0.248764
vt 0.539317 0.281497
vt 0.526906 0.284618
vt 0.542141 0.317511
vt 0.531250 0.318836
vt 0.547013 0.361596
vt 0.536723 0.361660
vt 0.552642 0.411154
vt 0.543011 0.410849
vt 0.554793 0.436097
vt 0.545974 0.435837
vt 0.549251 0.461003
vt 0.558181 0.461059
vt 0.562575 0.505851
vt 0.554691 0.505663
vt 0.564946 0.583446
vt 0.570532 0.584036
vt 0.573808 0.616158
vt 0.569477 0.615614
vt 0.576681 0.644304
vt 0.573416 0.644255
vt 0.579380 0.672654
vt 0.577146 0.672891
vt 0.582561 0.705073
vt 0.581311 0.705225
vt 0.431628 0.064721
vt 0.436932 0.081557
vt 0.444075 0.104335
vt 0.452437 0.132290
vt 0.461355 0.167802
vt 0.469897 0.206795
vt 0.478095 0.243880
vt 0.487297 0.278138
vt 0.498084 0.316948
vt 0.507171 0.363599
vt 0.515827 0.414474
vt 0.532544 0.509515
vt 0.540074 0.551097
vt 0.542303 0.560235
vt 0.549148 0.587859
vt 0.557111 0.619743
vt 0.564025 0.647771
vt 0.570702 0.675244
vt 0.577747 0.706309
vt 0.454082 0.060995
vt 0.457161 0.077707
vt 0.462703 0.100074
vt 0.469943 0.128644
vt 0.477829 0.165808
vt 0.485436 0.206697
vt 0.492370 0.245434
vt 0.499585 0.280015
vt 0.508762 0.316521
vt 0.516868 0.361725
vt 0.524967 0.412049
vt 0.529394 0.437059
vt 0.532631 0.462055
vt 0.540216 0.507221
vt 0.546651 0.548687
vt 0.548718 0.557872
vt 0.554594 0.585420
vt 0.561287 0.617545
vt 0.567198 0.646237
vt 0.572950 0.674410
vt 0.579016 0.705930
vt 0.465642 0.057281
vt 0.479051 0.073457
vt 0.483370 0.095654
vt 0.488775 0.125294
vt 0.495247 0.164328
vt 0.501858 0.207304
vt 0.507697 0.248211
vt 0.513033 0.283551
vt 0.519776 0.317928
vt 0.526620 0.361345
vt 0.533844 0.410892
vt 0.537640 0.435911
vt 0.540952 0.461125
vt 0.547490 0.505904
vt 0.552827 0.547080
vt 0.554762 0.556320
vt 0.559870 0.583833
vt 0.565451 0.616028
vt 0.570338 0.644927
vt 0.575090 0.673530
vt 0.580186 0.705535
vt 0.086891 0.541709
vt 0.167111 0.194248
vt 0.109669 0.248042
vt 0.092464 0.267648
vt 0.353645 0.147173
vt 0.417452 0.807733
vt 0.406722 0.809810
vt 0.407685 0.802725
vt 0.427399 0.806603
vt 0.437077 0.807634
vt 0.447304 0.810611
vt 0.488589 0.602338
vt 0.539407 0.935505
vt 0.521210 0.603072
vt 0.512004 0.597345
vt 0.411167 0.776293
vt 0.392766 0.776519
vt 0.504379 0.594861
vt 0.401608 0.777266
vt 0.330982 0.383379
vt 0.344092 0.384568
vt 0.346409 0.391741
vt 0.332154 0.391292
vt 0.315877 0.383804
vt 0.317456 0.392794
vt 0.301630 0.383531
vt 0.303457 0.393711
vt 0.810953 0.653315
vt 0.823272 0.652625
vt 0.822714 0.939037
vt 0.241271 0.390232
vt 0.787614 0.649812
vt 0.870391 0.651088
vt 0.244198 0.400929
vt 0.226682 0.394798
vt 0.229607 0.404948
vt 0.213136 0.400846
vt 0.216160 0.410234
vt 0.384230 0.399375
vt 0.378608 0.400570
vt 0.364886 0.392628
vt 0.363949 0.394879
vt 0.799036 0.652166
vt 0.500348 0.630654
vt 0.494955 0.632148
vt 0.504833 0.656101
vt 0.498318 0.656774
vt 0.507727 0.679453
vt 0.501670 0.679746
vt 0.511409 0.707110
vt 0.506106 0.707022
vt 0.515620 0.742004
vt 0.511077 0.741643
vt 0.520033 0.779217
vt 0.516295 0.778640
vt 0.524192 0.813782
vt 0.521304 0.813190
vt 0.528258 0.847346
vt 0.526162 0.847122
vt 0.532999 0.887144
vt 0.531601 0.887174
vt 0.507993 0.628416
vt 0.510925 0.655137
vt 0.513375 0.678807
vt 0.516094 0.706733
vt 0.519643 0.741760
vt 0.523442 0.779061
vt 0.526968 0.813703
vt 0.530347 0.847341
vt 0.534419 0.887159
vt 0.514647 0.627377
vt 0.516963 0.654126
vt 0.518910 0.677719
vt 0.520787 0.705696
vt 0.523638 0.740733
vt 0.526721 0.778030
vt 0.529540 0.812843
vt 0.532341 0.846991
vt 0.535820 0.887119
vt 0.521549 0.627247
vt 0.523432 0.653239
vt 0.524840 0.676630
vt 0.526042 0.704441
vt 0.528058 0.739316
vt 0.530213 0.776531
vt 0.532107 0.811535
vt 0.534295 0.846386
vt 0.537193 0.886974
vt 0.489589 0.633201
vt 0.535290 0.628266
vt 0.491893 0.657344
vt 0.535957 0.652536
vt 0.495706 0.680007
vt 0.536173 0.675861
vt 0.500700 0.706973
vt 0.536044 0.703418
vt 0.506445 0.741225
vt 0.536565 0.737922
vt 0.512556 0.777928
vt 0.537196 0.775023
vt 0.518511 0.812460
vt 0.537573 0.810178
vt 0.524122 0.846955
vt 0.538389 0.845493
vt 0.530230 0.887344
vt 0.539985 0.886546
vt 0.528567 0.627600
vt 0.529903 0.652719
vt 0.530740 0.675991
vt 0.531299 0.703588
vt 0.532501 0.738225
vt 0.533798 0.775359
vt 0.534838 0.810501
vt 0.536320 0.845803
vt 0.538576 0.886754
vt 0.809938 0.675761
vt 0.798545 0.673611
vt 0.810026 0.698881
vt 0.799342 0.696506
vt 0.810167 0.718855
vt 0.800372 0.716073
vt 0.810582 0.734499
vt 0.801841 0.732173
vt 0.812896 0.747773
vt 0.804962 0.747788
vt 0.815856 0.764745
vt 0.808555 0.766637
vt 0.816860 0.788170
vt 0.809994 0.789898
vt 0.816976 0.815089
vt 0.810829 0.816477
vt 0.817242 0.842197
vt 0.811944 0.843493
vt 0.817801 0.866519
vt 0.813473 0.867824
vt 0.818572 0.886086
vt 0.815227 0.887275
vt 0.819483 0.901837
vt 0.817047 0.902752
vt 0.820459 0.915245
vt 0.818829 0.915792
vt 0.821470 0.927408
vt 0.820599 0.927636
vt 0.822344 0.678702
vt 0.821639 0.702479
vt 0.820844 0.723384
vt 0.820167 0.739068
vt 0.821198 0.749819
vt 0.822939 0.764417
vt 0.823016 0.787604
vt 0.822559 0.814556
vt 0.822107 0.841674
vt 0.821851 0.865963
vt 0.821807 0.885572
vt 0.821924 0.901433
vt 0.822125 0.914993
vt 0.822360 0.927294
vt 0.880648 0.677390
vt 0.877226 0.700442
vt 0.873754 0.719712
vt 0.870152 0.736111
vt 0.864904 0.752744
vt 0.859100 0.771924
vt 0.854997 0.794334
vt 0.851133 0.820184
vt 0.846833 0.846780
vt 0.842305 0.870813
vt 0.837978 0.889817
vt 0.833986 0.904667
vt 0.830291 0.917007
vt 0.826717 0.928232
vt 0.868317 0.677969
vt 0.865621 0.701335
vt 0.863042 0.720713
vt 0.860450 0.736673
vt 0.856469 0.752165
vt 0.851911 0.770783
vt 0.848671 0.793513
vt 0.845559 0.819614
vt 0.842027 0.846298
vt 0.838285 0.870378
vt 0.834751 0.889424
vt 0.831554 0.904311
vt 0.828651 0.916694
vt 0.825855 0.928004
vt 0.833964 0.680772
vt 0.832750 0.705053
vt 0.831608 0.726719
vt 0.831177 0.742547
vt 0.830894 0.752042
vt 0.830188 0.765649
vt 0.829164 0.788384
vt 0.828027 0.815183
vt 0.826872 0.842201
vt 0.825832 0.866422
vt 0.825009 0.885944
vt 0.824357 0.901686
vt 0.823794 0.915118
vt 0.823254 0.927327
vt 0.844350 0.680910
vt 0.842724 0.705288
vt 0.841808 0.726100
vt 0.841662 0.742082
vt 0.840419 0.753061
vt 0.837830 0.767476
vt 0.835834 0.790167
vt 0.833997 0.816697
vt 0.832043 0.843569
vt 0.830076 0.867714
vt 0.828324 0.887059
vt 0.826800 0.902501
vt 0.825439 0.915577
vt 0.824136 0.927497
vt 0.855595 0.679600
vt 0.853534 0.703455
vt 0.851955 0.723376
vt 0.850852 0.739096
vt 0.848571 0.752583
vt 0.845055 0.769312
vt 0.842543 0.792135
vt 0.840021 0.818404
vt 0.837246 0.845159
vt 0.834326 0.869260
vt 0.831612 0.888423
vt 0.829200 0.903526
vt 0.827049 0.916181
vt 0.825000 0.927746
vt 0.564855 0.448407
vt 0.556224 0.448590
vt 0.547595 0.448331
vt 0.539496 0.448418
vt 0.531552 0.449617
vt 0.581345 0.566079
vt 0.556659 0.565545
vt 0.550781 0.567085
vt 0.544600 0.569429
vt 0.586909 0.565628
vt 0.355143 0.639017
vt 0.363286 0.637616
vt 0.363103 0.645911
vt 0.355291 0.647281
vt 0.346590 0.641571
vt 0.347082 0.649804
vt 0.337645 0.644850
vt 0.338407 0.653097
vt 0.328716 0.648120
vt 0.329716 0.656511
vt 0.320557 0.650808
vt 0.321363 0.659279
vt 0.796362 0.151337
vt 0.805560 0.144265
vt 0.783326 0.392545
vt 0.283350 0.657525
vt 0.834454 0.150517
vt 0.821730 0.141431
vt 0.287082 0.665557
vt 0.380457 0.638726
vt 0.379724 0.647234
vt 0.371536 0.637459
vt 0.371058 0.645936
vt 0.814547 0.143324
vt 0.357853 0.762530
vt 0.361799 0.761950
vt 0.363048 0.771331
vt 0.358904 0.771564
vt 0.354168 0.763563
vt 0.355087 0.772299
vt 0.350442 0.764946
vt 0.351392 0.773457
vt 0.346442 0.766406
vt 0.347587 0.774805
vt 0.342232 0.767672
vt 0.343631 0.776020
vt 0.338053 0.768458
vt 0.339711 0.776949
vt 0.334034 0.768904
vt 0.335973 0.777454
vt 0.330123 0.769145
vt 0.332289 0.777835
vt 0.401208 0.157535
vt 0.404466 0.158610
vt 0.388864 0.343570
vt 0.421115 0.161341
vt 0.413702 0.158973
vt 0.409039 0.159917
vt 0.805678 0.166477
vt 0.798085 0.165058
vt 0.803962 0.184499
vt 0.797335 0.182135
vt 0.802299 0.199984
vt 0.796350 0.197553
vt 0.800761 0.213727
vt 0.795447 0.211776
vt 0.799592 0.227067
vt 0.794618 0.226252
vt 0.798164 0.243090
vt 0.793455 0.243165
vt 0.796248 0.262276
vt 0.791836 0.262575
vt 0.794158 0.282677
vt 0.790228 0.283055
vt 0.792240 0.302191
vt 0.788870 0.302681
vt 0.790740 0.318903
vt 0.787987 0.319506
vt 0.789568 0.331940
vt 0.787408 0.332407
vt 0.788372 0.343414
vt 0.786772 0.343585
vt 0.787017 0.356473
vt 0.785938 0.356477
vt 0.785346 0.372700
vt 0.784771 0.372675
vt 0.812673 0.167774
vt 0.810355 0.185844
vt 0.808332 0.201355
vt 0.806522 0.214776
vt 0.804923 0.227393
vt 0.803136 0.242803
vt 0.800735 0.261890
vt 0.798122 0.282266
vt 0.795607 0.301690
vt 0.793421 0.318271
vt 0.791591 0.331444
vt 0.789905 0.343333
vt 0.788099 0.356595
vt 0.785937 0.372801
vt 0.820051 0.168498
vt 0.817285 0.185729
vt 0.814909 0.201101
vt 0.812751 0.214533
vt 0.810445 0.227222
vt 0.807823 0.242718
vt 0.804862 0.261890
vt 0.801748 0.282282
vt 0.798709 0.301661
vt 0.795959 0.318165
vt 0.793601 0.331415
vt 0.791486 0.343540
vt 0.789245 0.356860
vt 0.786578 0.372963
vt 0.828053 0.168660
vt 0.824700 0.184886
vt 0.821658 0.199996
vt 0.818777 0.213637
vt 0.815612 0.227104
vt 0.812263 0.243292
vt 0.808794 0.262625
vt 0.805252 0.283034
vt 0.801731 0.302370
vt 0.798472 0.318803
vt 0.795653 0.331959
vt 0.793090 0.343999
vt 0.790372 0.357188
vt 0.787194 0.373136
vt 0.790225 0.163794
vt 0.842658 0.170563
vt 0.790254 0.179866
vt 0.838179 0.185658
vt 0.790034 0.195272
vt 0.833977 0.200488
vt 0.789892 0.209937
vt 0.829772 0.214600
vt 0.789689 0.225271
vt 0.825614 0.229422
vt 0.788968 0.242860
vt 0.821395 0.246620
vt 0.787805 0.262452
vt 0.817147 0.265924
vt 0.786633 0.283018
vt 0.812591 0.286111
vt 0.785765 0.302725
vt 0.807883 0.305294
vt 0.785370 0.319592
vt 0.803264 0.321539
vt 0.785258 0.332459
vt 0.799289 0.334072
vt 0.785107 0.343647
vt 0.795970 0.345213
vt 0.784769 0.356536
vt 0.792459 0.357786
vt 0.784133 0.372704
vt 0.788340 0.373398
vt 0.835730 0.169023
vt 0.831748 0.184567
vt 0.828013 0.199513
vt 0.824393 0.213454
vt 0.820599 0.227819
vt 0.816767 0.244709
vt 0.812960 0.264130
vt 0.808938 0.284460
vt 0.804854 0.303725
vt 0.800958 0.320055
vt 0.797586 0.332927
vt 0.794578 0.344593
vt 0.791407 0.357504
vt 0.787752 0.373279
vt 0.406515 0.166478
vt 0.402751 0.167204
vt 0.405349 0.181120
vt 0.402114 0.181033
vt 0.404032 0.194741
vt 0.401046 0.194598
vt 0.402911 0.207088
vt 0.400131 0.206925
vt 0.401867 0.218478
vt 0.399309 0.218212
vt 0.400651 0.230111
vt 0.398336 0.229660
vt 0.399260 0.243127
vt 0.397191 0.242600
vt 0.397764 0.257115
vt 0.395950 0.256597
vt 0.396289 0.271104
vt 0.394743 0.270630
vt 0.394947 0.284079
vt 0.393675 0.283675
vt 0.393797 0.295481
vt 0.392789 0.295197
vt 0.392738 0.306005
vt 0.391974 0.305845
vt 0.391636 0.316793
vt 0.391109 0.316719
vt 0.390369 0.328992
vt 0.390085 0.328963
vt 0.410709 0.165658
vt 0.408793 0.180975
vt 0.407184 0.194472
vt 0.405750 0.206667
vt 0.404376 0.218112
vt 0.402892 0.230107
vt 0.401262 0.243367
vt 0.399529 0.257450
vt 0.397795 0.271459
vt 0.396189 0.284409
vt 0.394790 0.295717
vt 0.393510 0.306128
vt 0.392189 0.316838
vt 0.390677 0.329005
vt 0.415412 0.165536
vt 0.412632 0.180914
vt 0.410697 0.194193
vt 0.408887 0.206191
vt 0.407082 0.217617
vt 0.405242 0.229877
vt 0.403317 0.243348
vt 0.401314 0.257537
vt 0.399323 0.271594
vt 0.397468 0.284556
vt 0.395831 0.295834
vt 0.394323 0.306192
vt 0.392770 0.316864
vt 0.391002 0.329015
vt 0.419659 0.166499
vt 0.416265 0.181196
vt 0.414066 0.194259
vt 0.411970 0.206114
vt 0.409852 0.217472
vt 0.407704 0.229755
vt 0.405481 0.243262
vt 0.403193 0.257480
vt 0.400929 0.271557
vt 0.398808 0.284537
vt 0.396906 0.295840
vt 0.395138 0.306218
vt 0.393329 0.316893
vt 0.391303 0.329036
vt 0.398518 0.167347
vt 0.425999 0.170623
vt 0.398488 0.180615
vt 0.422700 0.183206
vt 0.397728 0.193939
vt 0.419983 0.196038
vt 0.397115 0.206091
vt 0.417252 0.207853
vt 0.396619 0.217301
vt 0.414630 0.218957
vt 0.395992 0.228869
vt 0.412200 0.230635
vt 0.395118 0.241976
vt 0.409605 0.243691
vt 0.394137 0.256100
vt 0.406866 0.257672
vt 0.393187 0.270231
vt 0.404089 0.271618
vt 0.392376 0.283363
vt 0.401426 0.284538
vt 0.391741 0.294973
vt 0.398975 0.295902
vt 0.391174 0.305696
vt 0.396692 0.306380
vt 0.390558 0.316626
vt 0.394396 0.317087
vt 0.389786 0.328918
vt 0.391882 0.329167
vt 0.423103 0.168084
vt 0.419417 0.181952
vt 0.417015 0.194849
vt 0.414668 0.206640
vt 0.412364 0.217886
vt 0.410057 0.229965
vt 0.407619 0.243324
vt 0.405080 0.257467
vt 0.402546 0.271505
vt 0.400143 0.284474
vt 0.397957 0.295821
vt 0.395919 0.306258
vt 0.393857 0.316959
vt 0.391584 0.329084
vt 0.244550 0.601173
vt 0.244293 0.605832
vt 0.211584 0.594622
vt 0.213278 0.617802
vt 0.244018 0.619508
vt 0.241500 0.631060
vt 0.212593 0.629890
vt 0.212263 0.642047
vt 0.239738 0.642558
vt 0.237378 0.652430
vt 0.211924 0.651626
vt 0.211849 0.661187
vt 0.235760 0.662428
vt 0.083072 0.760472
vt 0.229817 0.718852
vt 0.099968 0.787051
vt 0.216343 0.758925
vt 0.118593 0.830160
vt 0.214217 0.813500
vt 0.136863 0.878104
vt 0.213560 0.865701
vt 0.157099 0.917128
vt 0.208493 0.908448
vt 0.177989 0.958466
vt 0.203678 0.953726
vt 0.179539 0.577042
vt 0.177589 0.616806
vt 0.178946 0.629695
vt 0.180093 0.642727
vt 0.182395 0.652550
vt 0.595624 0.649209
vt 0.199031 0.754319
vt 0.200122 0.813047
vt 0.202704 0.867132
vt 0.201385 0.909961
vt 0.199911 0.953874
vt 0.017068 0.660493
vt 0.806787 0.607914
vt 0.823684 0.593360
vt 0.694676 0.690206
vt 0.080395 0.720762
vt 0.087752 0.728500
vt 0.102068 0.752174
vt 0.115775 0.781385
vt 0.131605 0.825649
vt 0.147077 0.874925
vt 0.164112 0.914988
vt 0.181496 0.956982
vt 0.028764 0.623845
vt 0.674389 0.499420
vt 0.720730 0.695009
vt 0.096532 0.701369
vt 0.104943 0.710431
vt 0.121277 0.739550
vt 0.132938 0.773122
vt 0.145636 0.820886
vt 0.158632 0.872952
vt 0.171932 0.914319
vt 0.185369 0.955909
vt 0.123764 0.555140
vt 0.093067 0.561442
vt 0.110943 0.620876
vt 0.141930 0.616101
vt 0.145652 0.630413
vt 0.117378 0.636002
vt 0.123194 0.650756
vt 0.148933 0.644776
vt 0.154249 0.656297
vt 0.131137 0.663660
vt 0.138471 0.676718
vt 0.158889 0.668215
vt 0.173355 0.703796
vt 0.155337 0.711685
vt 0.180930 0.753255
vt 0.164496 0.756725
vt 0.185330 0.813158
vt 0.171733 0.814086
vt 0.191054 0.869315
vt 0.179983 0.871082
vt 0.193755 0.912284
vt 0.186300 0.913924
vt 0.195950 0.954341
vt 0.192316 0.954855
vt 0.062727 0.574594
vt 0.747778 0.687231
vt 0.113623 0.681255
vt 0.121333 0.691144
vt 0.139008 0.724319
vt 0.149314 0.763830
vt 0.159033 0.816736
vt 0.169686 0.871997
vt 0.179317 0.914466
vt 0.188989 0.955278
vt 0.782016 0.643386
vt 0.769344 0.668176
vt 0.376449 0.051651
vt 0.611275 0.004913
vt 0.767426 0.029531
vt 0.747747 0.017654
vt 0.385295 0.026616
vt 0.630551 0.018191
vt 0.004883 0.188764
vt 0.655030 0.024458
vt 0.725231 0.014255
vt 0.702801 0.018303
vt 0.680265 0.024048
vt 0.065411 0.150568
vt 0.792537 0.055689
vt 0.954283 0.006022
vt 0.930496 0.009348
vt 0.811290 0.043050
vt 0.832068 0.033576
vt 0.905038 0.013557
vt 0.879217 0.019707
vt 0.854715 0.026253
vt 0.050867 0.189463
vt 0.787614 0.453751
vt 0.932680 0.401696
vt 0.910199 0.405615
vt 0.807794 0.447041
vt 0.827615 0.441887
vt 0.887987 0.413761
vt 0.866733 0.424444
vt 0.846958 0.434780
vt 0.178845 0.590240
vt 0.212113 0.602296
vt 0.212677 0.610024
vt 0.178219 0.603488
vt 0.129745 0.575435
vt 0.135805 0.595777
vt 0.099221 0.581187
vt 0.105263 0.600987
vt 0.069734 0.594353
vt 0.076561 0.614104
vt 0.037834 0.633812
vt 0.046872 0.643799
vt 0.022565 0.666143
vt 0.028060 0.671739
vt 0.244099 0.610445
vt 0.243995 0.615006
vt 0.791409 0.622098
vt 0.607117 0.051998
vt 0.749564 0.087056
vt 0.608649 0.085785
vt 0.742394 0.119378
vt 0.604336 0.115183
vt 0.737055 0.139601
vt 0.750238 0.152716
vt 0.733422 0.153717
vt 0.732246 0.168233
vt 0.749179 0.167796
vt 0.747044 0.184712
vt 0.731694 0.187038
vt 0.733666 0.206569
vt 0.748376 0.202557
vt 0.653715 0.264067
vt 0.738746 0.240392
vt 0.665533 0.303715
vt 0.746943 0.278754
vt 0.683527 0.352759
vt 0.757025 0.329698
vt 0.701222 0.394639
vt 0.763759 0.374243
vt 0.715675 0.424301
vt 0.767464 0.408890
vt 0.729771 0.455376
vt 0.771481 0.443072
vt 0.743938 0.485844
vt 0.775407 0.475968
vt 0.756571 0.510935
vt 0.778366 0.504190
vt 0.769157 0.535232
vt 0.781000 0.531649
vt 0.729892 0.081368
vt 0.719712 0.116986
vt 0.716066 0.137579
vt 0.715060 0.152674
vt 0.714548 0.167252
vt 0.716078 0.187109
vt 0.717781 0.207203
vt 0.724467 0.242758
vt 0.735051 0.281519
vt 0.746368 0.332260
vt 0.754546 0.376304
vt 0.759558 0.410083
vt 0.765041 0.443717
vt 0.770599 0.476271
vt 0.775068 0.504474
vt 0.779230 0.531893
vt 0.629191 0.051966
vt 0.627505 0.082187
vt 0.622442 0.117576
vt 0.029222 0.272916
vt 0.004883 0.295096
vt 0.134209 0.328277
vt 0.645802 0.219109
vt 0.662904 0.255062
vt 0.676772 0.298817
vt 0.694321 0.350096
vt 0.710509 0.394184
vt 0.723140 0.423930
vt 0.735802 0.454103
vt 0.748554 0.484777
vt 0.759718 0.510137
vt 0.770807 0.534620
vt 0.650899 0.053744
vt 0.646449 0.082466
vt 0.640458 0.119960
vt 0.048016 0.272654
vt 0.012360 0.577565
vt 0.657981 0.210169
vt 0.673689 0.247925
vt 0.688299 0.294408
vt 0.705063 0.347505
vt 0.720146 0.393403
vt 0.731026 0.423196
vt 0.741865 0.452656
vt 0.753159 0.483357
vt 0.762885 0.509179
vt 0.772486 0.534079
vt 0.710843 0.073093
vt 0.691557 0.064350
vt 0.699779 0.107574
vt 0.682745 0.096367
vt 0.695511 0.132248
vt 0.676836 0.126874
vt 0.696758 0.148409
vt 0.678757 0.144751
vt 0.678099 0.162930
vt 0.696286 0.164531
vt 0.700024 0.184184
vt 0.683347 0.182334
vt 0.686812 0.202481
vt 0.701966 0.204501
vt 0.711060 0.241832
vt 0.698775 0.240774
vt 0.723349 0.283899
vt 0.711767 0.286736
vt 0.735958 0.335871
vt 0.725747 0.340118
vt 0.746063 0.380268
vt 0.738279 0.385570
vt 0.752288 0.412719
vt 0.745879 0.416702
vt 0.758915 0.445272
vt 0.753290 0.447708
vt 0.765937 0.477378
vt 0.761652 0.479219
vt 0.771861 0.505279
vt 0.768873 0.506521
vt 0.777508 0.532337
vt 0.775836 0.532909
vt 0.671799 0.057582
vt 0.665051 0.087343
vt 0.658692 0.123090
vt 0.065907 0.277282
vt 0.671609 0.203929
vt 0.686142 0.242851
vt 0.700110 0.290345
vt 0.715544 0.344293
vt 0.729713 0.390416
vt 0.738920 0.420624
vt 0.747775 0.450451
vt 0.757533 0.481410
vt 0.765951 0.507930
vt 0.774170 0.533511
vt 0.081221 0.306881
vt 0.094429 0.320226
vt 0.801333 0.482167
vt 0.932486 0.431662
vt 0.812598 0.503570
vt 0.934810 0.458526
vt 0.823468 0.524269
vt 0.936116 0.483203
vt 0.833316 0.541418
vt 0.936984 0.506219
vt 0.843268 0.557091
vt 0.937940 0.528920
vt 0.853470 0.574453
vt 0.938916 0.551567
vt 0.863936 0.594403
vt 0.940118 0.574985
vt 0.874935 0.616457
vt 0.941961 0.599830
vt 0.886443 0.639495
vt 0.944196 0.625307
vt 0.898323 0.660339
vt 0.945968 0.648588
vt 0.909640 0.675942
vt 0.947012 0.666638
vt 0.918759 0.689125
vt 0.947028 0.680283
vt 0.928735 0.705880
vt 0.948592 0.699450
vt 0.940725 0.728097
vt 0.951482 0.724736
vt 0.912131 0.431852
vt 0.916314 0.459865
vt 0.919292 0.483691
vt 0.921731 0.506487
vt 0.923892 0.529378
vt 0.926047 0.552020
vt 0.928620 0.575386
vt 0.931887 0.600377
vt 0.935597 0.626053
vt 0.938775 0.649632
vt 0.940953 0.667870
vt 0.942663 0.681257
vt 0.945639 0.699944
vt 0.949873 0.724941
vt 0.820085 0.474679
vt 0.829992 0.496810
vt 0.839774 0.518604
vt 0.848010 0.535954
vt 0.856078 0.551396
vt 0.864850 0.569230
vt 0.874155 0.589873
vt 0.883877 0.612209
vt 0.893960 0.635169
vt 0.904020 0.655942
vt 0.913275 0.671934
vt 0.921854 0.686310
vt 0.931274 0.704249
vt 0.942147 0.727309
vt 0.838178 0.465695
vt 0.847420 0.489646
vt 0.856374 0.512111
vt 0.863465 0.529894
vt 0.869639 0.545816
vt 0.876729 0.564419
vt 0.884695 0.585734
vt 0.893076 0.608497
vt 0.901808 0.631721
vt 0.910312 0.652626
vt 0.918034 0.669000
vt 0.925660 0.684086
vt 0.934002 0.702841
vt 0.943616 0.726602
vt 0.892341 0.435971
vt 0.873480 0.444051
vt 0.898156 0.464229
vt 0.880818 0.471587
vt 0.902816 0.487560
vt 0.887116 0.494371
vt 0.906676 0.509494
vt 0.892260 0.514825
vt 0.909901 0.531443
vt 0.896340 0.534934
vt 0.913202 0.553550
vt 0.900754 0.556116
vt 0.917173 0.576684
vt 0.906084 0.578859
vt 0.921861 0.601438
vt 0.912046 0.603071
vt 0.926953 0.626728
vt 0.918357 0.627644
vt 0.931552 0.649836
vt 0.924311 0.649867
vt 0.934769 0.667935
vt 0.929044 0.667262
vt 0.938210 0.681643
vt 0.933977 0.681763
vt 0.942684 0.700374
vt 0.939755 0.700893
vt 0.948275 0.725196
vt 0.946693 0.725539
vt 0.855661 0.454740
vt 0.864106 0.480665
vt 0.871994 0.503286
vt 0.878212 0.522188
vt 0.883102 0.539982
vt 0.888705 0.559860
vt 0.895341 0.581952
vt 0.902471 0.605413
vt 0.909933 0.629226
vt 0.917155 0.650593
vt 0.923478 0.667420
vt 0.929807 0.682493
vt 0.936853 0.701695
vt 0.945135 0.726005
vt 0.114073 0.328133
vt 0.184376 0.662378
vt 0.779396 0.615378
vt 0.790941 0.594868
vt 0.778261 0.612950
vt 0.789828 0.593834
vt 0.775667 0.610231
vt 0.787571 0.592366
vt 0.774720 0.608135
vt 0.786498 0.592187
vt 0.771519 0.603136
vt 0.782589 0.590012
vt 0.763394 0.592375
vt 0.772973 0.582563
vt 0.751702 0.577806
vt 0.760202 0.569972
vt 0.739460 0.562679
vt 0.747071 0.555872
vt 0.728175 0.549264
vt 0.734628 0.543158
vt 0.718352 0.538540
vt 0.723429 0.533163
vt 0.709440 0.530213
vt 0.713289 0.525605
vt 0.700759 0.523263
vt 0.703629 0.519514
vt 0.692318 0.516332
vt 0.694295 0.513709
vt 0.683745 0.508258
vt 0.684812 0.506904
vt 0.686775 0.657330
vt 0.686952 0.655120
vt 0.688506 0.648604
vt 0.688555 0.642273
vt 0.687340 0.633175
vt 0.684893 0.619332
vt 0.682047 0.602425
vt 0.679038 0.584994
vt 0.676395 0.568609
vt 0.674751 0.554991
vt 0.674825 0.544341
vt 0.675903 0.534885
vt 0.676015 0.524513
vt 0.674902 0.512453
vt 0.774729 0.639996
vt 0.768321 0.633264
vt 0.764121 0.627456
vt 0.760864 0.620810
vt 0.757263 0.611520
vt 0.751042 0.598533
vt 0.741336 0.583304
vt 0.730531 0.567818
vt 0.720437 0.553766
vt 0.711999 0.542422
vt 0.704675 0.533872
vt 0.697422 0.526572
vt 0.690090 0.518681
vt 0.682529 0.509446
vt 0.764430 0.662366
vt 0.756400 0.649668
vt 0.751626 0.640335
vt 0.747274 0.629412
vt 0.743103 0.616840
vt 0.737620 0.602560
vt 0.729708 0.587253
vt 0.720526 0.571558
vt 0.711812 0.556915
vt 0.704808 0.544943
vt 0.699234 0.536514
vt 0.693648 0.529270
vt 0.687615 0.520636
vt 0.681183 0.510437
vt 0.745779 0.676252
vt 0.741064 0.660615
vt 0.737437 0.648953
vt 0.733513 0.635612
vt 0.729259 0.621285
vt 0.724103 0.606230
vt 0.717580 0.590699
vt 0.710043 0.574744
vt 0.702805 0.559450
vt 0.697101 0.546844
vt 0.693170 0.538584
vt 0.689433 0.531417
vt 0.684919 0.522180
vt 0.679729 0.511228
vt 0.724108 0.678818
vt 0.723406 0.664905
vt 0.721811 0.653080
vt 0.719199 0.639772
vt 0.715484 0.625657
vt 0.710823 0.610605
vt 0.705501 0.594670
vt 0.699625 0.578095
vt 0.693914 0.562338
vt 0.689407 0.549437
vt 0.686860 0.540872
vt 0.684910 0.533172
vt 0.682037 0.523344
vt 0.678185 0.511829
vt 0.703913 0.671201
vt 0.705030 0.663100
vt 0.705467 0.653193
vt 0.704441 0.642327
vt 0.701727 0.630007
vt 0.697871 0.615347
vt 0.693718 0.598828
vt 0.689348 0.581765
vt 0.685186 0.565690
vt 0.682059 0.552542
vt 0.680769 0.543030
vt 0.680392 0.534392
vt 0.679076 0.524150
vt 0.676576 0.512249
vt 0.126494 0.344919
vt 0.109126 0.339084
vt 0.119385 0.359148
vt 0.104492 0.352501
vt 0.110844 0.376702
vt 0.097905 0.369913
vt 0.102180 0.392982
vt 0.090715 0.386453
vt 0.093194 0.408944
vt 0.082708 0.402818
vt 0.084448 0.424318
vt 0.074860 0.418672
vt 0.075990 0.440285
vt 0.067344 0.435382
vt 0.067919 0.458208
vt 0.060062 0.454326
vt 0.059549 0.478693
vt 0.052547 0.475727
vt 0.050642 0.500494
vt 0.044692 0.498177
vt 0.041853 0.521332
vt 0.037029 0.519520
vt 0.033727 0.538994
vt 0.030101 0.537546
vt 0.026335 0.553539
vt 0.023903 0.552458
vt 0.019449 0.566117
vt 0.018179 0.565480
vt 0.007326 0.325472
vt 0.005225 0.345918
vt 0.004883 0.364265
vt 0.006029 0.379447
vt 0.008427 0.393367
vt 0.010309 0.407950
vt 0.010904 0.424424
vt 0.010251 0.443613
vt 0.008819 0.466290
vt 0.007526 0.490591
vt 0.006845 0.513696
vt 0.007139 0.533457
vt 0.008262 0.549915
vt 0.009861 0.564279
vt 0.091600 0.333518
vt 0.074688 0.328931
vt 0.088530 0.349039
vt 0.071680 0.349122
vt 0.083567 0.366456
vt 0.068402 0.366196
vt 0.078033 0.382394
vt 0.064642 0.380748
vt 0.071424 0.398024
vt 0.059678 0.394756
vt 0.064710 0.413897
vt 0.054322 0.410315
vt 0.058283 0.431159
vt 0.049075 0.428013
vt 0.051904 0.450981
vt 0.043716 0.448337
vt 0.045332 0.473202
vt 0.038108 0.471083
vt 0.038589 0.496233
vt 0.032436 0.494629
vt 0.032084 0.518065
vt 0.027081 0.516861
vt 0.026364 0.536432
vt 0.022564 0.535540
vt 0.021381 0.551631
vt 0.018803 0.550996
vt 0.016852 0.564986
vt 0.015488 0.564619
vt 0.058016 0.325699
vt 0.041171 0.324190
vt 0.054612 0.351238
vt 0.037753 0.352477
vt 0.052525 0.368325
vt 0.035991 0.369765
vt 0.050296 0.381425
vt 0.034896 0.382403
vt 0.047236 0.393493
vt 0.033962 0.393544
vt 0.043641 0.408429
vt 0.032478 0.407966
vt 0.039812 0.426206
vt 0.030281 0.425473
vt 0.035538 0.446533
vt 0.027241 0.445377
vt 0.030886 0.469426
vt 0.023621 0.468132
vt 0.026263 0.493294
vt 0.020066 0.492157
vt 0.022056 0.515797
vt 0.017009 0.514844
vt 0.018731 0.534763
vt 0.014884 0.534091
vt 0.016188 0.550490
vt 0.013558 0.550103
vt 0.014098 0.564359
vt 0.012693 0.564202
vt 0.024285 0.324457
vt 0.021419 0.349801
vt 0.019941 0.367467
vt 0.019820 0.381088
vt 0.020751 0.393392
vt 0.021182 0.407873
vt 0.020536 0.424889
vt 0.018754 0.444456
vt 0.016246 0.467100
vt 0.013818 0.491217
vt 0.011945 0.514094
vt 0.011025 0.533610
vt 0.010916 0.549886
vt 0.011278 0.564167
vt 0.693401 0.404816
vt 0.680901 0.388195
vt 0.696211 0.422130
vt 0.595624 0.396120
vt 0.608677 0.398003
vt 0.663588 0.382022
vt 0.638105 0.402528
vt 0.623634 0.402659
vt 0.821965 0.101406
vt 0.952151 0.053905
vt 0.827724 0.117632
vt 0.950066 0.067476
vt 0.835903 0.131160
vt 0.950375 0.090663
vt 0.846098 0.147341
vt 0.951711 0.116995
vt 0.856812 0.168816
vt 0.951904 0.144344
vt 0.866479 0.190388
vt 0.952993 0.171844
vt 0.876589 0.217687
vt 0.957459 0.203460
vt 0.888847 0.251013
vt 0.962282 0.238029
vt 0.902112 0.279494
vt 0.965734 0.266980
vt 0.915815 0.305904
vt 0.966384 0.292968
vt 0.929183 0.334806
vt 0.969448 0.324340
vt 0.941958 0.362297
vt 0.972516 0.354862
vt 0.952931 0.383335
vt 0.973883 0.378098
vt 0.963249 0.401876
vt 0.974576 0.398845
vt 0.930173 0.050280
vt 0.931845 0.064005
vt 0.934122 0.089134
vt 0.936320 0.116500
vt 0.937996 0.143389
vt 0.940556 0.171623
vt 0.945900 0.205679
vt 0.952126 0.241946
vt 0.957441 0.271470
vt 0.959448 0.295487
vt 0.963679 0.325713
vt 0.968043 0.355885
vt 0.970823 0.378838
vt 0.972926 0.399141
vt 0.838438 0.089774
vt 0.848202 0.113938
vt 0.853810 0.126075
vt 0.861464 0.142150
vt 0.870946 0.164827
vt 0.879404 0.187576
vt 0.887957 0.214666
vt 0.898716 0.247319
vt 0.909933 0.275379
vt 0.922450 0.302329
vt 0.934540 0.331895
vt 0.945813 0.359876
vt 0.955512 0.381619
vt 0.964705 0.401015
vt 0.853969 0.076678
vt 0.866644 0.103963
vt 0.871234 0.117152
vt 0.876405 0.134851
vt 0.884472 0.158824
vt 0.892082 0.183398
vt 0.899369 0.212128
vt 0.909060 0.245310
vt 0.918827 0.273247
vt 0.929683 0.299693
vt 0.940243 0.329616
vt 0.950073 0.358077
vt 0.958434 0.380381
vt 0.966292 0.400376
vt 0.908526 0.050873
vt 0.888394 0.055520
vt 0.913824 0.067388
vt 0.897028 0.076336
vt 0.917694 0.091288
vt 0.901790 0.097118
vt 0.920583 0.118061
vt 0.905151 0.121505
vt 0.923576 0.144431
vt 0.909582 0.147330
vt 0.927643 0.172750
vt 0.915085 0.175113
vt 0.934158 0.207647
vt 0.922401 0.209063
vt 0.941697 0.244738
vt 0.930806 0.245183
vt 0.947419 0.274243
vt 0.937092 0.274667
vt 0.951974 0.297336
vt 0.944347 0.297985
vt 0.957815 0.326763
vt 0.951918 0.327388
vt 0.963464 0.356479
vt 0.958955 0.356694
vt 0.967663 0.379304
vt 0.964547 0.379478
vt 0.971256 0.399432
vt 0.969587 0.399683
vt 0.870384 0.064369
vt 0.881675 0.089678
vt 0.886696 0.106021
vt 0.890528 0.127082
vt 0.896770 0.152218
vt 0.903516 0.178748
vt 0.910800 0.210342
vt 0.919838 0.244877
vt 0.927809 0.273335
vt 0.936983 0.298320
vt 0.946068 0.328148
vt 0.954502 0.357047
vt 0.961485 0.379693
vt 0.967930 0.399956
vt 0.676069 0.427964
vt 0.663806 0.421721
vt 0.668756 0.443296
vt 0.658114 0.436300
vt 0.663265 0.456013
vt 0.653016 0.449430
vt 0.659687 0.465728
vt 0.649735 0.460861
vt 0.655443 0.477823
vt 0.646565 0.474470
vt 0.649925 0.493775
vt 0.642064 0.490967
vt 0.644091 0.510796
vt 0.637059 0.508222
vt 0.638518 0.526798
vt 0.632312 0.524490
vt 0.633157 0.541945
vt 0.627842 0.539992
vt 0.627664 0.557438
vt 0.623216 0.555818
vt 0.621998 0.573363
vt 0.618398 0.572067
vt 0.616228 0.589614
vt 0.613440 0.588687
vt 0.610132 0.606858
vt 0.608197 0.606282
vt 0.603442 0.626299
vt 0.602404 0.626016
vt 0.687655 0.434646
vt 0.679648 0.449199
vt 0.674553 0.460723
vt 0.669974 0.469951
vt 0.664259 0.481328
vt 0.657772 0.496615
vt 0.651178 0.513227
vt 0.644771 0.528996
vt 0.638475 0.543948
vt 0.632093 0.559180
vt 0.625560 0.574817
vt 0.618975 0.590663
vt 0.612039 0.607518
vt 0.604467 0.626630
vt 0.596061 0.411704
vt 0.597996 0.427211
vt 0.600065 0.440178
vt 0.600812 0.453363
vt 0.600488 0.468640
vt 0.600237 0.485588
vt 0.600102 0.503063
vt 0.600019 0.520029
vt 0.599878 0.536408
vt 0.599670 0.552797
vt 0.599364 0.569464
vt 0.598931 0.586380
vt 0.598278 0.604487
vt 0.597121 0.624992
vt 0.609339 0.411362
vt 0.610344 0.424686
vt 0.610954 0.437343
vt 0.610764 0.451731
vt 0.609789 0.468098
vt 0.608720 0.485175
vt 0.607638 0.502548
vt 0.606601 0.519529
vt 0.605567 0.536115
vt 0.604461 0.552696
vt 0.603238 0.569511
vt 0.601875 0.586513
vt 0.600287 0.604643
vt 0.598193 0.625100
vt 0.650724 0.416909
vt 0.647070 0.429954
vt 0.643203 0.443100
vt 0.640279 0.456446
vt 0.637653 0.471699
vt 0.634094 0.488518
vt 0.630027 0.505806
vt 0.626142 0.522332
vt 0.622487 0.538285
vt 0.618692 0.554463
vt 0.614723 0.571003
vt 0.610607 0.587898
vt 0.606242 0.605769
vt 0.601357 0.625755
vt 0.636832 0.414048
vt 0.635085 0.425881
vt 0.632934 0.438634
vt 0.630709 0.453363
vt 0.628530 0.469768
vt 0.625840 0.486711
vt 0.622777 0.503949
vt 0.619810 0.520687
vt 0.616977 0.537030
vt 0.614037 0.553482
vt 0.610953 0.570226
vt 0.607726 0.587267
vt 0.604272 0.605312
vt 0.600307 0.625507
vt 0.622932 0.412127
vt 0.622855 0.424032
vt 0.621992 0.436748
vt 0.620794 0.451714
vt 0.619176 0.468553
vt 0.617309 0.485592
vt 0.615255 0.502837
vt 0.613249 0.519729
vt 0.611300 0.536307
vt 0.609267 0.552904
vt 0.607105 0.569746
vt 0.604810 0.586804
vt 0.602287 0.604926
vt 0.599254 0.625280
vt 0.211098 0.587006
vt 0.208570 0.110345
vt 0.350159 0.039030
vt 0.339109 0.079653
vt 0.270622 0.173569
vt 0.234587 0.175014
vt 0.308805 0.148794
vt 0.187502 0.714205
vt 0.190135 0.727274
vt 0.203069 0.730851
vt 0.171678 0.682938
vt 0.185800 0.670507
vt 0.214284 0.724683
vt 0.214337 0.711778
vt 0.203285 0.678053
vt 0.092917 0.691627
vt 0.049875 0.684689
vt 0.075832 0.703998
vt 0.088080 0.651910
vt 0.098296 0.670397
vt 0.049678 0.646112
vt 0.070761 0.640301
vt 0.038572 0.665372
vt 0.376248 0.139096
vt 0.352765 0.134586
vt 0.396830 0.128306
vt 0.356057 0.092321
vt 0.344589 0.114523
vt 0.401125 0.023957
vt 0.390456 0.048883
vt 0.379326 0.075200
vt 0.636452 0.132224
vt 0.615199 0.129387
vt 0.657811 0.136504
vt 0.591743 0.151715
vt 0.663146 0.161618
vt 0.649189 0.189523
vt 0.629600 0.196941
vt 0.663133 0.176020
vt 0.042889 0.721354
vt 0.054142 0.726876
vt 0.062038 0.734945
vt 0.070307 0.742578
vt 0.017663 0.701698
vt 0.021988 0.703895
vt 0.009092 0.697249
vt 0.013344 0.699475
vt 0.207165 0.954130
vt 0.215225 0.908753
vt 0.223537 0.865632
vt 0.227275 0.814157
vt 0.231545 0.764961
vt 0.239070 0.685588
vt 0.004883 0.695040
vt 0.528868 0.887686
vt 0.522104 0.847129
vt 0.515819 0.812321
vt 0.509117 0.777813
vt 0.502288 0.741329
vt 0.495883 0.707370
vt 0.490293 0.680543
vt 0.485925 0.657914
vt 0.481737 0.634426
vt 0.381274 0.828291
vt 0.469882 0.842080
vt 0.470802 0.867887
vt 0.461884 0.909056
vt 0.665478 0.499743
vt 0.672694 0.485091
vt 0.679610 0.473815
vt 0.685485 0.464542
vt 0.691196 0.454247
vt 0.698807 0.441406
vt 0.707217 0.428512
vt 0.605466 0.627031
vt 0.613900 0.608286
vt 0.621679 0.591829
vt 0.629094 0.576376
vt 0.636481 0.561047
vt 0.643736 0.546045
vt 0.650938 0.531243
vt 0.658180 0.515785
vt 0.219576 0.687018
vt 0.205604 0.695890
vt 0.056415 0.693238
vt 0.032311 0.710921
vt 0.244550 0.732484
vt 0.107499 0.227752
vt 0.097854 0.245808
vt 0.097396 0.212869
vt 0.007377 0.192632
vt 0.076941 0.257218
vt 0.076067 0.207969
vt 0.052206 0.200770
vt 0.027974 0.194331
vt 0.174088 0.167196
vt 0.161941 0.184572
vt 0.164486 0.146459
vt 0.114266 0.173069
vt 0.136800 0.185850
vt 0.149126 0.126571
vt 0.138012 0.102159
vt 0.093059 0.153376
vt 0.951453 0.575589
vt 0.951554 0.552478
vt 0.951764 0.530346
vt 0.952032 0.508609
vt 0.952852 0.485720
vt 0.953385 0.460049
vt 0.952798 0.434002
vt 0.954504 0.402209
vt 0.951976 0.599846
vt 0.953098 0.724575
vt 0.951536 0.698971
vt 0.951039 0.679018
vt 0.952432 0.664847
vt 0.953179 0.647389
vt 0.952864 0.624650
vt 0.593237 0.129243
vt 0.609373 0.201376
vt 0.622448 0.216267
vt 0.636440 0.231274
vt 0.782769 0.531640
vt 0.781594 0.504432
vt 0.780097 0.476402
vt 0.777749 0.443322
vt 0.775100 0.409321
vt 0.772955 0.374341
vt 0.767956 0.328138
vt 0.758684 0.275284
vt 0.751055 0.235167
vt 0.755919 0.139963
vt 0.764119 0.118222
vt 0.770274 0.090908
vt 0.783027 0.046414
vt 0.976243 0.398670
vt 0.976878 0.377361
vt 0.976926 0.353781
vt 0.975279 0.323146
vt 0.973333 0.291025
vt 0.973747 0.263265
vt 0.972488 0.234430
vt 0.969041 0.201468
vt 0.965391 0.173303
vt 0.965554 0.147500
vt 0.966943 0.120441
vt 0.966584 0.096468
vt 0.968040 0.076494
vt 0.973016 0.058178
vt 0.976926 0.004911
vt 0.685690 0.505432
vt 0.695866 0.510918
vt 0.705751 0.515475
vt 0.715927 0.520351
vt 0.727055 0.526676
vt 0.739807 0.535733
vt 0.753558 0.547640
vt 0.767035 0.560563
vt 0.779243 0.570871
vt 0.788666 0.575222
vt 0.794894 0.576205
vt 0.799347 0.576987
vt 0.803951 0.579151
vt 0.805748 0.578903
vt 0.674389 0.677452
vt 0.020636 0.566898
vt 0.028623 0.554892
vt 0.037163 0.540822
vt 0.046471 0.523562
vt 0.056387 0.503210
vt 0.066308 0.482067
vt 0.075422 0.462601
vt 0.084034 0.445900
vt 0.093151 0.430930
vt 0.102510 0.416474
vt 0.112045 0.401714
vt 0.122072 0.386306
vt 0.132656 0.369072
vt 0.143057 0.351064
vt 0.152056 0.322547
vt 0.580855 0.141961
vt 0.613464 0.187238
vt 0.437667 0.929603
vt 0.282803 0.227653
vt 0.270259 0.241976
vt 0.296378 0.234841
vt 0.276893 0.260229
vt 0.307091 0.257968
vt 0.296805 0.275158
vt 0.286007 0.271448
vt 0.305521 0.270882
vt 0.470802 0.832383
vt 0.539985 0.604724
vt 0.389888 0.820584
vt 0.462779 0.825266
vt 0.390405 0.812040
vt 0.463139 0.815255
vt 0.387896 0.794713
vt 0.393462 0.800917
vt 0.461657 0.805193
vt 0.468820 0.800421
vt 0.466020 0.781795
vt 0.470009 0.328263
vt 0.469074 0.366138
vt 0.468129 0.404360
vt 0.467365 0.440927
vt 0.466896 0.474056
vt 0.466530 0.502670
vt 0.466062 0.527648
vt 0.466074 0.553300
vt 0.465944 0.582831
vt 0.465778 0.616510
vt 0.465525 0.653252
vt 0.465247 0.691427
vt 0.465138 0.729238
vt 0.465551 0.765209
vt 0.368965 0.386306
vt 0.412702 0.383562
vt 0.357117 0.257324
vt 0.164931 0.321048
vt 0.189847 0.356473
vt 0.342440 0.368375
vt 0.332254 0.276849
vt 0.330290 0.326732
vt 0.031986 0.020071
vt 0.034951 0.030349
vt 0.028191 0.059056
vt 0.032623 0.050514
vt 0.021176 0.066917
vt 0.034951 0.041117
vt 0.027202 0.011813
vt 0.020846 0.004912
vt 0.562655 0.564943
vt 0.574917 0.559794
vt 0.576022 0.564812
vt 0.569062 0.565816
vt 0.573451 0.551732
vt 0.566441 0.551049
vt 0.560192 0.550641
vt 0.580052 0.408492
vt 0.576471 0.356966
vt 0.574119 0.309142
vt 0.575260 0.267543
vt 0.576212 0.231328
vt 0.575752 0.193750
vt 0.575213 0.154713
vt 0.575432 0.118420
vt 0.576972 0.088464
vt 0.578935 0.063741
vt 0.582211 0.046145
vt 0.587343 0.033479
vt 0.536366 0.562749
vt 0.538898 0.571878
vt 0.544145 0.590346
vt 0.586269 0.705295
vt 0.586139 0.673438
vt 0.586631 0.645506
vt 0.587034 0.617277
vt 0.587343 0.546937
vt 0.585044 0.504714
vt 0.259097 0.397458
vt 0.265115 0.406399
vt 0.290163 0.394717
vt 0.286372 0.405772
vt 0.272613 0.381669
vt 0.262121 0.387378
vt 0.284572 0.384330
vt 0.275505 0.410723
vt 0.307413 0.670783
vt 0.299387 0.670007
vt 0.316020 0.665393
vt 0.302981 0.642025
vt 0.296354 0.645192
vt 0.309446 0.644013
vt 0.291946 0.655793
vt 0.315496 0.652378
vt 0.370794 0.773910
vt 0.364772 0.771281
vt 0.326290 0.773049
vt 0.318709 0.761567
vt 0.364738 0.753884
vt 0.323205 0.762167
vt 0.362997 0.761781
vt 0.326322 0.769568
vt 0.819748 0.927912
vt 0.817246 0.916420
vt 0.814685 0.903785
vt 0.811970 0.888601
vt 0.809238 0.869262
vt 0.806735 0.844930
vt 0.804727 0.818038
vt 0.803105 0.791866
vt 0.801046 0.769105
vt 0.796908 0.749574
vt 0.793071 0.732627
vt 0.790873 0.715858
vt 0.789180 0.696264
vt 0.787614 0.673124
vt 0.882638 0.654052
vt 0.020005 0.017042
vt 0.023584 0.023582
vt 0.025557 0.031694
vt 0.025869 0.040193
vt 0.024306 0.047472
vt 0.020663 0.053887
vt 0.014869 0.059997
vt 0.014291 0.011749
vt 0.018299 0.018410
vt 0.021595 0.024293
vt 0.023574 0.031953
vt 0.023754 0.040068
vt 0.022232 0.046686
vt 0.018995 0.052595
vt 0.013577 0.058424
vt 0.013549 0.013850
vt 0.009333 0.025895
vt 0.018725 0.025446
vt 0.020540 0.032311
vt 0.020656 0.039783
vt 0.019335 0.045553
vt 0.016493 0.050765
vt 0.011568 0.056018
vt 0.011463 0.015996
vt 0.522325 0.448967
vt 0.524135 0.457441
vt 0.573855 0.450150
vt 0.575714 0.457459
vt 0.509625 0.443795
vt 0.580010 0.434683
vt 0.573495 0.441501
vt 0.518390 0.442075
vt 0.584685 0.457251
vt 0.518230 0.465118
vt 0.007112 0.062843
vt 0.007558 0.065145
vt 0.012911 0.072774
vt 0.015818 0.020282
vt 0.005375 0.060230
vt 0.004883 0.030476
vt 0.004945 0.038104
vt 0.009853 0.043887
vt 0.016190 0.044411
vt 0.015654 0.026465
vt 0.560983 0.555269
vt 0.567392 0.557102
vt 0.783474 0.372750
vt 0.783599 0.356586
vt 0.783526 0.343533
vt 0.783280 0.332038
vt 0.782848 0.319073
vt 0.782691 0.302221
vt 0.783030 0.282480
vt 0.783678 0.261880
vt 0.784303 0.242255
vt 0.784462 0.224520
vt 0.784113 0.208906
vt 0.783721 0.194054
vt 0.783363 0.178640
vt 0.782906 0.162821
vt 0.843489 0.165957
vt 0.277668 0.667435
vt 0.287575 0.688262
vt 0.271123 0.651185
vt 0.273972 0.659309
vt 0.201025 0.400239
vt 0.204565 0.410651
vt 0.206715 0.419789
vt 0.207831 0.425433
vt 0.033973 0.166656
vt 0.410476 0.004883
vt 0.375034 0.161762
vt 0.125900 0.284490
vt 0.145253 0.303090
vt 0.148509 0.307457
vt 0.151963 0.312930
vt 0.379125 0.245353
vt 0.371537 0.745354
vt 0.370877 0.753969
vt 0.374157 0.715605
vt 0.377042 0.687181
vt 0.382095 0.621434
vt 0.382670 0.583371
vt 0.382181 0.541403
vt 0.379827 0.490894
vt 0.375399 0.437566
vt 0.190619 0.379154
vt 0.357439 0.208048
vt 0.324279 0.778777
vt 0.327097 0.787414
vt 0.371236 0.885408
vt 0.369898 0.829988
vt 0.395985 0.133013
vt 0.057328 0.260345
vt 0.055756 0.256107
vt 0.145184 0.096845
vt 0.071036 0.143400
vt 0.412702 0.006707
vt 0.389466 0.328867
vt 0.389981 0.316545
vt 0.390362 0.305613
vt 0.390698 0.294896
vt 0.391094 0.283266
vt 0.391662 0.270069
vt 0.392370 0.255833
vt 0.393112 0.241531
vt 0.393746 0.228115
vt 0.394053 0.216212
vt 0.394666 0.180114
vt 0.394184 0.167303
vt 0.434289 0.164336
vt 0.394267 0.193116
vt 0.394082 0.205040
vn 0.586320 0.331918 -0.738958
vn 0.485177 0.322234 -0.812877
vn 0.493748 0.374365 -0.784897
vn 0.379139 0.350096 -0.856555
vn -0.965949 -0.204340 0.158706
vn -0.947734 -0.189717 0.256529
vn -0.947734 -0.189717 0.256529
vn -0.966788 -0.146785 0.209223
vn 0.223906 0.301967 0.926651
vn 0.223906 0.301967 0.926651
vn 0.218453 0.313893 0.923986
vn 0.215925 0.319374 0.922701
vn 0.551392 0.332867 0.764961
vn 0.551392 0.332867 0.764961
vn 0.353504 0.358651 0.863947
vn 0.440920 0.375452 0.815246
vn 0.353289 0.313698 -0.881351
vn 0.182048 0.248787 -0.951296
vn -0.097039 0.164224 -0.981638
vn 0.327657 0.415022 -0.848763
vn -0.138550 0.177553 -0.974310
vn 0.313769 0.413577 -0.854695
vn 0.303179 0.407307 -0.861501
vn -0.200838 0.187233 -0.961565
vn -0.253454 0.253184 -0.933627
vn 0.129671 0.498656 -0.857046
vn 0.551139 0.384172 -0.740715
vn -0.433451 0.079287 -0.897683
vn -0.258539 0.057620 -0.964281
vn 0.557839 0.318444 -0.766427
vn 0.636462 -0.584866 -0.502839
vn 0.103730 -0.676953 -0.728680
vn 0.116291 -0.737148 -0.665649
vn 0.627871 -0.661029 -0.410877
vn 0.375089 -0.798006 -0.471693
vn 0.594562 -0.742586 -0.308321
vn 0.349760 -0.837937 -0.418963
vn 0.347891 -0.840388 -0.415595
vn 0.339918 -0.854759 -0.392229
vn 0.340436 -0.854975 -0.391307
vn 0.212999 -0.733148 -0.645852
vn 0.355362 -0.851044 -0.386577
vn 0.313202 -0.703987 -0.637422
vn 0.404789 -0.827773 -0.388508
vn 0.560682 -0.822102 -0.098918
vn 0.429653 -0.651798 -0.624946
vn 0.596736 -0.548811 -0.585417
vn 0.692767 -0.714861 -0.095118
vn 0.780281 -0.359328 -0.511903
vn 0.831657 -0.552740 -0.053149
vn 0.919895 -0.130806 -0.369708
vn 0.920406 -0.388979 0.039344
vn 0.988259 -0.139906 0.061402
vn 0.988866 -0.136617 0.058988
vn 0.908722 -0.227632 0.349869
vn 0.991094 0.119558 0.058646
vn 0.969762 0.172793 0.172347
vn 0.885472 -0.185883 0.425895
vn 0.928899 0.232367 0.288360
vn 0.824585 -0.116014 0.553715
vn 0.606082 -0.174683 0.775983
vn -0.306181 0.085088 -0.948163
vn -0.304060 0.088307 -0.948551
vn -0.501685 -0.068967 -0.862297
vn -0.500989 -0.106667 -0.858855
vn -0.548362 -0.099654 -0.830282
vn -0.580015 -0.080058 -0.810662
vn -0.645273 -0.029614 -0.763378
vn -0.629202 -0.042082 -0.776102
vn -0.127022 -0.638123 -0.759384
vn -0.141854 -0.686062 -0.713580
vn -0.157613 -0.708133 -0.688263
vn -0.157531 -0.708084 -0.688332
vn -0.121113 -0.684603 -0.718784
vn -0.119039 -0.683208 -0.720456
vn -0.191772 -0.438966 -0.877800
vn -0.013663 -0.629004 -0.777282
vn -0.050590 -0.388238 -0.920170
vn 0.106504 -0.356629 -0.928156
vn 0.215392 -0.318875 -0.922998
vn 0.383310 -0.251542 -0.888707
vn 0.576207 -0.080081 -0.813371
vn 0.748587 0.132026 -0.649759
vn 0.868612 0.330337 -0.369313
vn 0.953863 0.201511 -0.222573
vn 0.877009 0.435074 -0.203877
vn 0.848585 0.515477 -0.119107
vn 0.827657 0.558574 -0.054581
vn -0.716636 -0.044949 -0.695998
vn -0.715750 -0.042404 -0.697068
vn -0.803308 -0.256399 -0.537546
vn -0.771761 -0.346399 -0.533285
vn -0.791375 -0.354834 -0.497813
vn -0.819671 -0.371299 -0.436207
vn -0.807511 -0.424494 -0.409549
vn -0.851556 -0.391021 -0.349220
vn -0.889581 -0.354343 -0.288247
vn -0.905496 -0.372967 -0.202418
vn -0.893144 -0.213805 -0.395704
vn -0.958600 -0.179479 -0.221072
vn -0.844354 -0.174341 -0.506627
vn -0.821252 -0.192996 -0.536934
vn -0.624610 -0.429110 -0.652478
vn -0.624996 -0.423997 -0.655444
vn -0.620869 -0.435137 -0.652056
vn -0.620996 -0.435211 -0.651886
vn -0.750412 -0.222865 -0.622265
vn -0.594486 -0.413992 -0.689345
vn -0.638258 -0.153037 -0.754458
vn -0.501036 -0.353413 -0.789976
vn -0.431585 -0.068434 -0.899473
vn -0.251372 -0.011275 -0.967825
vn -0.113749 0.003251 -0.993504
vn 0.002808 0.044100 -0.999023
vn 0.116491 0.092495 -0.988875
vn 0.271417 0.226529 -0.935424
vn 0.410347 0.405438 -0.816844
vn 0.747936 0.441211 -0.495908
vn 0.515696 0.726103 -0.454787
vn 0.486104 0.772638 -0.408331
vn 0.682058 0.687228 -0.250027
vn 0.681561 0.682610 -0.263663
vn -0.958749 -0.131987 -0.251755
vn -0.990286 -0.138941 -0.005304
vn -0.930884 -0.364111 -0.029623
vn -0.872113 -0.488998 -0.017314
vn -0.855979 -0.516960 -0.007284
vn -0.860006 -0.510232 0.007300
vn -0.875645 -0.481889 0.032062
vn -0.916047 -0.395505 0.066589
vn -0.957789 -0.278812 0.070026
vn -0.929434 -0.290945 -0.226942
vn -0.948234 -0.195087 -0.250587
vn -0.947218 -0.196263 -0.253494
vn -0.923019 -0.139420 -0.358606
vn -0.923209 -0.140304 -0.357771
vn -0.961989 0.084143 -0.259802
vn -0.900700 -0.102828 -0.422097
vn -0.898966 0.144054 -0.413653
vn -0.778771 0.223129 -0.586284
vn -0.566271 0.321391 -0.758977
vn -0.394243 0.347439 -0.850799
vn -0.206141 0.128513 -0.970047
vn -0.109657 0.244901 -0.963327
vn -0.049448 0.294570 -0.954350
vn 0.074914 0.403453 -0.911928
vn 0.182211 0.545394 -0.818135
vn 0.147330 0.707720 -0.690960
vn 0.114859 0.677448 -0.726547
vn 0.210356 0.809334 -0.548387
vn 0.206553 0.824799 -0.526348
vn 0.209889 0.791701 -0.573722
vn 0.207934 0.796038 -0.568408
vn 0.238177 0.721092 -0.650614
vn -0.962931 -0.101914 0.249756
vn -0.961372 -0.113361 0.250824
vn -0.990972 -0.121470 0.056739
vn -0.956709 -0.138594 0.255930
vn -0.776603 -0.345535 0.526776
vn -0.695084 -0.480571 0.534705
vn -0.685838 -0.520006 0.509137
vn -0.676933 -0.529499 0.511265
vn -0.690338 -0.490012 0.532279
vn -0.747250 -0.365475 0.555018
vn -0.813819 -0.191091 0.548802
vn -0.885406 0.092151 0.455592
vn -0.973738 -0.014343 0.227218
vn -0.988557 0.149627 0.019166
vn -0.911052 0.332912 0.243215
vn -0.903028 0.419243 0.093679
vn -0.858643 0.498302 -0.120112
vn -0.756954 0.583267 -0.294652
vn -0.576904 0.667735 -0.470438
vn -0.514574 0.687371 -0.512577
vn -0.816918 0.533289 -0.219655
vn -0.763725 0.428169 -0.483109
vn -0.333981 0.640177 -0.691831
vn -0.421842 0.777073 -0.467127
vn -0.347167 0.616143 -0.706995
vn -0.341119 0.617957 -0.708355
vn -0.348610 0.635518 -0.688904
vn -0.353250 0.626574 -0.694708
vn -0.331212 0.678540 -0.655654
vn -0.333937 0.669383 -0.663636
vn -0.318894 0.739427 -0.592920
vn -0.315624 0.740040 -0.593904
vn -0.368357 0.741996 -0.560138
vn -0.368770 0.742367 -0.559375
vn -0.365251 0.717176 -0.593507
vn -0.365122 0.716616 -0.594262
vn -0.544154 0.502570 -0.671803
vn -0.329964 0.639396 -0.694475
vn -0.650439 0.239202 -0.720910
vn -0.707988 -0.053038 0.704230
vn -0.708002 -0.055666 0.704013
vn -0.421347 -0.193948 0.885918
vn -0.346666 -0.310971 0.884941
vn -0.332291 -0.360788 0.871444
vn -0.314004 -0.386128 0.867356
vn -0.328783 -0.349737 0.877260
vn -0.401685 -0.225661 0.887540
vn -0.485897 -0.041784 0.873017
vn -0.626554 0.240001 0.741506
vn -0.700247 0.522736 0.486211
vn -0.630246 0.663123 0.403805
vn -0.588881 0.774790 0.230042
vn -0.521430 0.846199 0.109808
vn -0.515933 0.830777 -0.208860
vn -0.494030 0.840440 -0.222702
vn -0.814836 0.578648 -0.034761
vn -0.475286 0.853419 -0.213962
vn -0.557115 0.802251 -0.214512
vn -0.543663 0.811192 -0.215403
vn -0.682817 0.694626 -0.226398
vn -0.663449 0.714501 -0.222088
vn -0.760137 0.595197 -0.260639
vn -0.756038 0.602861 -0.254884
vn -0.798026 0.510670 -0.319955
vn -0.798121 0.510579 -0.319862
vn -0.796326 0.456537 -0.396786
vn -0.796344 0.456825 -0.396418
vn -0.898533 0.234566 -0.370968
vn -0.777995 0.408358 -0.477459
vn -0.848086 0.164284 -0.503746
vn -0.303181 0.066047 0.950642
vn -0.304393 0.061799 0.950540
vn 0.011118 0.038483 0.999197
vn 0.048606 -0.032400 0.998292
vn 0.079225 -0.102142 0.991610
vn 0.103698 -0.136513 0.985196
vn 0.090396 -0.115962 0.989132
vn 0.020352 -0.021130 0.999570
vn -0.058550 0.134679 0.989158
vn -0.172270 0.373458 0.911511
vn -0.217767 0.679661 0.700456
vn -0.153245 0.760605 0.630870
vn -0.101498 0.839056 0.534493
vn -0.297796 0.889402 0.346818
vn -0.255204 0.909398 0.328429
vn -0.257650 0.908923 0.327834
vn -0.279400 0.877659 0.389425
vn -0.279979 0.877105 0.390255
vn -0.279021 0.731688 0.621917
vn -0.323327 0.720108 0.613926
vn -0.405473 0.840825 0.358614
vn -0.311987 0.711084 0.630098
vn -0.493701 0.618063 0.611766
vn -0.563594 0.739758 0.367588
vn -0.733223 0.436297 0.521564
vn -0.764059 0.565167 0.311127
vn -0.907826 0.213089 0.361172
vn -0.917475 0.349227 0.190472
vn -0.985789 -0.002479 0.167968
vn -0.986284 0.164433 0.014365
vn -0.983864 0.093799 -0.152358
vn -0.995915 -0.089613 -0.011042
vn -0.984894 -0.135897 -0.107310
vn -0.956142 -0.189259 -0.223548
vn 0.200950 0.290800 0.935444
vn 0.198543 0.277429 0.940008
vn 0.184357 0.220643 0.957773
vn 0.182690 0.217607 0.958787
vn 0.411861 0.262928 0.872490
vn 0.422510 0.224388 0.878143
vn 0.474109 0.183326 0.861169
vn 0.444794 0.166033 0.880109
vn 0.450121 0.165405 0.877515
vn 0.433003 0.200574 0.878794
vn 0.173550 0.236336 0.956047
vn 0.047223 0.416919 0.907716
vn 0.028976 0.675980 0.736350
vn 0.109951 0.722363 0.682717
vn 0.188593 0.755544 0.627364
vn 0.173312 0.732210 0.658659
vn 0.175356 0.734192 0.655906
vn 0.092647 0.677173 0.729968
vn 0.096440 0.679156 0.727631
vn 0.116354 0.456521 0.882072
vn 0.006380 0.634522 0.772878
vn -0.003755 0.403318 0.915052
vn -0.103039 0.592873 0.798677
vn -0.101157 0.372081 0.922672
vn -0.246261 0.285192 0.926294
vn -0.497118 0.132650 0.857483
vn -0.728491 -0.083683 0.679925
vn -0.837409 -0.316406 0.445682
vn -0.849533 -0.444873 0.283516
vn -0.853086 -0.481968 0.199877
vn -0.931640 -0.359977 -0.049638
vn -0.909594 -0.399470 -0.114286
vn 0.445569 0.374873 0.812981
vn 0.393136 0.400087 0.827874
vn 0.573000 0.359096 0.736696
vn 0.759434 0.391477 0.519621
vn 0.719405 0.406761 0.563030
vn 0.534324 0.310625 0.786136
vn 0.542271 0.230051 0.808096
vn 0.521957 0.279241 0.805968
vn 0.578965 0.297658 0.759078
vn 0.633512 0.312964 0.707613
vn 0.612279 0.361491 0.703163
vn 0.617659 0.347478 0.705519
vn 0.577413 0.451695 0.680122
vn 0.577142 0.449710 0.681665
vn 0.562505 0.537815 0.627968
vn 0.562383 0.536493 0.629206
vn 0.601219 0.502759 0.621103
vn 0.602573 0.502018 0.620390
vn 0.627734 0.455919 0.630943
vn 0.626406 0.454189 0.633505
vn 0.668802 0.208156 0.713705
vn 0.548218 0.388887 0.740421
vn 0.473667 0.106540 0.874236
vn 0.373549 0.297001 0.878779
vn 0.315423 0.050391 0.947612
vn 0.185388 0.000375 0.982665
vn 0.128076 -0.015317 0.991646
vn -0.101696 0.129898 0.986298
vn -0.299857 0.008249 0.953948
vn -0.352077 -0.349778 0.868158
vn -0.485839 -0.570769 0.661954
vn -0.452658 -0.705281 0.545600
vn -0.472076 -0.728556 0.496337
vn -0.696284 -0.643911 0.317125
vn -0.697027 -0.641716 0.319928
vn -0.701467 -0.627803 0.337354
vn 0.911701 0.410773 -0.008215
vn 0.877158 0.480190 -0.003510
vn 0.857502 0.514474 -0.002422
vn 0.852737 0.475329 0.216570
vn 0.696108 0.636463 0.332187
vn 0.674589 0.733689 0.081426
vn 0.872320 0.488810 0.011094
vn 0.849297 0.462769 0.254048
vn 0.891913 0.385022 0.237168
vn 0.885917 0.398868 0.236759
vn 0.928751 0.282283 0.240286
vn 0.929015 0.281970 0.239635
vn 0.929846 0.196890 0.310840
vn 0.929776 0.193887 0.312928
vn 0.916196 0.146212 0.373104
vn 0.914695 0.143010 0.377997
vn 0.922768 -0.100416 0.372044
vn 0.869453 0.079781 0.487531
vn 0.819502 -0.191016 0.540305
vn 0.620059 -0.299914 0.724968
vn 0.464341 -0.350250 0.813457
vn 0.354954 -0.396636 0.846574
vn 0.348925 -0.395121 0.849783
vn 0.191393 -0.225840 0.955178
vn 0.177427 -0.231172 0.956598
vn 0.088176 -0.289929 0.952977
vn 0.037754 -0.327017 0.944264
vn -0.094383 -0.441538 0.892264
vn -0.233438 -0.652917 0.720559
vn -0.211283 -0.754156 0.621778
vn -0.212965 -0.774042 0.596243
vn 0.059025 -0.690855 0.720580
vn -0.227664 -0.737097 0.636283
vn 0.744537 0.405377 -0.530410
vn 0.653112 0.490323 -0.577085
vn 0.819614 0.528149 -0.222019
vn 0.704346 0.643704 -0.299234
vn 0.836082 0.473297 -0.277412
vn 0.905124 0.335222 -0.261491
vn 0.899329 0.319461 -0.298585
vn 0.954164 0.061081 -0.292985
vn 0.974542 -0.002259 -0.224195
vn 0.989021 -0.145754 -0.024361
vn 0.939693 -0.295785 -0.171722
vn 0.920226 -0.384812 -0.071442
vn 0.970806 -0.221723 0.091511
vn 0.881079 -0.468503 0.064852
vn 0.797425 -0.563195 0.216621
vn 0.647754 -0.664966 0.371801
vn 0.515803 -0.541649 0.663749
vn 0.422319 -0.579497 0.697015
vn 0.521995 -0.710313 0.472205
vn 0.605205 -0.660027 0.445074
vn 0.476311 -0.536371 0.696731
vn 0.475081 -0.529633 0.702700
vn 0.464841 -0.533710 0.706454
vn 0.430759 -0.559436 0.708152
vn 0.423249 -0.571159 0.703304
vn 0.368362 -0.649475 0.665201
vn 0.368405 -0.649465 0.665186
vn 0.366007 -0.681027 0.634225
vn 0.366114 -0.679984 0.635281
vn 0.593119 -0.522925 0.612177
vn 0.351740 -0.663669 0.660169
vn 0.533471 -0.447133 0.717970
vn 0.412169 0.399607 -0.818799
vn 0.434919 0.378084 -0.817251
vn 0.474090 0.514630 -0.714419
vn 0.404958 0.438750 -0.802189
vn 0.269796 0.563509 -0.780812
vn 0.769551 0.498339 -0.399311
vn 0.834251 0.519940 -0.183545
vn 0.862441 0.495981 -0.100983
vn 0.907425 0.110232 -0.405499
vn 0.713405 -0.700639 0.012577
vn 0.603222 -0.784968 0.141237
vn 0.521483 -0.830046 0.197683
vn 0.519477 -0.831138 0.198376
vn 0.491214 -0.845650 0.208769
vn 0.491217 -0.845588 0.209014
vn 0.769449 -0.589237 0.246473
vn 0.818610 -0.488248 0.302476
vn 0.824270 -0.417706 0.382230
vn 0.823086 -0.418862 0.383516
vn 0.787103 -0.403185 0.466810
vn 0.239638 0.596839 -0.765739
vn 0.239638 0.596839 -0.765739
vn 0.298453 0.939539 0.167907
vn 0.258575 0.961513 -0.092911
vn 0.317656 0.847788 0.424677
vn -0.461090 0.074581 -0.884214
vn -0.299314 0.255788 -0.919230
vn -0.086984 0.448256 -0.889663
vn -0.159544 0.798947 0.579853
vn -0.159544 0.798947 0.579853
vn -0.235769 0.759999 0.605652
vn -0.234618 0.760640 0.605295
vn -0.301641 0.729300 0.614112
vn -0.309324 0.725983 0.614221
vn -0.384143 0.690032 0.613425
vn -0.394208 0.684669 0.613048
vn -0.467855 0.640334 0.609166
vn -0.472045 0.637272 0.609145
vn -0.505546 0.611346 0.608835
vn -0.509712 0.607889 0.608823
vn -0.584457 0.533929 0.611008
vn -0.602052 0.510245 0.614152
vn -0.605789 0.505062 0.614762
vn -0.584457 0.533929 0.611008
vn -0.577821 0.541223 0.610901
vn -0.574750 0.544561 0.610832
vn -0.636093 0.458450 0.620652
vn -0.637127 0.456554 0.620990
vn -0.650487 0.430025 0.626055
vn -0.650810 0.429313 0.626208
vn -0.659917 0.408145 0.630815
vn -0.659996 0.407947 0.630860
vn -0.667067 0.389884 0.634832
vn -0.667056 0.389913 0.634826
vn -0.673528 0.373018 0.638136
vn -0.673462 0.373188 0.638106
vn -0.681048 0.355241 0.640295
vn -0.680863 0.355640 0.640270
vn -0.691993 0.335781 0.639059
vn -0.691502 0.336507 0.639209
vn -0.701107 0.321742 0.636342
vn -0.700907 0.322075 0.636394
vn -0.699549 0.315501 0.641164
vn -0.699924 0.315710 0.640651
vn -0.687055 0.310574 0.656886
vn -0.688110 0.310916 0.655619
vn -0.664832 0.303109 0.682732
vn -0.666699 0.303752 0.680622
vn -0.631302 0.290988 0.718877
vn -0.634225 0.292087 0.715852
vn -0.584734 0.273171 0.763848
vn -0.588793 0.274752 0.760154
vn -0.528294 0.251041 0.811101
vn 0.055686 0.164219 0.984851
vn 0.055686 0.164219 0.984851
vn -0.001297 0.169177 0.985585
vn 0.001286 0.168964 0.985621
vn -0.028190 0.168184 0.985352
vn -0.029458 0.167463 0.985438
vn -0.032620 0.166324 0.985532
vn -0.032306 0.166799 0.985462
vn -0.029067 0.170212 0.984979
vn -0.028097 0.170968 0.984876
vn -0.023896 0.174806 0.984313
vn -0.023893 0.174810 0.984312
vn 0.003276 0.209734 0.977753
vn 0.000156 0.205166 0.978727
vn 0.018464 0.234318 0.971985
vn 0.019806 0.236986 0.971311
vn 0.023216 0.245772 0.969050
vn 0.022880 0.245584 0.969105
vn 0.014768 0.232963 0.972374
vn 0.013466 0.230620 0.972951
vn -0.007930 0.191679 0.981426
vn -0.010313 0.187302 0.982248
vn -0.055361 0.111751 0.992193
vn -0.059543 0.105116 0.992676
vn -0.155820 -0.023124 0.987515
vn -0.162049 -0.030487 0.986312
vn -0.348858 -0.201922 0.915164
vn -0.351726 -0.204010 0.913602
vn -0.563213 -0.316560 0.763270
vn -0.561017 -0.315969 0.765130
vn -0.689311 -0.336845 0.641394
vn -0.686372 -0.336933 0.644492
vn -0.746459 -0.332047 0.576666
vn -0.744587 -0.332378 0.578891
vn -0.767049 -0.328024 0.551394
vn -0.766615 -0.328128 0.551937
vn -0.763489 -0.329975 0.555160
vn -0.764738 -0.329487 0.553727
vn -0.739349 -0.339458 0.581491
vn -0.742642 -0.338163 0.578038
vn -0.701289 -0.353373 0.619129
vn -0.140928 0.462760 -0.875210
vn -0.140928 0.462760 -0.875210
vn -0.159460 0.466001 -0.870296
vn -0.160454 0.466171 -0.870023
vn -0.213485 0.447409 -0.868475
vn -0.205055 0.451215 -0.868538
vn -0.293581 0.411115 -0.863015
vn -0.280830 0.416940 -0.864462
vn -0.374846 0.368812 -0.850569
vn -0.368442 0.372842 -0.851610
vn -0.420015 0.338468 -0.842037
vn -0.413473 0.343143 -0.843382
vn -0.521875 0.251029 -0.815249
vn -0.562856 0.203805 -0.801034
vn -0.552521 0.216050 -0.805011
vn -0.521875 0.251029 -0.815249
vn -0.506759 0.265223 -0.820276
vn -0.512651 0.259731 -0.818370
vn -0.622196 0.124878 -0.772837
vn -0.617721 0.131687 -0.775293
vn -0.643833 0.090212 -0.759829
vn -0.642680 0.092204 -0.760566
vn -0.642497 0.093464 -0.760567
vn -0.643739 0.091126 -0.759800
vn -0.617916 0.139157 -0.773832
vn -0.621863 0.132000 -0.771921
vn -0.557227 0.242404 -0.794190
vn -0.565592 0.228980 -0.792259
vn -0.425680 0.427687 -0.797421
vn -0.441420 0.407833 -0.799262
vn -0.174365 0.682237 -0.710035
vn -0.194000 0.666083 -0.720206
vn 0.126080 0.859364 -0.495577
vn 0.119176 0.856750 -0.501773
vn 0.329195 0.899547 -0.287134
vn 0.329945 0.899549 -0.286266
vn 0.434500 0.886692 -0.158073
vn 0.436294 0.886215 -0.155788
vn 0.490386 0.867288 -0.085640
vn 0.491867 0.866633 -0.083750
vn 0.520470 0.852545 -0.047730
vn 0.521385 0.852044 -0.046684
vn 0.534286 0.844689 -0.032242
vn 0.534560 0.844524 -0.032019
vn 0.538842 0.841924 -0.028534
vn -0.249140 0.949678 -0.189845
vn -0.249140 0.949678 -0.189845
vn -0.317551 0.922778 -0.218271
vn -0.318738 0.922253 -0.218759
vn -0.403918 0.885801 -0.228490
vn -0.401169 0.887055 -0.228466
vn -0.523221 0.822332 -0.223629
vn -0.519549 0.824569 -0.223952
vn -0.637551 0.741035 -0.210706
vn -0.635893 0.742391 -0.210941
vn -0.693887 0.691265 -0.201679
vn -0.692230 0.692837 -0.201978
vn -0.811477 0.558214 -0.172925
vn -0.848656 0.504693 -0.158327
vn -0.845966 0.508836 -0.159460
vn -0.811477 0.558214 -0.172925
vn -0.798757 0.575101 -0.176763
vn -0.799960 0.573537 -0.176409
vn -0.904992 0.405394 -0.129018
vn -0.903474 0.408442 -0.130040
vn -0.926657 0.358573 -0.112836
vn -0.925863 0.360407 -0.113510
vn -0.932164 0.345612 -0.107810
vn -0.932245 0.345404 -0.107771
vn -0.923292 0.367153 -0.112828
vn -0.924599 0.364073 -0.112101
vn -0.892759 0.433650 -0.122185
vn -0.896350 0.426376 -0.121487
vn -0.817945 0.563972 -0.113585
vn -0.826247 0.551285 -0.115762
vn -0.663611 0.747543 -0.028286
vn -0.677529 0.734502 -0.038222
vn -0.469957 0.870647 0.145307
vn -0.477874 0.867791 0.136288
vn -0.332961 0.891786 0.306356
vn -0.336476 0.892053 0.301704
vn -0.250867 0.876418 0.411044
vn -0.252980 0.877050 0.408392
vn -0.192825 0.855374 0.480784
vn -0.194291 0.855992 0.479092
vn -0.144503 0.833270 0.533647
vn -0.145607 0.833804 0.532512
vn -0.099467 0.810344 0.577450
vn -0.100188 0.810717 0.576802
vn -0.054214 0.785289 0.616751
vn 0.841756 -0.035880 -0.538665
vn 0.841756 -0.035880 -0.538665
vn 0.543099 -0.481864 -0.687641
vn 0.619859 -0.401101 -0.674458
vn 0.349513 -0.688834 -0.635097
vn 0.340249 -0.687970 -0.641037
vn 0.432231 -0.664480 -0.609625
vn 0.422315 -0.670461 -0.610027
vn 0.452770 -0.667869 -0.590720
vn 0.459753 -0.660512 -0.593591
vn 0.376597 -0.740458 -0.556684
vn 0.376597 -0.740458 -0.556684
vn 0.672042 -0.449628 -0.588383
vn 0.668751 -0.447966 -0.593380
vn 0.656068 -0.421572 -0.625981
vn 0.655307 -0.423453 -0.625508
vn 0.666432 -0.394117 -0.632883
vn 0.666180 -0.394839 -0.632698
vn 0.674374 -0.371838 -0.637932
vn 0.674292 -0.372059 -0.637889
vn 0.682568 -0.351586 -0.640694
vn 0.682576 -0.351567 -0.640695
vn 0.693109 -0.331518 -0.640075
vn 0.693217 -0.331344 -0.640048
vn 0.708346 -0.311908 -0.633213
vn 0.708683 -0.311575 -0.633000
vn 0.727442 -0.298910 -0.617641
vn 0.728073 -0.298730 -0.616984
vn 0.738173 -0.300894 -0.603792
vn 0.738205 -0.301245 -0.603577
vn 0.732409 -0.309237 -0.606589
vn 0.731811 -0.309526 -0.607163
vn 0.716135 -0.312426 -0.624132
vn 0.714958 -0.312386 -0.625499
vn 0.692516 -0.309246 -0.651758
vn 0.690676 -0.308807 -0.653915
vn 0.659898 -0.300006 -0.688862
vn 0.657167 -0.299087 -0.691866
vn 0.617290 -0.285017 -0.733292
vn 0.613893 -0.283731 -0.736635
vn 0.564571 -0.264929 -0.781711
vn 0.212554 0.045587 -0.976085
vn 0.212554 0.045587 -0.976085
vn 0.129296 -0.089777 -0.987534
vn 0.135403 -0.080103 -0.987547
vn 0.070994 -0.166947 -0.983407
vn 0.069603 -0.171754 -0.982678
vn 0.074459 -0.151268 -0.985684
vn 0.074689 -0.151611 -0.985614
vn 0.040105 -0.141433 -0.989135
vn 0.047501 -0.143329 -0.988535
vn -0.074926 -0.122025 -0.989695
vn -0.126879 -0.171719 -0.976941
vn 0.027330 -0.142377 -0.989435
vn 0.020176 -0.167012 -0.985748
vn 0.022367 -0.159483 -0.986947
vn 0.027330 -0.142377 -0.989435
vn 0.081719 -0.062516 -0.994693
vn 0.030123 -0.109606 -0.993519
vn 0.003593 -0.205502 -0.978650
vn 0.005583 -0.202883 -0.979187
vn -0.002999 -0.213207 -0.977003
vn -0.003081 -0.213496 -0.976939
vn 0.005130 -0.196947 -0.980401
vn 0.003841 -0.199434 -0.979904
vn 0.029845 -0.151837 -0.987955
vn 0.027281 -0.156416 -0.987315
vn 0.082446 -0.067880 -0.994281
vn 0.077852 -0.074793 -0.994156
vn 0.189825 0.066343 -0.979574
vn 0.182657 0.058347 -0.981444
vn 0.379775 0.229077 -0.896267
vn 0.374640 0.225594 -0.899307
vn 0.585654 0.328001 -0.741232
vn 0.586603 0.328206 -0.740391
vn 0.712610 0.341086 -0.613064
vn 0.715497 0.340722 -0.609896
vn 0.769623 0.330348 -0.546398
vn 0.771452 0.329754 -0.544173
vn 0.790183 0.322589 -0.521102
vn 0.790588 0.322309 -0.520660
vn 0.788400 0.321796 -0.524284
vn 0.787204 0.322166 -0.525851
vn 0.769244 0.328596 -0.547986
vn 0.766459 0.329735 -0.551195
vn 0.735699 0.341537 -0.584893
vn 0.928140 -0.154569 0.338622
vn 0.928140 -0.154569 0.338622
vn 0.742342 -0.555227 0.375034
vn 0.724231 -0.578778 0.374840
vn 0.436956 -0.857539 0.271472
vn 0.437787 -0.857315 0.270840
vn 0.553063 -0.803392 0.220643
vn 0.556829 -0.800889 0.220267
vn 0.611193 -0.767384 0.193815
vn 0.611516 -0.767083 0.193989
vn 0.547576 -0.821295 0.160111
vn 0.547576 -0.821295 0.160111
vn 0.889134 -0.442458 0.116928
vn 0.887981 -0.445038 0.115889
vn 0.918611 -0.376476 0.120079
vn 0.920061 -0.373284 0.118938
vn 0.939432 -0.327178 0.102085
vn 0.940184 -0.325245 0.101340
vn 0.945718 -0.310527 0.095867
vn 0.945687 -0.310603 0.095930
vn 0.939732 -0.326601 0.101174
vn 0.938629 -0.329480 0.102069
vn 0.915750 -0.385222 0.114046
vn 0.912539 -0.392426 0.115216
vn 0.853323 -0.508094 0.116965
vn 0.845175 -0.521833 0.115625
vn 0.711473 -0.700689 0.053297
vn 0.696156 -0.716591 0.043175
vn 0.511258 -0.852184 -0.111348
vn 0.502501 -0.856085 -0.120876
vn 0.370367 -0.888938 -0.269477
vn 0.366831 -0.889044 -0.273927
vn 0.284148 -0.882290 -0.375265
vn 0.282146 -0.881888 -0.377714
vn 0.223024 -0.865809 -0.447924
vn 0.221702 -0.865350 -0.449463
vn 0.173803 -0.846535 -0.503161
vn 0.172879 -0.846132 -0.504157
vn 0.131017 -0.826703 -0.547172
vn 0.130562 -0.826486 -0.547609
vn 0.091855 -0.806817 -0.583617
vn 0.289472 -0.040730 0.956320
vn 0.289472 -0.040730 0.956320
vn 0.253308 -0.238940 0.937413
vn 0.251579 -0.246976 0.935794
vn 0.256721 -0.405144 0.877469
vn 0.262049 -0.407756 0.874680
vn 0.318995 -0.401039 0.858726
vn 0.331508 -0.394584 0.856975
vn 0.388646 -0.338283 0.857041
vn 0.388700 -0.332828 0.859149
vn 0.357853 -0.299432 0.884467
vn 0.334516 -0.293895 0.895391
vn 0.576229 -0.168804 0.799666
vn 0.565076 -0.178338 0.805534
vn 0.637410 -0.102845 0.763630
vn 0.641522 -0.095897 0.761087
vn 0.660486 -0.061657 0.748303
vn 0.661532 -0.059481 0.747554
vn 0.661368 -0.058641 0.747766
vn 0.660180 -0.060800 0.748643
vn 0.640919 -0.097386 0.761406
vn 0.637192 -0.104391 0.763602
vn 0.588151 -0.192315 0.785553
vn 0.580066 -0.205926 0.788111
vn 0.468419 -0.373164 0.800832
vn 0.452382 -0.394379 0.799885
vn 0.216988 -0.646916 0.731038
vn 0.195994 -0.664881 0.720777
vn -0.101806 -0.850111 0.516669
vn -0.109261 -0.853128 0.510132
vn -0.303362 -0.898808 0.316411
vn -0.303123 -0.898794 0.316679
vn -0.409023 -0.892330 0.190912
vn -0.407433 -0.892633 0.192886
vn -0.466364 -0.876700 0.117908
vn -0.464971 -0.877199 0.119687
vn -0.496183 -0.864561 0.079607
vn -0.495367 -0.864935 0.080623
vn -0.506476 -0.859688 0.066468
vn -0.506606 -0.859622 0.066340
vn -0.504326 -0.860785 0.068591
vn 0.561462 -0.308386 -0.767893
vn 0.561462 -0.308386 -0.767893
vn 0.669381 -0.710057 -0.218513
vn 0.663194 -0.573736 -0.480626
vn 0.674341 -0.737806 -0.030104
vn 0.671168 -0.740816 -0.026935
vn 0.673684 -0.720291 -0.165319
vn 0.675904 -0.719532 -0.159461
vn 0.597760 -0.732475 -0.325826
vn 0.598628 -0.732442 -0.324306
vn 0.512565 -0.727186 -0.456593
vn 0.511067 -0.726966 -0.458619
vn 0.396882 -0.697911 -0.596158
vn 0.389658 -0.695378 -0.603835
vn 0.199294 -0.600630 -0.774291
vn 0.173413 -0.584285 -0.792805
vn 0.037858 -0.489151 -0.871377
vn 0.037858 -0.489151 -0.871377
vn -0.297120 -0.119126 -0.947380
vn -0.297120 -0.119126 -0.947380
vn -0.370329 0.025268 -0.928557
vn -0.389770 0.067121 -0.918463
vn -0.473675 0.308084 -0.825055
vn -0.477742 0.328209 -0.814888
vn -0.529904 0.453280 -0.716756
vn -0.541488 0.462473 -0.702075
vn -0.620145 0.524447 -0.583418
vn -0.620145 0.524447 -0.583418
vn -0.641562 0.645967 -0.413673
vn -0.641562 0.645967 -0.413672
vn -0.555494 0.722825 -0.411037
vn -0.541055 0.734215 -0.410108
vn -0.397446 0.831318 -0.388519
vn -0.396542 0.832297 -0.387345
vn -0.366036 0.862550 -0.349321
vn -0.365948 0.862556 -0.349397
vn -0.379632 0.845393 -0.375752
vn -0.378392 0.846738 -0.373973
vn -0.434199 0.792309 -0.428622
vn -0.438709 0.787717 -0.432477
vn -0.528194 0.687660 -0.498131
vn -0.526260 0.689767 -0.497264
vn -0.541738 0.679070 -0.495362
vn -0.545674 0.673321 -0.498877
vn -0.497841 0.751842 -0.432306
vn -0.501596 0.744886 -0.439939
vn -0.456069 0.817624 -0.351416
vn 0.959440 0.231976 -0.160197
vn 0.959440 0.231976 -0.160197
vn 0.974435 0.055257 -0.217768
vn 0.973878 0.099424 -0.204147
vn 0.963327 -0.061582 -0.261168
vn 0.963318 -0.061620 -0.261194
vn 0.924782 -0.106062 -0.365416
vn 0.925463 -0.105888 -0.363738
vn 0.863274 -0.113175 -0.491883
vn 0.862518 -0.113176 -0.493208
vn 0.803715 -0.109150 -0.584918
vn 0.801031 -0.108774 -0.588658
vn 0.737453 -0.094679 -0.668729
vn 0.729450 -0.092352 -0.677772
vn 0.637942 -0.053227 -0.768243
vn 0.610947 -0.038958 -0.790712
vn 0.477755 0.063314 -0.876209
vn 0.427380 0.114690 -0.896768
vn 0.322958 0.273993 -0.905884
vn 0.313645 0.308041 -0.898186
vn 0.294183 0.433768 -0.851647
vn 0.294757 0.441633 -0.847395
vn 0.340492 0.489637 -0.802696
vn 0.342996 0.489584 -0.801662
vn 0.494170 0.422127 -0.760003
vn 0.446569 0.471997 -0.760129
vn 0.293363 0.642971 -0.707479
vn 0.358156 0.696314 -0.621990
vn 0.314713 0.625198 -0.714202
vn 0.313973 0.625311 -0.714428
vn 0.375891 0.610500 -0.697134
vn 0.376240 0.603720 -0.702827
vn 0.355285 0.574046 -0.737729
vn 0.337187 0.578355 -0.742840
vn 0.286442 0.581521 -0.761436
vn 0.283866 0.576140 -0.766474
vn 0.192865 0.483276 -0.853960
vn 0.207993 0.494476 -0.843939
vn 0.092715 0.405125 -0.909548
vn 0.094978 0.407016 -0.908470
vn 0.153413 0.476422 -0.865729
vn 0.135152 0.456176 -0.879567
vn 0.280482 0.631416 -0.722941
vn 0.269129 0.615429 -0.740822
vn 0.363885 0.742846 -0.561932
vn 0.230907 0.788195 -0.570464
vn 0.230907 0.788195 -0.570464
vn 0.124582 0.827003 -0.548220
vn -0.011920 0.860246 -0.509740
vn -0.036497 0.909474 -0.414157
vn -0.032239 0.911990 -0.408944
vn 0.064200 0.965926 -0.250730
vn 0.065977 0.967303 -0.244892
vn 0.105914 0.983879 -0.144098
vn 0.107837 0.984239 -0.140164
vn 0.160984 0.985840 -0.046948
vn 0.163447 0.985612 -0.043065
vn 0.249263 0.965355 0.077183
vn 0.255234 0.963139 0.084971
vn 0.412751 0.872727 0.260740
vn 0.431797 0.857468 0.279821
vn 0.544958 0.738648 0.396762
vn 0.544958 0.738648 0.396762
vn 0.809233 0.306973 0.500910
vn 0.809233 0.306973 0.500910
vn 0.878412 0.170674 0.446388
vn 0.880069 0.166666 0.444637
vn 0.943381 -0.033663 0.330000
vn 0.941342 -0.024772 0.336545
vn 0.960093 -0.151701 0.234963
vn 0.959456 -0.142313 0.243291
vn 0.959134 -0.235484 0.156877
vn 0.959089 -0.235576 0.157009
vn 0.942796 -0.330189 0.045935
vn 0.940546 -0.337623 0.037195
vn 0.935692 -0.138187 -0.324629
vn 0.926416 -0.363200 -0.099195
vn 0.905753 -0.179605 -0.383865
vn 0.901176 -0.357629 -0.244916
vn 0.829740 -0.478171 -0.287895
vn 0.825899 -0.269037 -0.495490
vn 0.817212 -0.519733 -0.249084
vn 0.814511 -0.522850 -0.251395
vn 0.850869 -0.475579 -0.223266
vn 0.846302 -0.482051 -0.226714
vn 0.899785 -0.399426 -0.175630
vn 0.899357 -0.400156 -0.176158
vn 0.936595 -0.331646 -0.113146
vn 0.936576 -0.331679 -0.113200
vn 0.952203 -0.299164 -0.061727
vn 0.795936 0.545336 -0.262860
vn 0.804828 0.550060 -0.222904
vn 0.761125 0.527335 -0.377632
vn 0.761308 0.527370 -0.377216
vn 0.740283 0.525313 -0.419556
vn 0.739919 0.525304 -0.420209
vn 0.720115 0.527112 -0.451207
vn 0.719575 0.527233 -0.451925
vn 0.710119 0.531116 -0.462220
vn 0.709996 0.531349 -0.462141
vn 0.715586 0.533314 -0.451125
vn 0.717241 0.533260 -0.448552
vn 0.741964 0.525442 -0.416413
vn 0.751363 0.520950 -0.405050
vn 0.801705 0.480296 -0.355788
vn 0.823859 0.454870 -0.338157
vn 0.872615 0.370797 -0.317887
vn 0.877500 0.356936 -0.320297
vn 0.893695 0.286893 -0.344968
vn 0.893784 0.286015 -0.345466
vn 0.895142 0.236761 -0.377710
vn 0.895282 0.238643 -0.376191
vn 0.891186 0.199808 -0.407265
vn 0.891203 0.199786 -0.407238
vn 0.875867 0.156066 -0.456618
vn 0.875058 0.153903 -0.458898
vn 0.877148 0.054168 -0.477156
vn 0.877249 -0.034168 -0.478819
vn 0.735240 -0.010852 -0.677720
vn 0.659292 -0.032018 -0.751205
vn 0.674047 -0.021899 -0.738364
vn 0.625157 -0.050905 -0.778837
vn 0.620454 -0.055029 -0.782310
vn 0.705492 0.038299 -0.707682
vn 0.693595 0.023626 -0.719977
vn 0.810724 0.177260 -0.557947
vn 0.804723 0.169213 -0.569023
vn 0.868993 0.271719 -0.413546
vn 0.003070 -0.612738 -0.790280
vn 0.003070 -0.612738 -0.790280
vn -0.030667 -0.974199 -0.223596
vn -0.015304 -0.849520 -0.527334
vn -0.059207 -0.967991 0.243900
vn -0.058293 -0.966998 0.248024
vn -0.091567 -0.983493 0.156069
vn -0.089565 -0.982985 0.160372
vn -0.138748 -0.987784 0.070931
vn -0.136823 -0.987833 0.073933
vn -0.197059 -0.980291 -0.014026
vn -0.194625 -0.980820 -0.010621
vn -0.290247 -0.947531 -0.133945
vn -0.284706 -0.950151 -0.127106
vn -0.460212 -0.830874 -0.312815
vn -0.445475 -0.844016 -0.298645
vn -0.704671 -0.531866 -0.469636
vn -0.687478 -0.559424 -0.463054
vn -0.871868 -0.193875 -0.449731
vn -0.873179 -0.190705 -0.448543
vn -0.943344 0.038315 -0.329596
vn -0.945779 0.049812 -0.320970
vn -0.945270 0.196550 -0.260448
vn -0.940106 0.218799 -0.261395
vn -0.893360 0.363466 -0.264199
vn -0.893360 0.363466 -0.264199
vn -0.883319 0.458377 -0.098174
vn -0.883319 0.458377 -0.098174
vn -0.882239 0.470709 0.009347
vn -0.880231 0.473045 0.037709
vn -0.854074 0.486957 0.182840
vn -0.851271 0.489900 0.187976
vn -0.802422 0.533554 0.267280
vn -0.802407 0.533604 0.267227
vn -0.778311 0.554561 0.294438
vn -0.782681 0.551068 0.289369
vn -0.767414 0.564177 0.304600
vn -0.768787 0.563674 0.302057
vn -0.796432 0.538836 0.274502
vn -0.801430 0.533504 0.270340
vn -0.861603 0.458789 0.217146
vn -0.861775 0.458543 0.216985
vn -0.911170 0.381512 0.155619
vn -0.910987 0.381804 0.155976
vn -0.933589 0.341824 0.107555
vn -0.814987 -0.578785 0.028367
vn -0.815861 -0.578227 -0.004948
vn -0.780561 -0.556814 0.284046
vn -0.780648 -0.557004 0.283433
vn -0.768471 -0.542895 0.338699
vn -0.769011 -0.543338 0.336759
vn -0.750839 -0.533928 0.388795
vn -0.751569 -0.534126 0.387110
vn -0.742447 -0.530505 0.409069
vn -0.742499 -0.530642 0.408796
vn -0.752609 -0.524316 0.398338
vn -0.750438 -0.525392 0.401007
vn -0.790820 -0.497285 0.356806
vn -0.780782 -0.505335 0.367445
vn -0.857115 -0.412968 0.307914
vn -0.839117 -0.441364 0.317933
vn -0.895429 -0.312063 0.317527
vn -0.893068 -0.324452 0.311705
vn -0.900118 -0.243978 0.360918
vn -0.900149 -0.244366 0.360579
vn -0.899352 -0.186378 0.395510
vn -0.899593 -0.181722 0.397126
vn -0.893930 -0.187418 0.407141
vn -0.869844 -0.334205 0.362874
vn -0.735504 -0.226940 0.638383
vn -0.791644 -0.182767 0.583005
vn -0.805205 -0.125982 0.579460
vn -0.805595 -0.117898 0.580618
vn -0.798238 -0.057796 0.599562
vn -0.795244 -0.055629 0.603732
vn -0.743621 -0.020972 0.668273
vn -0.743593 -0.021035 0.668302
vn -0.686482 0.012721 0.727035
vn -0.697013 0.006335 0.717031
vn -0.622633 0.055011 0.780578
vn -0.606190 0.066790 0.792511
vn -0.561546 0.100081 0.821371
vn -0.566772 0.097724 0.818059
vn -0.646657 0.026440 0.762322
vn -0.660698 0.011006 0.750571
vn -0.779127 -0.130618 0.613107
vn -0.786099 -0.139350 0.602188
vn -0.853415 -0.239166 0.463123
vn -0.998605 -0.043481 -0.029957
vn -0.998486 -0.045091 -0.031521
vn -0.983977 0.069866 0.164036
vn -0.985871 0.067200 0.153433
vn -0.947476 0.095933 0.305100
vn -0.947249 0.096031 0.305775
vn -0.887880 0.109745 0.446794
vn -0.888854 0.109661 0.444874
vn -0.830369 0.109953 0.546258
vn -0.833026 0.110139 0.542161
vn -0.763782 0.099189 0.637807
vn -0.771614 0.100946 0.628030
vn -0.650036 0.054958 0.757913
vn -0.678617 0.068367 0.731303
vn -0.454501 -0.095822 0.885578
vn -0.515428 -0.038287 0.856077
vn -0.327912 -0.287663 0.899847
vn -0.338998 -0.252274 0.906332
vn -0.305119 -0.406210 0.861334
vn -0.305415 -0.397796 0.865148
vn -0.305411 -0.472743 0.826582
vn -0.305246 -0.471054 0.827607
vn -0.309891 -0.517959 0.797300
vn -0.309871 -0.517965 0.797303
vn -0.323470 -0.557588 0.764502
vn -0.323548 -0.557858 0.764271
vn -0.331144 -0.576688 0.746843
vn -0.331301 -0.576956 0.746566
vn -0.332645 -0.582501 0.741647
vn -0.332109 -0.582031 0.742256
vn -0.311392 -0.564568 0.764394
vn -0.311371 -0.564584 0.764390
vn -0.249531 -0.523284 0.814805
vn -0.255444 -0.527702 0.810111
vn -0.154803 -0.452283 0.878337
vn -0.138062 -0.439451 0.887593
vn -0.037922 -0.356730 0.933438
vn -0.035010 -0.353389 0.934821
vn -0.078328 -0.400082 0.913126
vn -0.099595 -0.422725 0.900769
vn -0.231001 -0.574534 0.785206
vn -0.244423 -0.592965 0.767235
vn -0.336192 -0.712337 0.616077
vn -0.870698 0.280683 -0.403860
vn -0.870698 0.280683 -0.403860
vn -0.879829 0.361710 -0.308329
vn -0.879760 0.388392 -0.274178
vn -0.790364 0.612497 -0.013109
vn -0.790479 0.612348 -0.013116
vn -0.696377 0.711224 0.096017
vn -0.693572 0.712699 0.104964
vn -0.624226 0.731477 0.274379
vn -0.622644 0.731651 0.277491
vn -0.541966 0.731405 0.413907
vn -0.542733 0.731476 0.412775
vn -0.424643 0.706953 0.565594
vn -0.431179 0.708923 0.558133
vn -0.203517 0.602232 0.771944
vn -0.232570 0.619563 0.749702
vn -0.039782 0.490642 0.870453
vn -0.039782 0.490642 0.870453
vn 0.335374 0.066153 0.939760
vn 0.335374 0.066153 0.939760
vn 0.410692 -0.105234 0.905681
vn 0.394929 -0.066727 0.916285
vn 0.475155 -0.318724 0.820148
vn 0.471310 -0.299873 0.829424
vn 0.493874 -0.452246 0.742672
vn 0.493072 -0.441241 0.749791
vn 0.496502 -0.549442 0.672011
vn 0.496641 -0.549408 0.671937
vn 0.478058 -0.660589 0.578863
vn 0.476608 -0.667678 0.571884
vn 0.382184 -0.758739 0.527496
vn 0.393117 -0.751584 0.529699
vn 0.264546 -0.807159 0.527741
vn 0.283153 -0.811393 0.511338
vn 0.407380 -0.799970 0.440556
vn 0.410223 -0.798543 0.440506
vn 0.486692 -0.732251 0.476381
vn 0.482430 -0.737007 0.473372
vn 0.574114 -0.625695 0.528108
vn 0.576235 -0.623169 0.528785
vn 0.592740 -0.606789 0.529590
vn 0.588104 -0.613494 0.527028
vn 0.540902 -0.690410 0.480375
vn 0.536729 -0.698275 0.473639
vn 0.489628 -0.774513 0.400493
vn 0.925521 0.377650 -0.028123
vn 0.892289 0.368193 -0.261257
vn 0.900000 0.362515 0.242038
vn -0.498828 0.041167 0.865723
vn -0.297959 0.107528 0.948503
vn -0.697655 -0.024274 0.716022
vn -0.855859 -0.081032 -0.510822
vn -0.728381 -0.023737 -0.684761
vn -0.022251 0.200926 -0.979354
vn -0.284670 0.112734 -0.951974
vn 0.171091 0.278805 -0.944985
vn -0.020857 0.179683 0.983503
vn -0.020704 0.179575 0.983526
vn -0.010895 0.190482 0.981630
vn -0.008912 0.192512 0.981254
vn -0.537951 0.583157 0.608717
vn -0.538012 0.583197 0.608625
vn -0.737413 0.647269 -0.193041
vn -0.737413 0.647271 -0.193033
vn -0.453504 0.313364 -0.834349
vn -0.453409 0.313270 -0.834435
vn 0.010435 -0.069299 -0.997541
vn -0.040057 -0.040565 -0.998374
vn 0.405073 -0.174997 0.897381
vn 0.345589 0.015961 0.938250
vn 0.487622 -0.114041 0.865575
vn 0.522327 -0.181382 0.833232
vn -0.007439 0.194018 0.980970
vn -0.007439 0.194018 0.980970
vn 0.687818 -0.457534 -0.563533
vn 0.687818 -0.457533 -0.563533
vn 0.687818 -0.457533 -0.563533
vn 0.687818 -0.457533 -0.563533
vn 0.873195 -0.476349 0.103063
vn 0.873195 -0.476349 0.103063
vn 0.873195 -0.476349 0.103063
vn 0.873195 -0.476349 0.103063
vn 0.534230 -0.203879 0.820385
vn 0.534230 -0.203879 0.820385
vn 0.943302 -0.029956 -0.330582
vn 0.847217 -0.108627 -0.520023
vn 0.816081 -0.191263 -0.545372
vn 0.937647 -0.064402 -0.341570
vn 0.978403 0.008618 -0.206527
vn 0.981775 0.019306 -0.189066
vn 0.927836 0.283365 0.242540
vn 0.927692 0.283534 0.242892
vn 0.926671 0.284727 0.245380
vn 0.926703 0.284690 0.245302
vn 0.615675 0.404742 0.676113
vn 0.627850 0.387410 0.675069
vn 0.621621 0.473858 0.623736
vn 0.624272 0.466508 0.626622
vn -0.888383 0.063885 0.454636
vn -0.775135 0.110872 0.621992
vn -0.800497 0.150377 0.580166
vn -0.909005 0.064588 0.411750
vn -0.977182 -0.021621 0.211302
vn -0.980341 -0.028959 0.195173
vn -0.942032 -0.202059 -0.267856
vn -0.942530 -0.201518 -0.266512
vn -0.936683 -0.207712 -0.281923
vn -0.936741 -0.207652 -0.281774
vn -0.692921 -0.290528 -0.659889
vn -0.726091 -0.264011 -0.634894
vn -0.646798 -0.330833 -0.687169
vn -0.637993 -0.341687 -0.690083
vn -0.035365 -0.212922 -0.976429
vn -0.448046 -0.183130 -0.875053
vn -0.277521 -0.356983 -0.891933
vn 0.085426 -0.380894 -0.920664
vn 0.541070 -0.076341 -0.837506
vn 0.481269 -0.310366 -0.819789
vn 0.029692 0.397229 0.917239
vn -0.140516 0.357133 0.923424
vn -0.301954 0.307642 0.902319
vn 0.223093 0.086032 -0.970993
vn 0.221038 0.099073 -0.970220
vn 0.114990 0.270135 -0.955931
vn 0.116436 0.268914 -0.956100
vn -0.144301 0.398309 -0.905830
vn -0.125076 0.392962 -0.911009
vn -0.387765 0.413593 -0.823759
vn -0.369018 0.416961 -0.830644
vn -0.544982 0.366936 -0.753892
vn -0.526516 0.374524 -0.763225
vn -0.695462 0.278223 -0.662514
vn -0.667623 0.298821 -0.681899
vn -0.846166 0.097777 -0.523872
vn -0.819464 0.143695 -0.554824
vn -0.906699 -0.108894 -0.407479
vn -0.905118 -0.083372 -0.416906
vn -0.904688 -0.207086 -0.372363
vn -0.905144 -0.204392 -0.372745
vn -0.899753 -0.233945 -0.368395
vn 0.755877 0.241329 -0.608613
vn 0.755877 0.241329 -0.608613
vn 0.732899 0.327912 -0.596098
vn 0.725126 0.352484 -0.591563
vn 0.573064 0.630260 -0.523803
vn 0.568011 0.636374 -0.521911
vn 0.151855 0.905482 -0.396286
vn 0.151449 0.905599 -0.396173
vn -0.271122 0.928606 -0.253344
vn -0.265290 0.929670 -0.255607
vn -0.519272 0.842663 -0.142393
vn -0.512875 0.846016 -0.145660
vn -0.723216 0.690343 -0.019640
vn -0.715150 0.698511 -0.025369
vn -0.897078 0.416803 0.146720
vn -0.890514 0.433667 0.137541
vn -0.948571 0.117920 0.293783
vn -0.948741 0.132836 0.286784
vn -0.935794 -0.013729 0.352280
vn -0.936483 -0.009937 0.350572
vn -0.928692 -0.048510 0.367666
vn 0.880573 0.336128 0.334079
vn 0.880573 0.336128 0.334079
vn 0.855103 0.401750 0.327714
vn 0.854169 0.403928 0.327471
vn 0.723592 0.600339 0.340600
vn 0.715331 0.609050 0.342578
vn 0.405345 0.803852 0.435336
vn 0.376874 0.812678 0.444432
vn 0.080059 0.835179 0.544120
vn 0.060792 0.831436 0.552285
vn -0.106645 0.776992 0.620412
vn -0.122058 0.769576 0.626782
vn -0.253505 0.684878 0.683137
vn -0.273805 0.667544 0.692398
vn -0.393908 0.517408 0.759688
vn -0.409711 0.485516 0.772277
vn -0.456777 0.299764 0.837554
vn -0.456103 0.292164 0.840601
vn -0.442190 0.202486 0.873766
vn -0.442731 0.203586 0.873236
vn -0.432139 0.182281 0.883193
vn 0.362321 0.171274 0.916181
vn 0.356050 0.170502 0.918780
vn 0.408079 0.191901 0.892550
vn 0.407725 0.192451 0.892593
vn 0.373840 0.221448 0.900669
vn 0.369846 0.223493 0.901812
vn 0.336251 0.235485 0.911856
vn 0.333320 0.235721 0.912871
vn 0.321816 0.237932 0.916418
vn 0.321608 0.238460 0.916354
vn 0.325539 0.245043 0.913224
vn 0.328487 0.248236 0.911304
vn 0.339110 0.265911 0.902383
vn 0.341853 0.273869 0.898962
vn 0.343047 0.298186 0.890732
vn 0.341508 0.301023 0.890369
vn 0.333392 0.317259 0.887804
vn 0.333227 0.317645 0.887729
vn 0.327554 0.330779 0.885039
vn -0.649041 -0.581584 -0.490415
vn -0.649041 -0.581584 -0.490415
vn -0.703404 -0.552568 -0.447092
vn -0.699208 -0.555001 -0.450646
vn -0.673293 -0.629682 -0.387528
vn -0.678333 -0.624000 -0.387927
vn -0.350034 -0.822283 -0.448696
vn -0.372694 -0.816286 -0.441335
vn -0.031930 -0.828560 -0.558989
vn -0.050348 -0.832898 -0.551132
vn 0.159052 -0.753801 -0.637564
vn 0.144020 -0.762196 -0.631122
vn 0.306635 -0.640789 -0.703822
vn 0.287530 -0.659306 -0.694724
vn 0.429832 -0.451295 -0.782034
vn 0.416782 -0.482872 -0.770148
vn 0.461441 -0.257642 -0.848937
vn 0.462683 -0.264559 -0.846129
vn 0.436942 -0.159069 -0.885313
vn 0.435925 -0.156876 -0.886205
vn 0.417267 -0.117529 -0.901152
vn -0.284099 -0.226724 -0.931603
vn -0.287866 -0.226694 -0.930453
vn -0.360608 -0.236238 -0.902304
vn -0.360914 -0.236049 -0.902232
vn -0.316288 -0.246739 -0.916014
vn -0.320259 -0.246801 -0.914617
vn -0.285502 -0.237752 -0.928419
vn -0.287318 -0.239485 -0.927413
vn -0.280693 -0.228114 -0.932296
vn -0.280129 -0.229015 -0.932245
vn -0.291380 -0.227638 -0.929128
vn -0.287825 -0.226738 -0.930455
vn -0.313035 -0.241120 -0.918624
vn -0.307166 -0.236036 -0.921920
vn -0.329138 -0.262785 -0.906980
vn -0.328029 -0.259806 -0.908239
vn -0.333903 -0.269964 -0.903121
vn -0.333849 -0.270144 -0.903088
vn -0.335747 -0.263814 -0.904255
vn -0.622253 -0.471398 0.624968
vn -0.622253 -0.471398 0.624968
vn -0.650568 -0.508377 0.564193
vn -0.646767 -0.503290 0.573055
vn -0.549699 -0.683610 0.480113
vn -0.557495 -0.676487 0.481211
vn -0.142635 -0.908285 0.393287
vn -0.144409 -0.907790 0.393780
vn 0.276996 -0.927626 0.250566
vn 0.283085 -0.926432 0.248169
vn 0.541058 -0.830787 0.130574
vn 0.547779 -0.826923 0.127029
vn 0.739239 -0.673395 0.008039
vn 0.747260 -0.664529 0.002045
vn 0.901111 -0.406091 -0.151950
vn 0.907156 -0.388682 -0.161230
vn 0.948632 -0.108037 -0.297363
vn 0.947996 -0.092569 -0.304524
vn 0.929108 0.049775 -0.366445
vn 0.927773 0.055674 -0.368970
vn 0.913259 0.111060 -0.391950
vn -0.130978 -0.076399 0.988437
vn -0.130978 -0.076399 0.988437
vn -0.151481 -0.157377 0.975851
vn -0.148373 -0.144895 0.978259
vn -0.081196 -0.300107 0.950444
vn -0.082953 -0.298777 0.950711
vn 0.163060 -0.409197 0.897758
vn 0.177590 -0.412320 0.893563
vn 0.401607 -0.417580 0.815070
vn 0.419020 -0.413390 0.808413
vn 0.560085 -0.364671 0.743855
vn 0.577881 -0.356034 0.734366
vn 0.697229 -0.280171 0.659830
vn 0.723509 -0.258324 0.640159
vn 0.838857 -0.117426 0.531536
vn 0.862117 -0.071572 0.501630
vn 0.910481 0.111968 0.398105
vn 0.910705 0.137328 0.389562
vn 0.902419 0.246398 0.353452
vn 0.901512 0.250981 0.352540
vn 0.890810 0.298559 0.342521
vn 0.644972 -0.699817 0.307031
vn 0.644972 -0.699817 0.307031
vn 0.646533 -0.693963 0.316877
vn 0.646326 -0.694761 0.315546
vn 0.648265 -0.677833 0.346835
vn 0.648217 -0.679925 0.342806
vn 0.653849 -0.635934 0.409962
vn 0.652400 -0.644957 0.398001
vn 0.691037 -0.517894 0.504235
vn 0.678762 -0.552225 0.484077
vn 0.787028 -0.343706 0.512302
vn 0.771202 -0.366523 0.520488
vn 0.862572 -0.256512 0.436085
vn 0.864927 -0.255111 0.432227
vn 0.898639 -0.233173 0.371590
vn 0.900355 -0.231967 0.368174
vn 0.915360 -0.219634 0.337456
vn 0.916712 -0.218291 0.334648
vn 0.928409 -0.205147 0.309792
vn 0.930027 -0.203075 0.306286
vn 0.943063 -0.183730 0.277264
vn 0.945708 -0.179151 0.271185
vn 0.961396 -0.145777 0.233380
vn 0.964641 -0.136891 0.225228
vn 0.978783 -0.085622 0.186155
vn 0.981015 -0.073316 0.179538
vn 0.988179 -0.010762 0.152924
vn 0.988527 -0.000987 0.151042
vn 0.988302 0.054336 0.142502
vn 0.988101 0.057849 0.142511
vn 0.984903 0.098309 0.142481
vn 0.987476 -0.115080 0.107923
vn 0.987476 -0.115080 0.107923
vn 0.989359 -0.118113 0.084956
vn 0.989086 -0.117619 0.088735
vn 0.991067 -0.126942 0.040902
vn 0.991018 -0.125519 0.046133
vn 0.987882 -0.152148 -0.030678
vn 0.989341 -0.145082 -0.012467
vn 0.948312 -0.255903 -0.187663
vn 0.969127 -0.209580 -0.129880
vn 0.807974 -0.503190 -0.306558
vn 0.850123 -0.433446 -0.299023
vn 0.729832 -0.630209 -0.264919
vn 0.732250 -0.625243 -0.269964
vn 0.707524 -0.670545 -0.223112
vn 0.707269 -0.670951 -0.222699
vn 0.700377 -0.681052 -0.213635
vn 0.700433 -0.680909 -0.213907
vn 0.708027 -0.666419 -0.233631
vn 0.708983 -0.664581 -0.235955
vn 0.730703 -0.618278 -0.289491
vn 0.733227 -0.612176 -0.296005
vn 0.764627 -0.519381 -0.381562
vn 0.767741 -0.508047 -0.390464
vn 0.795139 -0.371388 -0.479401
vn 0.797274 -0.357059 -0.486686
vn 0.810816 -0.201426 -0.549550
vn 0.811454 -0.190413 -0.552525
vn 0.812595 -0.062128 -0.579508
vn 0.812596 -0.058326 -0.579902
vn 0.809650 0.024795 -0.586389
vn -0.177046 -0.910908 0.372696
vn -0.177046 -0.910908 0.372696
vn -0.181591 -0.895854 0.405549
vn -0.181537 -0.896046 0.405150
vn -0.179863 -0.854169 0.487897
vn -0.179810 -0.853942 0.488314
vn -0.148258 -0.753547 0.640458
vn -0.148495 -0.754235 0.639593
vn -0.025733 -0.493639 0.869286
vn -0.027278 -0.496637 0.867530
vn 0.069323 -0.296779 0.952427
vn 0.069323 -0.296779 0.952427
vn 0.400736 0.114623 0.908995
vn 0.400736 0.114623 0.908995
vn 0.495957 0.186968 0.847980
vn 0.514931 0.201821 0.833135
vn 0.628545 0.291817 0.720954
vn 0.634577 0.296330 0.713793
vn 0.671870 0.325343 0.665389
vn 0.674080 0.327212 0.662230
vn 0.685346 0.337388 0.645344
vn 0.685548 0.337737 0.644948
vn 0.681091 0.334605 0.651271
vn 0.678800 0.332594 0.654684
vn 0.661452 0.315050 0.680606
vn 0.657347 0.310233 0.686768
vn 0.634021 0.278982 0.721240
vn 0.629621 0.271620 0.727874
vn 0.607336 0.229653 0.760528
vn 0.604781 0.223124 0.764497
vn 0.590551 0.186977 0.785041
vn 0.590143 0.185695 0.785651
vn 0.584766 0.169111 0.793379
vn -0.853771 -0.480495 0.200498
vn -0.853771 -0.480495 0.200498
vn -0.851548 -0.470411 0.231473
vn -0.851150 -0.468909 0.235940
vn -0.841002 -0.440001 0.314824
vn -0.839278 -0.436029 0.324794
vn -0.806048 -0.368341 0.463262
vn -0.797547 -0.353425 0.488886
vn -0.682934 -0.171438 0.710078
vn -0.645296 -0.119644 0.754506
vn -0.525734 0.021945 0.850366
vn -0.525734 0.021945 0.850366
vn -0.180626 0.462955 0.867783
vn -0.180626 0.462955 0.867783
vn -0.110026 0.569534 0.814571
vn -0.095791 0.589351 0.802178
vn 0.006914 0.721931 0.691931
vn 0.009913 0.725910 0.687718
vn 0.039050 0.764170 0.643831
vn 0.039596 0.764973 0.642844
vn 0.038750 0.766376 0.641222
vn 0.037972 0.765553 0.642252
vn 0.011837 0.732833 0.680306
vn 0.009336 0.729378 0.684047
vn -0.040094 0.650564 0.758392
vn -0.043673 0.643892 0.763869
vn -0.098808 0.521571 0.847467
vn -0.101880 0.512915 0.852372
vn -0.143507 0.369971 0.917893
vn -0.144744 0.363748 0.920183
vn -0.163734 0.252131 0.953741
vn -0.163835 0.250949 0.954035
vn -0.168361 0.193740 0.966499
vn 0.850088 0.509062 -0.134932
vn 0.850088 0.509062 -0.134932
vn 0.852454 0.496980 -0.162275
vn 0.852194 0.498551 -0.158783
vn 0.850393 0.466280 -0.243750
vn 0.851238 0.469232 -0.234981
vn 0.822995 0.397304 -0.405992
vn 0.829601 0.411120 -0.377813
vn 0.779817 0.325806 -0.534543
vn 0.779817 0.325807 -0.534543
vn 0.431971 -0.123434 -0.893401
vn 0.431971 -0.123434 -0.893401
vn 0.431971 -0.123434 -0.893401
vn 0.431971 -0.123434 -0.893401
vn 0.101459 -0.539238 -0.836019
vn 0.101459 -0.539238 -0.836019
vn 0.069210 -0.615867 -0.784804
vn 0.074470 -0.603873 -0.793594
vn 0.026717 -0.687187 -0.725989
vn 0.029868 -0.683100 -0.729714
vn -0.000793 -0.721435 -0.692482
vn -0.000089 -0.720603 -0.693348
vn 0.000697 -0.717682 -0.696371
vn -0.000209 -0.718983 -0.695027
vn 0.031855 -0.668535 -0.742998
vn 0.028999 -0.673304 -0.738797
vn 0.086463 -0.560598 -0.823562
vn 0.082792 -0.569116 -0.818078
vn 0.140477 -0.403573 -0.904099
vn 0.137872 -0.413739 -0.899895
vn 0.173075 -0.231392 -0.957341
vn 0.172422 -0.238256 -0.955775
vn 0.181614 -0.095262 -0.978745
vn 0.181648 -0.096882 -0.978580
vn 0.179130 -0.009820 -0.983776
vn 0.173363 0.925838 -0.335812
vn 0.173363 0.925838 -0.335812
vn 0.179542 0.921961 -0.343151
vn 0.179566 0.921946 -0.343179
vn 0.185933 0.897150 -0.400689
vn 0.185924 0.897083 -0.400841
vn 0.165834 0.816772 -0.552615
vn 0.165104 0.814380 -0.556350
vn 0.135423 0.713063 -0.687896
vn 0.135423 0.713063 -0.687896
vn -0.118114 0.199779 -0.972696
vn -0.118114 0.199779 -0.972696
vn -0.118114 0.199779 -0.972696
vn -0.118114 0.199779 -0.972696
vn -0.446685 -0.179639 -0.876471
vn -0.446685 -0.179639 -0.876471
vn -0.526183 -0.217384 -0.822116
vn -0.519551 -0.214222 -0.827149
vn -0.601713 -0.263995 -0.753823
vn -0.596143 -0.259537 -0.759772
vn -0.637940 -0.293901 -0.711797
vn -0.635596 -0.291881 -0.714719
vn -0.647717 -0.301787 -0.699562
vn -0.647894 -0.302084 -0.699270
vn -0.635376 -0.285905 -0.717326
vn -0.638902 -0.290318 -0.712405
vn -0.606459 -0.241451 -0.757568
vn -0.611663 -0.250841 -0.750298
vn -0.576443 -0.171861 -0.798860
vn -0.580379 -0.184636 -0.793139
vn -0.559153 -0.093137 -0.823816
vn -0.559881 -0.102966 -0.822150
vn -0.555877 -0.029636 -0.830736
vn -0.555678 -0.032888 -0.830747
vn -0.557965 0.013462 -0.829755
vn -0.646464 0.708436 -0.283202
vn -0.646464 0.708436 -0.283202
vn -0.648979 0.712115 -0.267804
vn -0.649408 0.712750 -0.265058
vn -0.651730 0.714226 -0.255205
vn -0.651485 0.713421 -0.258065
vn -0.650304 0.697472 -0.301061
vn -0.650361 0.692667 -0.311840
vn -0.661697 0.639309 -0.391716
vn -0.670735 0.607553 -0.425434
vn -0.738598 0.451968 -0.500198
vn -0.759085 0.414900 -0.501646
vn -0.829282 0.311395 -0.464030
vn -0.828780 0.311887 -0.464597
vn -0.866378 0.273587 -0.417779
vn -0.864407 0.275638 -0.420504
vn -0.886230 0.252707 -0.388246
vn -0.884720 0.254275 -0.390661
vn -0.900072 0.238301 -0.364806
vn -0.898620 0.239793 -0.367398
vn -0.913457 0.224039 -0.339711
vn -0.911380 0.226312 -0.343759
vn -0.930055 0.203131 -0.306161
vn -0.927006 0.207415 -0.312471
vn -0.949061 0.170303 -0.265103
vn -0.945827 0.176958 -0.272207
vn -0.965407 0.128575 -0.226845
vn -0.963496 0.134714 -0.231362
vn -0.974305 0.096397 -0.203560
vn -0.974017 0.097628 -0.204353
vn -0.977392 0.082592 -0.194639
vn -0.989178 0.136088 -0.054843
vn -0.989178 0.136088 -0.054843
vn -0.989967 0.138498 -0.027998
vn -0.990045 0.139023 -0.021997
vn -0.988107 0.149897 0.034286
vn -0.987508 0.152247 0.040603
vn -0.977427 0.182650 0.106181
vn -0.973299 0.192603 0.124874
vn -0.934421 0.273842 0.227745
vn -0.909938 0.317072 0.267354
vn -0.807548 0.490257 0.327894
vn -0.776126 0.542056 0.322188
vn -0.692885 0.676455 0.249637
vn -0.691479 0.679488 0.245261
vn -0.669795 0.721719 0.174632
vn -0.669891 0.721502 0.175160
vn -0.669303 0.725731 0.159211
vn -0.669099 0.725944 0.159099
vn -0.680470 0.711203 0.176498
vn -0.679534 0.712541 0.174697
vn -0.705621 0.670488 0.229226
vn -0.703174 0.674907 0.223712
vn -0.743250 0.588250 0.318656
vn -0.739853 0.596967 0.310240
vn -0.780541 0.463516 0.419416
vn -0.777648 0.475411 0.411397
vn -0.805144 0.320507 0.499018
vn -0.803825 0.330172 0.494824
vn -0.814703 0.212437 0.539564
vn -0.814483 0.215083 0.538848
vn -0.817866 0.157466 0.553444
vn 0.540896 0.586970 -0.602410
vn 0.560152 0.490650 -0.667452
vn 0.890735 0.200400 -0.407960
vn 0.890759 0.200368 -0.407922
vn 0.959770 -0.234151 0.154967
vn 0.959728 -0.234240 0.155095
vn 0.494359 -0.549969 0.673159
vn 0.494450 -0.549947 0.673110
vn -0.311208 -0.517568 0.797040
vn -0.311225 -0.517563 0.797036
vn -0.766208 -0.351136 0.538172
vn -0.748992 -0.442536 0.493125
vn 0.306862 0.621673 -0.720665
vn 0.310188 0.629664 -0.712254
vn 0.843474 -0.220441 -0.489854
vn 0.787648 -0.024488 -0.615639
vn 0.849331 -0.418240 -0.322045
vn 0.340361 -0.809004 0.479236
vn 0.343195 -0.809948 0.475606
vn -0.309572 -0.565984 0.764086
vn -0.309634 -0.565936 0.764096
vn -0.743004 -0.022374 0.668913
vn -0.743051 -0.022269 0.668865
vn -0.802141 0.534456 0.266321
vn -0.802163 0.534384 0.266397
vn -0.363747 0.862711 -0.351309
vn -0.363843 0.862704 -0.351226
vn 0.244658 -0.789252 0.563226
vn 0.246191 -0.789333 0.562443
vn 0.491221 -0.845082 0.211042
vn 0.491223 -0.845130 0.210846
vn 0.533013 -0.820734 0.205653
vn 0.537036 -0.818270 0.205003
vn 0.355157 -0.397149 0.846248
vn 0.422383 -0.579657 0.696843
vn 0.434520 -0.573639 0.694357
vn 0.362054 -0.415125 0.834618
vn 0.185407 0.000349 0.982662
vn 0.160530 -0.026872 0.986665
vn -0.004030 0.403865 0.914810
vn -0.056681 0.373745 0.925798
vn -0.103181 0.593126 0.798470
vn -0.170170 0.569408 0.804250
vn -0.156589 0.792337 0.589645
vn -0.157617 0.799782 0.579228
vn -0.274530 0.858912 0.432323
vn -0.359664 0.857034 0.368965
vn -0.078164 -0.005151 -0.996927
vn -0.042417 0.073796 -0.996371
vn -0.048297 0.155365 -0.986676
vn 0.007627 -0.008525 -0.999935
vn 0.107698 -0.358846 -0.927163
vn 0.179217 -0.348431 -0.920042
vn 0.314789 -0.706374 -0.633991
vn 0.386190 -0.678096 -0.625334
vn 0.405961 -0.829121 -0.384389
vn 0.472046 -0.794205 -0.382637
vn -0.431279 0.775124 -0.461716
vn -0.490038 0.846126 -0.209604
vn -0.343750 0.651658 -0.676149
vn 0.815043 -0.426572 0.392098
vn 0.815705 -0.425947 0.391401
vn 0.806104 -0.434874 0.401349
vn 0.806181 -0.434804 0.401271
vn 0.368584 -0.649425 0.665126
vn 0.368555 -0.649432 0.665136
vn 0.368754 -0.649385 0.665072
vn 0.368767 -0.649381 0.665068
vn -0.476644 -0.574813 0.665132
vn -0.222151 -0.655338 0.721929
vn -0.209509 -0.657937 0.723343
vn -0.466201 -0.579302 0.668630
vn -0.837248 -0.316516 0.445908
vn -0.837061 -0.316642 0.446168
vn -0.986769 0.004024 0.162086
vn -0.987780 0.011356 0.155442
vn -0.985146 0.171546 0.007697
vn -0.983763 0.179475 0.000247
vn -0.797518 0.511150 -0.320455
vn -0.797460 0.511204 -0.320511
vn -0.796851 0.511778 -0.321111
vn -0.796858 0.511771 -0.321105
vn -0.331076 0.737053 -0.589187
vn -0.333395 0.736585 -0.588464
vn -0.348849 0.733341 -0.583537
vn -0.347833 0.733561 -0.583867
vn 0.028401 0.730007 -0.682849
vn 0.083718 0.752749 -0.652963
vn 0.189567 0.741387 -0.643746
vn 0.044099 0.882245 -0.468721
vn 0.966801 -0.210922 0.144250
vn 0.968011 -0.209339 0.138322
vn 0.977860 -0.168377 0.124251
vn 0.976856 -0.171343 0.128042
vn 0.871083 0.316239 -0.375777
vn 0.766681 0.450023 -0.457908
vn 0.966618 0.104063 -0.234139
vn 0.177890 0.458631 0.870639
vn 0.177890 0.458631 0.870640
vn 0.274524 0.469051 0.839421
vn 0.258515 0.467644 0.845269
vn 0.388028 0.473018 0.791005
vn 0.386839 0.473561 0.791262
vn 0.403347 0.464446 0.788417
vn 0.399801 0.466581 0.788962
vn 0.428889 0.440597 0.788624
vn 0.424022 0.446231 0.788088
vn 0.446708 0.400311 0.800127
vn 0.445963 0.404080 0.798647
vn 0.442851 0.362187 0.820185
vn 0.442359 0.361016 0.820967
vn 0.422172 0.329798 0.844396
vn 0.419848 0.327239 0.846547
vn 0.386444 0.295397 0.873729
vn 0.381508 0.291227 0.877290
vn 0.326318 0.245677 0.912775
vn 0.314982 0.236498 0.919160
vn 0.215268 0.148698 0.965168
vn 0.185479 0.120612 0.975218
vn 0.012414 -0.075485 0.997070
vn -0.028858 -0.133566 0.990620
vn -0.190865 -0.424287 0.885184
vn -0.203268 -0.461956 0.863295
vn -0.254032 -0.674081 0.693601
vn -0.254683 -0.683912 0.683668
vn -0.257827 -0.791380 0.554296
vn -0.257768 -0.793211 0.551699
vn -0.254842 -0.843930 0.472057
vn 0.523279 0.850974 0.044971
vn 0.523279 0.850974 0.044971
vn 0.586250 0.808032 0.058264
vn 0.579917 0.812686 0.056909
vn 0.716645 0.692795 0.080346
vn 0.713871 0.695667 0.080222
vn 0.819610 0.564259 0.099261
vn 0.813839 0.572847 0.097536
vn 0.928043 0.326345 0.179540
vn 0.924320 0.339712 0.173863
vn 0.940562 0.055127 0.335119
vn 0.940221 0.053540 0.336332
vn 0.879133 -0.095765 0.466856
vn 0.873832 -0.102931 0.475209
vn 0.821381 -0.164746 0.546069
vn 0.815909 -0.170395 0.552502
vn 0.777502 -0.207604 0.593625
vn 0.772713 -0.211996 0.598307
vn 0.742881 -0.238672 0.625431
vn 0.737893 -0.243097 0.629617
vn 0.709058 -0.269631 0.651564
vn 0.700589 -0.277950 0.657205
vn 0.657509 -0.331632 0.676537
vn 0.642303 -0.354922 0.679321
vn 0.590776 -0.465818 0.658784
vn 0.586836 -0.481168 0.651230
vn 0.571494 -0.586317 0.574131
vn 0.571543 -0.586868 0.573520
vn 0.578542 -0.647352 0.496210
vn 0.578182 -0.646100 0.498257
vn 0.586319 -0.676932 0.444965
vn 0.410127 0.612885 -0.675402
vn 0.410127 0.612885 -0.675402
vn 0.447486 0.575691 -0.684351
vn 0.447845 0.575319 -0.684429
vn 0.548819 0.475846 -0.687291
vn 0.559175 0.466754 -0.685174
vn 0.683564 0.339028 -0.646375
vn 0.701849 0.316742 -0.638031
vn 0.848027 0.071206 -0.525148
vn 0.863900 0.030102 -0.502763
vn 0.909820 -0.280257 -0.306076
vn 0.906853 -0.311875 -0.283465
vn 0.858431 -0.492311 -0.143967
vn 0.853103 -0.504114 -0.134480
vn 0.809158 -0.583611 -0.068271
vn 0.805988 -0.588439 -0.064213
vn 0.783444 -0.620380 -0.036667
vn 0.782702 -0.621367 -0.035800
vn 0.789856 -0.612062 -0.038830
vn 0.792727 -0.608202 -0.040910
vn 0.839191 -0.539960 -0.064821
vn 0.849105 -0.523712 -0.068898
vn 0.924492 -0.374810 -0.069512
vn 0.933535 -0.352803 -0.063581
vn 0.980229 -0.196418 0.023912
vn 0.980648 -0.193901 0.027045
vn 0.982913 -0.130331 0.129982
vn 0.983238 -0.130883 0.126938
vn 0.977259 -0.124833 0.171412
vn 0.977408 -0.124612 0.170722
vn 0.975329 -0.127625 0.180125
vn 0.054015 0.037246 -0.997845
vn 0.053632 0.037692 -0.997849
vn 0.075864 0.024139 -0.996826
vn 0.087444 0.016059 -0.996040
vn 0.163201 -0.046932 -0.985476
vn 0.186552 -0.069163 -0.980008
vn 0.284912 -0.200412 -0.937369
vn 0.309186 -0.246907 -0.918391
vn 0.353171 -0.440796 -0.825208
vn 0.350803 -0.472435 -0.808543
vn 0.315774 -0.599125 -0.735755
vn 0.313417 -0.602868 -0.733703
vn 0.282119 -0.649043 -0.706507
vn 0.282175 -0.648971 -0.706551
vn 0.287263 -0.645369 -0.707799
vn 0.286616 -0.646053 -0.707436
vn 0.340723 -0.588227 -0.733415
vn 0.337525 -0.591765 -0.732046
vn 0.468704 -0.435570 -0.768502
vn 0.460394 -0.446381 -0.767321
vn 0.662933 -0.141356 -0.735213
vn 0.652933 -0.158934 -0.740552
vn 0.813878 0.184480 -0.550972
vn 0.807399 0.168032 -0.565572
vn 0.867369 0.372068 -0.330509
vn 0.865690 0.365316 -0.342237
vn 0.876617 0.438048 -0.199139
vn 0.876442 0.436323 -0.203648
vn 0.876955 0.460755 -0.136581
vn -0.411400 -0.579291 0.703685
vn -0.411400 -0.579291 0.703685
vn -0.531722 -0.489124 0.691396
vn -0.524175 -0.495401 0.692689
vn -0.615300 -0.413432 0.671178
vn -0.605458 -0.423001 0.674160
vn -0.740257 -0.266487 0.617255
vn -0.724789 -0.287697 0.626029
vn -0.872337 -0.006763 0.488858
vn -0.859989 -0.042038 0.508578
vn -0.907701 0.303710 0.289550
vn -0.910301 0.271808 0.312206
vn -0.844875 0.521467 0.119411
vn -0.851524 0.507776 0.130653
vn -0.779970 0.625052 0.030935
vn -0.783655 0.620211 0.034980
vn -0.748714 0.662893 0.000512
vn -0.749844 0.661613 0.001281
vn -0.752943 0.658052 0.006692
vn -0.750641 0.660695 0.004467
vn -0.805521 0.591072 0.042073
vn -0.795343 0.605079 0.036181
vn -0.898952 0.433472 0.063146
vn -0.887005 0.457138 0.065169
vn -0.963543 0.267481 0.006286
vn -0.962191 0.272192 0.010014
vn -0.979894 0.186462 -0.070993
vn -0.979994 0.185029 -0.073321
vn -0.980568 0.162856 -0.109381
vn -0.980556 0.162539 -0.109956
vn -0.980363 0.158345 -0.117535
vn -0.167150 -0.078550 0.982797
vn -0.167150 -0.078550 0.982797
vn -0.126803 -0.025692 0.991595
vn -0.131339 -0.031603 0.990834
vn -0.147097 0.028523 0.988711
vn -0.135572 0.019824 0.990569
vn -0.239844 0.120003 0.963366
vn -0.220164 0.097863 0.970541
vn -0.337742 0.294054 0.894127
vn -0.321632 0.254353 0.912062
vn -0.354361 0.506214 0.786241
vn -0.358955 0.479686 0.800658
vn -0.298614 0.643758 0.704561
vn -0.301126 0.640678 0.706296
vn -0.251278 0.693872 0.674835
vn -0.251196 0.693928 0.674807
vn -0.248304 0.690760 0.679114
vn -0.248756 0.690199 0.679519
vn -0.293837 0.641348 0.708755
vn -0.296520 0.638496 0.710210
vn -0.414071 0.507080 0.755920
vn -0.421577 0.498016 0.757795
vn -0.622557 0.215550 0.752304
vn -0.631652 0.200613 0.748846
vn -0.795624 -0.128887 0.591921
vn -0.801730 -0.143363 0.580239
vn -0.860857 -0.323173 0.393044
vn -0.863022 -0.330655 0.381917
vn -0.876931 -0.400097 0.266297
vn -0.877320 -0.402394 0.261511
vn -0.880073 -0.429730 0.202000
vn -0.755464 -0.655189 -0.000678
vn -0.755464 -0.655189 -0.000678
vn -0.740505 -0.669564 -0.057766
vn -0.740746 -0.669369 -0.056924
vn -0.768761 -0.634048 -0.083597
vn -0.771115 -0.631147 -0.083870
vn -0.854560 -0.508039 -0.107810
vn -0.858267 -0.501398 -0.109439
vn -0.938789 -0.287225 -0.190201
vn -0.940035 -0.281250 -0.192959
vn -0.936581 -0.030317 -0.349137
vn -0.938505 -0.037774 -0.343192
vn -0.857460 0.130600 -0.497701
vn -0.864971 0.121665 -0.486849
vn -0.786095 0.202593 -0.583962
vn -0.792342 0.197121 -0.577355
vn -0.736001 0.244942 -0.631115
vn -0.741403 0.240397 -0.626523
vn -0.693713 0.282044 -0.662731
vn -0.699925 0.276252 -0.658628
vn -0.645990 0.333907 -0.686442
vn -0.656489 0.321041 -0.682609
vn -0.585618 0.434404 -0.684357
vn -0.598346 0.407848 -0.689669
vn -0.551017 0.561902 -0.616966
vn -0.551363 0.549009 -0.628163
vn -0.560008 0.648657 -0.515398
vn -0.559790 0.648177 -0.516237
vn -0.579192 0.690450 -0.433377
vn -0.579598 0.691212 -0.431615
vn -0.590874 0.713090 -0.377320
vn -0.441609 -0.338873 -0.830751
vn -0.441609 -0.338873 -0.830751
vn -0.442067 -0.383284 -0.810968
vn -0.442028 -0.392937 -0.806357
vn -0.445902 -0.423537 -0.788535
vn -0.447546 -0.421597 -0.788644
vn -0.457405 -0.404821 -0.791770
vn -0.459467 -0.399929 -0.793062
vn -0.463953 -0.371154 -0.804358
vn -0.463370 -0.364420 -0.807766
vn -0.448742 -0.333535 -0.829087
vn -0.446691 -0.331509 -0.831005
vn -0.417818 -0.309927 -0.854034
vn -0.419033 -0.310628 -0.853183
vn -0.384772 -0.288360 -0.876812
vn -0.387729 -0.290462 -0.874813
vn -0.340817 -0.255698 -0.904689
vn -0.346496 -0.260031 -0.901291
vn -0.267461 -0.197055 -0.943204
vn -0.280018 -0.207351 -0.937334
vn -0.130411 -0.069632 -0.989012
vn -0.160411 -0.099403 -0.982032
vn 0.073707 0.187543 -0.979487
vn 0.038085 0.133638 -0.990298
vn 0.226521 0.504582 -0.833118
vn 0.216976 0.470606 -0.855249
vn 0.266633 0.729177 -0.630244
vn 0.266748 0.720829 -0.639728
vn 0.260156 0.834776 -0.485250
vn 0.260335 0.833325 -0.487643
vn 0.252745 0.880678 -0.400657
vn -0.190430 0.957307 -0.217483
vn -0.199233 0.956202 -0.214438
vn -0.293979 0.936411 -0.191599
vn -0.294362 0.936300 -0.191554
vn -0.420298 0.890462 -0.174433
vn -0.421791 0.889801 -0.174203
vn -0.617122 0.777056 -0.123870
vn -0.620254 0.774739 -0.122736
vn -0.826859 0.562407 -0.001448
vn -0.826989 0.562216 -0.001327
vn -0.927068 0.344061 0.148885
vn -0.925137 0.351862 0.142531
vn -0.942802 0.224551 0.246377
vn -0.942648 0.231811 0.240163
vn -0.941260 0.170828 0.291286
vn -0.941493 0.174131 0.288565
vn -0.940532 0.166655 0.296018
vn -0.940425 0.164109 0.297774
vn -0.939115 0.219470 0.264378
vn -0.939834 0.207601 0.271317
vn -0.917168 0.339675 0.208385
vn -0.922093 0.321309 0.215649
vn -0.847371 0.506696 0.158813
vn -0.854967 0.492897 0.161507
vn -0.731956 0.667406 0.137146
vn -0.736072 0.662842 0.137254
vn -0.614310 0.777228 0.136165
vn -0.614708 0.776916 0.136145
vn -0.522955 0.840816 0.139805
vn 0.110966 0.972456 0.204976
vn 0.110966 0.972456 0.204976
vn -0.057892 0.862819 0.502187
vn -0.080892 0.838683 0.538579
vn -0.175025 0.733281 0.657013
vn -0.177078 0.732993 0.656784
vn -0.214493 0.723780 0.655847
vn -0.220103 0.721923 0.656035
vn -0.278256 0.695986 0.661949
vn -0.290621 0.689055 0.663884
vn -0.360274 0.634033 0.684255
vn -0.372830 0.620159 0.690218
vn -0.416800 0.548646 0.724752
vn -0.418663 0.542590 0.728229
vn -0.429298 0.486718 0.760795
vn -0.429306 0.486489 0.760937
vn -0.428766 0.447016 0.785071
vn -0.428873 0.448358 0.784247
vn -0.425984 0.418826 0.801949
vn -0.426197 0.420573 0.800921
vn -0.423268 0.397379 0.814208
vn -0.423483 0.399038 0.813284
vn -0.419299 0.388720 0.820418
vn -0.419745 0.388486 0.820300
vn -0.405155 0.402713 0.820775
vn -0.405900 0.401883 0.820814
vn -0.372032 0.432167 0.821477
vn -0.371133 0.432820 0.821540
vn -0.327894 0.460948 0.824629
vn -0.325663 0.462153 0.824838
vn -0.285657 0.483071 0.827673
vn 0.635298 0.443208 0.632427
vn 0.635298 0.443208 0.632427
vn 0.234298 0.252371 0.938836
vn 0.256820 0.264104 0.929674
vn 0.030407 0.137888 0.989981
vn 0.034518 0.139325 0.989645
vn 0.090650 0.158496 0.983190
vn 0.100652 0.161834 0.981672
vn 0.181828 0.197586 0.963275
vn 0.202760 0.208881 0.956691
vn 0.294472 0.277882 0.914368
vn 0.316117 0.301017 0.899700
vn 0.368563 0.383465 0.846827
vn 0.371954 0.397469 0.838849
vn 0.379000 0.450074 0.808574
vn 0.378579 0.453339 0.806946
vn 0.374751 0.464955 0.802109
vn 0.374531 0.464391 0.802538
vn 0.371582 0.435426 0.819958
vn 0.371507 0.433756 0.820876
vn 0.364404 0.353868 0.861387
vn 0.364236 0.352498 0.862019
vn 0.334059 0.221566 0.916140
vn 0.333436 0.219780 0.916797
vn 0.266289 0.082986 0.960314
vn 0.263454 0.079023 0.961430
vn 0.181857 -0.015010 0.983210
vn 0.177241 -0.018759 0.983989
vn 0.119212 -0.062224 0.990917
vn 0.116614 -0.063626 0.991137
vn 0.085965 -0.080088 0.993074
vn 0.430291 -0.554215 0.712528
vn 0.430291 -0.554215 0.712528
vn 0.281121 -0.519376 0.806982
vn 0.299835 -0.524535 0.796845
vn 0.220642 -0.477023 0.850745
vn 0.227317 -0.475401 0.849895
vn 0.348258 -0.438118 0.828715
vn 0.362890 -0.432658 0.825299
vn 0.534905 -0.350138 0.768948
vn 0.562797 -0.333384 0.756383
vn 0.747530 -0.182651 0.638622
vn 0.775990 -0.150498 0.612527
vn 0.879607 0.015767 0.475440
vn 0.888901 0.040320 0.456322
vn 0.917148 0.151000 0.368834
vn 0.918480 0.161834 0.360838
vn 0.921845 0.207970 0.327034
vn 0.921815 0.210009 0.325812
vn 0.920914 0.200206 0.334417
vn 0.920618 0.194906 0.338341
vn 0.913845 0.120579 0.387748
vn 0.911882 0.106379 0.396429
vn 0.877353 -0.043740 0.477848
vn 0.871280 -0.062588 0.486779
vn 0.783760 -0.254778 0.566399
vn 0.774162 -0.270881 0.572099
vn 0.646678 -0.439068 0.623721
vn 0.637463 -0.448700 0.626346
vn 0.522297 -0.551791 0.650179
vn 0.517011 -0.555673 0.651097
vn 0.436660 -0.609927 0.661299
vn 0.454948 0.017735 -0.890341
vn 0.454948 0.017735 -0.890341
vn 0.194495 -0.072773 -0.978200
vn 0.270802 -0.047467 -0.961464
vn 0.002668 -0.132647 -0.991160
vn 0.006079 -0.131603 -0.991284
vn -0.055811 -0.149453 -0.987192
vn -0.045755 -0.146666 -0.988127
vn -0.159009 -0.189915 -0.968839
vn -0.136453 -0.179531 -0.974243
vn -0.283047 -0.275619 -0.918650
vn -0.257288 -0.252678 -0.932715
vn -0.351950 -0.366731 -0.861185
vn -0.346293 -0.353057 -0.869156
vn -0.368241 -0.417718 -0.830608
vn -0.367789 -0.414554 -0.832392
vn -0.370206 -0.426641 -0.825182
vn -0.370215 -0.427303 -0.824835
vn -0.368829 -0.393507 -0.842091
vn -0.368925 -0.395333 -0.841193
vn -0.358557 -0.308226 -0.881155
vn -0.358835 -0.309881 -0.880461
vn -0.319489 -0.173302 -0.931608
vn -0.320459 -0.175602 -0.930844
vn -0.238295 -0.035360 -0.970549
vn -0.241831 -0.039525 -0.969513
vn -0.143362 0.054694 -0.988158
vn -0.148386 0.051459 -0.987590
vn -0.078722 0.092147 -0.992629
vn -0.081463 0.091065 -0.992508
vn -0.046149 0.104926 -0.993409
vn -0.054018 0.559652 -0.826966
vn -0.040219 0.568556 -0.821661
vn -0.193959 0.483774 -0.853430
vn -0.188563 0.484968 -0.853962
vn -0.320576 0.447413 -0.834897
vn -0.305998 0.452316 -0.837720
vn -0.530142 0.351857 -0.771457
vn -0.499924 0.368669 -0.783683
vn -0.762709 0.164500 -0.625472
vn -0.730970 0.198483 -0.652906
vn -0.882492 -0.025573 -0.469632
vn -0.872934 -0.002081 -0.487834
vn -0.913466 -0.135065 -0.383846
vn -0.911674 -0.124879 -0.391480
vn -0.919100 -0.177278 -0.351892
vn -0.918960 -0.175566 -0.353113
vn -0.917634 -0.158380 -0.364505
vn -0.918154 -0.164135 -0.360628
vn -0.904631 -0.065700 -0.421102
vn -0.907311 -0.080317 -0.412717
vn -0.855927 0.104327 -0.506463
vn -0.862869 0.085580 -0.498130
vn -0.749611 0.309523 -0.585046
vn -0.759825 0.293910 -0.579899
vn -0.604523 0.482582 -0.633772
vn -0.613809 0.473720 -0.631528
vn -0.478088 0.585036 -0.655106
vn -0.483245 0.581603 -0.654379
vn -0.393671 0.636504 -0.663239
vn 0.677629 -0.449545 -0.582004
vn 0.677629 -0.449545 -0.582004
vn 0.433896 -0.627439 -0.646572
vn 0.494348 -0.591399 -0.637077
vn 0.224350 -0.721977 -0.654535
vn 0.221997 -0.722763 -0.654470
vn 0.269113 -0.703663 -0.657599
vn 0.263129 -0.706409 -0.657076
vn 0.337800 -0.660903 -0.670148
vn 0.326222 -0.669518 -0.667327
vn 0.407171 -0.583181 -0.702931
vn 0.397764 -0.597756 -0.696040
vn 0.435870 -0.503442 -0.746032
vn 0.435458 -0.509118 -0.742412
vn 0.434194 -0.448030 -0.781501
vn 0.434212 -0.448129 -0.781435
vn 0.427177 -0.410630 -0.805545
vn 0.426899 -0.409232 -0.806403
vn 0.422377 -0.381088 -0.822417
vn 0.422169 -0.379036 -0.823471
vn 0.421896 -0.354338 -0.834535
vn 0.422215 -0.351986 -0.835368
vn 0.427062 -0.337351 -0.838935
vn 0.427662 -0.337271 -0.838662
vn 0.427886 -0.350887 -0.832942
vn 0.427598 -0.351863 -0.832678
vn 0.404533 -0.391415 -0.826528
vn 0.405403 -0.390399 -0.826582
vn 0.363998 -0.430440 -0.825970
vn 0.366238 -0.428850 -0.825807
vn 0.326796 -0.456093 -0.827758
vn 0.465508 -0.785546 0.407701
vn 0.465508 -0.785546 0.407701
vn 0.378254 -0.875111 0.301837
vn 0.384417 -0.869845 0.309183
vn 0.336920 -0.922028 0.190653
vn 0.336975 -0.922010 0.190644
vn 0.467207 -0.868140 0.167484
vn 0.466381 -0.868554 0.167640
vn 0.654595 -0.747707 0.111531
vn 0.653161 -0.748873 0.112116
vn 0.841098 -0.540800 -0.009497
vn 0.842514 -0.538564 -0.010935
vn 0.930062 -0.333550 -0.154042
vn 0.932121 -0.323917 -0.161951
vn 0.943763 -0.203519 -0.260561
vn 0.943507 -0.195647 -0.267427
vn 0.939062 -0.141605 -0.313227
vn 0.938613 -0.138057 -0.316143
vn 0.937272 -0.128511 -0.324048
vn 0.937550 -0.130548 -0.322424
vn 0.939774 -0.166701 -0.298388
vn 0.939955 -0.177811 -0.291320
vn 0.930950 -0.274850 -0.240395
vn 0.927376 -0.293306 -0.232262
vn 0.876658 -0.446627 -0.178873
vn 0.869732 -0.461313 -0.175373
vn 0.768633 -0.622724 -0.146350
vn 0.764571 -0.627786 -0.146002
vn 0.654142 -0.743306 -0.139982
vn 0.653757 -0.743642 -0.139993
vn 0.567421 -0.811172 -0.141539
vn 0.053482 -0.931888 0.358781
vn 0.053482 -0.931888 0.358781
vn 0.056802 -0.922423 0.381981
vn 0.055457 -0.926343 0.372576
vn 0.073295 -0.865235 0.495981
vn 0.073356 -0.865008 0.496367
vn 0.074468 -0.859751 0.505256
vn 0.074459 -0.859710 0.505327
vn -0.032820 -0.865409 0.499991
vn -0.017424 -0.865114 0.501272
vn -0.165545 -0.858381 0.485569
vn -0.165623 -0.858233 0.485804
vn -0.358877 -0.834698 0.417717
vn -0.369194 -0.832401 0.413285
vn -0.502212 -0.792925 0.345040
vn -0.490688 -0.796994 0.352174
vn -0.516376 -0.798510 0.309415
vn -0.519885 -0.794666 0.313411
vn -0.439509 -0.859749 0.260122
vn -0.444412 -0.856383 0.262879
vn -0.196963 -0.970510 0.138979
vn -0.182372 -0.974318 0.132076
vn 0.278268 -0.958900 -0.055484
vn 0.306053 -0.949901 -0.063400
vn 0.575394 -0.806958 -0.133198
vn 0.574811 -0.807550 -0.132121
vn 0.553950 -0.827151 -0.094661
vn 0.188382 -0.180009 0.965458
vn 0.188382 -0.180009 0.965458
vn 0.189233 -0.196452 0.962080
vn 0.188845 -0.188827 0.963681
vn 0.103213 -0.266085 0.958408
vn 0.098665 -0.266788 0.958691
vn 0.018128 -0.279144 0.960078
vn 0.018128 -0.279116 0.960086
vn -0.084645 -0.280547 0.956101
vn -0.091241 -0.280472 0.955516
vn -0.250805 -0.274907 0.928182
vn -0.250805 -0.274898 0.928185
vn 0.206280 -0.202625 0.957284
vn -0.022811 -0.450314 0.892579
vn 0.028933 -0.528402 0.848501
vn 0.020558 -0.522697 0.852271
vn 0.194607 -0.604676 0.772331
vn 0.214686 -0.609279 0.763341
vn 0.414481 -0.613878 0.671833
vn 0.446537 -0.600243 0.663561
vn 0.526928 -0.554637 0.643991
vn 0.519947 -0.556292 0.648224
vn 0.432904 -0.573209 0.695720
vn 0.056736 -0.969973 -0.236501
vn 0.056736 -0.969973 -0.236501
vn 0.059420 -0.966557 -0.249473
vn 0.061549 -0.963709 -0.259763
vn -0.027484 -0.876409 -0.480783
vn -0.162997 -0.903210 -0.397043
vn 0.144715 -0.915815 -0.374620
vn 0.182660 -0.866553 -0.464457
vn -0.060969 -0.821273 -0.567269
vn -0.060969 -0.821273 -0.567269
vn 0.013421 -0.869994 -0.492879
vn 0.019140 -0.873260 -0.486878
vn -0.050046 -0.907576 -0.416895
vn -0.036238 -0.910237 -0.412498
vn -0.296947 -0.811449 -0.503361
vn -0.287246 -0.816957 -0.500070
vn -0.532294 -0.652594 -0.539244
vn -0.525535 -0.657628 -0.539758
vn -0.581928 -0.606324 -0.541970
vn -0.581667 -0.606469 -0.542087
vn -0.404942 -0.664335 -0.628236
vn -0.419910 -0.661043 -0.621850
vn 0.033060 -0.646147 -0.762496
vn -0.008297 -0.658192 -0.752804
vn 0.314586 -0.521889 -0.792885
vn 0.313452 -0.523290 -0.792411
vn 0.348220 -0.478861 -0.805875
vn 0.236194 -0.206003 -0.949618
vn 0.236194 -0.206003 -0.949618
vn 0.236451 -0.220257 -0.946350
vn 0.236658 -0.234551 -0.942857
vn 0.088039 -0.185938 -0.978609
vn 0.190232 0.011905 -0.981667
vn 0.312189 -0.053145 -0.948532
vn 0.273286 -0.319000 -0.907499
vn 0.328682 -0.391932 -0.859277
vn 0.334396 -0.391071 -0.857463
vn 0.174988 -0.344137 -0.922469
vn 0.136083 -0.328735 -0.934566
vn -0.176340 -0.172953 -0.969016
vn -0.202540 -0.156920 -0.966620
vn -0.347714 -0.065751 -0.935292
vn -0.350677 -0.064034 -0.934305
vn -0.334701 -0.053572 -0.940800
vn -0.343698 -0.052055 -0.937637
vn -0.172333 -0.037940 -0.984308
vn -0.205730 -0.048087 -0.977427
vn -0.029484 0.022151 -0.999320
vn -0.034431 0.017481 -0.999254
vn 0.045032 0.092201 -0.994722
vn 0.272914 0.861757 0.427660
vn 0.272914 0.861757 0.427660
vn 0.273770 0.865110 0.420279
vn 0.273696 0.864821 0.420921
vn 0.224447 0.894321 0.387058
vn 0.212796 0.896772 0.387966
vn 0.130613 0.907881 0.398362
vn 0.130708 0.908137 0.397747
vn 0.153475 0.898322 0.411658
vn 0.159428 0.896419 0.413541
vn 0.185436 0.881523 0.434201
vn 0.186487 0.882387 0.431992
vn 0.292542 0.821500 0.489446
vn 0.300948 0.816567 0.492594
vn 0.453876 0.710738 0.537446
vn 0.456911 0.708266 0.538138
vn 0.632571 0.563560 0.531275
vn 0.634021 0.562445 0.530728
vn 0.692540 0.521765 0.498147
vn 0.693292 0.520699 0.498216
vn 0.565938 0.603425 0.561776
vn 0.554092 0.608517 0.568058
vn 0.149791 0.669793 0.727283
vn 0.107749 0.663472 0.740402
vn -0.166641 0.588068 0.791459
vn -0.166356 0.587931 0.791620
vn -0.154169 0.582010 0.798434
vn 0.115610 0.336677 0.934496
vn 0.115376 0.334492 0.935309
vn 0.092765 0.364580 0.926540
vn 0.087173 0.364906 0.926955
vn 0.043284 0.363812 0.930466
vn 0.043331 0.364214 0.930307
vn -0.010202 0.362022 0.932114
vn -0.025421 0.362254 0.931733
vn -0.108551 0.358564 0.927173
vn -0.108223 0.359390 0.926891
vn 0.362375 -0.006089 0.932013
vn 0.446046 0.007916 0.894975
vn 0.441277 0.010106 0.897314
vn 0.475066 -0.001603 0.879949
vn 0.469689 0.001917 0.882830
vn 0.373204 0.030652 0.927243
vn 0.339203 0.030591 0.940216
vn 0.208665 0.021089 0.977760
vn 0.204107 0.018803 0.978768
vn 0.143974 -0.011148 0.989519
vn 0.129731 0.316915 -0.939540
vn 0.129502 0.314929 -0.940239
vn 0.242564 0.120757 -0.962591
vn 0.368132 0.192452 -0.909638
vn 0.558395 0.218583 -0.800260
vn 0.545383 0.223007 -0.807976
vn 0.531672 0.227555 -0.815808
vn 0.498921 0.238001 -0.833327
vn 0.305759 0.331975 -0.892359
vn 0.260498 0.358951 -0.896267
vn 0.089858 0.463800 -0.881371
vn 0.079437 0.471181 -0.878452
vn -0.078884 0.560159 -0.824621
vn -0.062909 0.553211 -0.830663
vn -0.286588 0.606406 -0.741713
vn -0.256932 0.608011 -0.751205
vn -0.340558 0.615020 -0.711176
vn -0.348608 0.611674 -0.710160
vn -0.226517 0.656407 -0.719597
vn 0.259544 0.831343 -0.491432
vn 0.259544 0.831343 -0.491432
vn 0.259837 0.832353 -0.489565
vn 0.259884 0.832516 -0.489262
vn 0.203983 0.791184 -0.576559
vn 0.231736 0.785893 -0.573299
vn 0.176494 0.810198 -0.558954
vn 0.158067 0.811404 -0.562707
vn 0.358024 0.777416 -0.517149
vn 0.359269 0.777458 -0.516223
vn 0.371028 0.791094 -0.486321
vn 0.378485 0.793851 -0.475972
vn 0.587013 0.749285 -0.306574
vn 0.575318 0.755295 -0.313910
vn 0.662420 0.699352 -0.268527
vn 0.672094 0.690654 -0.266996
vn 0.673890 0.683545 -0.280424
vn 0.664569 0.690078 -0.286602
vn 0.575836 0.764259 -0.290381
vn 0.570037 0.769169 -0.288853
vn 0.333001 0.922316 -0.196068
vn 0.347770 0.915363 -0.202894
vn -0.177628 0.984019 0.012466
vn -0.143810 0.989604 0.001622
vn -0.425915 0.899945 0.093248
vn -0.429148 0.898286 0.094415
vn -0.340754 0.938052 0.062812
vn 0.061039 0.235204 -0.970028
vn -0.072051 0.127336 -0.989239
vn 0.231446 0.278667 -0.932082
vn 0.401996 0.265164 -0.876406
vn -0.192013 0.025272 -0.981067
vn -0.192013 0.025272 -0.981067
vn -0.787807 -0.200092 -0.582514
vn -0.787807 -0.200092 -0.582514
vn -0.787807 -0.200092 -0.582514
vn -0.787807 -0.200092 -0.582514
vn 0.110199 0.352735 -0.929212
vn 0.021060 0.288533 -0.957238
vn 0.748256 0.548828 -0.372694
vn 0.759759 0.546383 -0.352465
vn -0.465215 0.184917 -0.865668
vn -0.293005 0.171050 -0.940686
vn -0.465215 0.184917 -0.865668
vn -0.743519 -0.146406 0.652491
vn -0.632856 -0.082530 0.769859
vn -0.632856 -0.082530 0.769859
vn -0.753693 -0.152765 0.639226
vn -0.888306 -0.047496 0.456788
vn -0.888422 -0.213067 0.406582
vn -0.347582 0.068356 0.935155
vn -0.290181 0.082801 0.953383
vn -0.208816 0.102288 0.972591
vn -0.347582 0.068356 0.935155
vn 0.018519 0.178769 0.983717
vn 0.171353 0.340137 0.924632
vn -0.769159 0.012749 0.638930
vn -0.527069 0.076151 0.846403
vn -0.088953 0.291325 0.952479
vn -0.698651 -0.097592 -0.708775
vn -0.825423 -0.138159 -0.547347
vn -0.870437 -0.179682 -0.458317
vn -0.690404 -0.098284 -0.716717
vn -0.488342 0.002041 -0.872650
vn -0.519892 -0.033495 -0.853575
vn -0.960614 -0.244159 -0.132691
vn -0.984217 -0.172977 0.037350
vn -0.769716 0.000356 -0.638386
vn -0.838874 -0.056534 -0.541382
vn -0.305355 0.184907 -0.934113
vn -0.305355 0.184907 -0.934113
vn -0.969488 -0.097371 -0.224971
vn 0.190095 -0.214229 0.958107
vn 0.190336 -0.219413 0.956886
vn 0.191300 -0.241474 0.951365
vn 0.191185 -0.238719 0.952083
vn 0.116275 0.342902 0.932147
vn 0.116522 0.345223 0.931259
vn 0.117683 0.356201 0.926969
vn 0.117454 0.354032 0.927829
vn 0.275343 0.871313 0.406201
vn 0.275429 0.871652 0.405416
vn 0.277080 0.878224 0.389806
vn 0.276983 0.877835 0.390750
vn 0.260562 0.834853 -0.484901
vn 0.260503 0.834648 -0.485284
vn 0.330032 0.792011 -0.513613
vn 0.352022 0.776368 -0.522813
vn 0.128603 0.307167 -0.942926
vn 0.128852 0.309319 -0.942189
vn 0.121527 0.294250 -0.947971
vn 0.161005 0.095526 -0.982320
vn 0.236964 -0.273961 -0.932091
vn 0.236923 -0.263773 -0.935036
vn 0.241535 -0.282806 -0.928268
vn 0.070084 -0.951024 -0.301069
vn 0.068168 -0.954049 -0.291794
vn 0.430015 -0.813654 -0.391223
vn 0.433498 -0.811587 -0.391670
vn 0.061325 -0.908390 0.413602
vn 0.062469 -0.904625 0.421607
vn 0.068316 -0.883977 0.462513
vn 0.067428 -0.887269 0.456298
vn 0.058626 0.209978 -0.975947
vn 0.120099 0.107688 -0.986904
vn 0.294715 -0.210215 -0.932176
vn 0.679006 -0.611599 -0.406075
vn 0.679006 -0.611599 -0.406075
vn 0.448839 -0.792129 -0.413613
vn 0.448839 -0.792129 -0.413613
vn 0.447680 -0.801422 -0.396618
vn 0.447684 -0.801387 -0.396683
vn 0.498261 -0.821894 -0.276092
vn 0.523350 -0.821121 -0.227738
vn 0.589815 -0.805944 0.050715
vn 0.580750 -0.804530 0.124340
vn 0.525691 -0.787915 0.320685
vn 0.519881 -0.793463 0.316451
vn 0.408495 -0.804610 0.430970
vn 0.431115 -0.806187 0.405220
vn 0.329675 -0.797886 0.504670
vn 0.328728 -0.799134 0.503312
vn 0.054907 -0.777677 0.626262
vn 0.112415 -0.789085 0.603911
vn -0.082092 -0.738430 0.669315
vn -0.082092 -0.738430 0.669315
vn -0.618262 -0.599746 0.507994
vn -0.618262 -0.599746 0.507994
vn -0.655979 -0.611504 0.442442
vn -0.660371 -0.612708 0.434166
vn -0.655968 -0.631065 0.414081
vn -0.657605 -0.630481 0.412371
vn -0.450213 -0.689218 0.567704
vn -0.494105 -0.680504 0.541087
vn 0.016242 -0.759333 0.650500
vn -0.043745 -0.749644 0.660394
vn 0.344557 -0.798027 0.494402
vn 0.326893 -0.793009 0.514079
vn 0.462886 -0.830743 0.309196
vn 0.456271 -0.826935 0.328627
vn 0.487266 -0.862598 0.136004
vn 0.488825 -0.858704 0.153874
vn 0.456458 -0.889545 -0.018851
vn 0.458486 -0.888597 -0.013661
vn 0.402245 -0.903865 -0.145695
vn 0.826417 -0.141689 -0.544940
vn 0.826417 -0.141689 -0.544940
vn 0.813455 -0.151083 -0.561663
vn 0.813894 -0.150772 -0.561111
vn 0.785875 -0.169856 -0.594600
vn 0.785875 -0.169856 -0.594600
vn 0.987252 -0.154905 0.036587
vn 0.987252 -0.154905 0.036587
vn 0.987252 -0.154905 0.036587
vn 0.987252 -0.154905 0.036587
vn 0.794214 -0.141558 0.590920
vn 0.794214 -0.141558 0.590920
vn 0.793289 -0.149494 0.590207
vn 0.793197 -0.150252 0.590137
vn 0.668304 -0.157641 0.726994
vn 0.672202 -0.157751 0.723367
vn 0.553474 -0.154016 0.818502
vn 0.553471 -0.154041 0.818499
vn -0.014706 -0.095441 0.995327
vn -0.014706 -0.095441 0.995326
vn -0.014706 -0.095441 0.995326
vn -0.014706 -0.095441 0.995326
vn -0.669409 0.046481 0.741439
vn -0.669409 0.046481 0.741438
vn -0.720277 0.070627 0.690082
vn -0.719468 0.070231 0.690965
vn -0.720172 0.076116 0.689608
vn -0.719828 0.075996 0.689979
vn -0.669779 0.058980 0.740215
vn -0.669779 0.058980 0.740215
vn -0.169972 -0.071182 0.982875
vn -0.169972 -0.071182 0.982875
vn -0.169972 -0.071182 0.982875
vn -0.169972 -0.071182 0.982875
vn 0.457659 -0.158920 0.874810
vn 0.457659 -0.158920 0.874810
vn 0.612082 -0.177071 0.770715
vn 0.604303 -0.176251 0.777016
vn 0.868318 -0.214709 0.447127
vn 0.859459 -0.212119 0.465120
vn 0.958846 -0.272996 0.078023
vn 0.958590 -0.270338 0.089567
vn 0.921908 -0.330345 -0.202382
vn 0.921289 -0.330831 -0.204397
vn 0.857935 -0.364553 -0.362006
vn -0.219576 -0.974800 0.039381
vn -0.219576 -0.974800 0.039381
vn -0.200001 -0.978864 0.042725
vn -0.200324 -0.978800 0.042670
vn -0.185591 -0.982549 0.012429
vn -0.190033 -0.981774 -0.002583
vn -0.183238 -0.981861 -0.048717
vn -0.171266 -0.983854 -0.051945
vn -0.135400 -0.990103 0.036916
vn 0.063065 -0.983853 0.167498
vn 0.159055 -0.985215 0.063660
vn -0.049443 -0.997838 0.043301
vn 0.300396 -0.946050 -0.121459
vn 0.005640 -0.993219 -0.116126
vn -0.093882 -0.989469 -0.110173
vn -0.086352 -0.989817 -0.113161
vn -0.131694 -0.986345 -0.098897
vn -0.147727 -0.984456 -0.094993
vn -0.186501 -0.977985 -0.093609
vn -0.188269 -0.977569 -0.094409
vn -0.193232 -0.976797 -0.092356
vn -0.193655 -0.976659 -0.092924
vn -0.158024 -0.984818 -0.071840
vn -0.170227 -0.982388 -0.077053
vn -0.111078 -0.990661 -0.079077
vn -0.114931 -0.990907 -0.069956
vn -0.141902 -0.985556 -0.092429
vn -0.131519 -0.986818 -0.094307
vn -0.225640 -0.973846 -0.026668
vn -0.212855 -0.976114 -0.043515
vn -0.293121 -0.950809 0.100211
vn -0.290717 -0.952809 0.087396
vn -0.306881 -0.939552 0.151874
vn -0.306446 -0.939294 0.154332
vn -0.312390 -0.942389 0.119647
vn -0.664501 -0.550838 0.504990
vn -0.664501 -0.550838 0.504990
vn -0.687930 -0.562117 0.459104
vn -0.688366 -0.562320 0.458201
vn -0.785839 -0.570522 0.238667
vn -0.796072 -0.568137 0.208541
vn -0.892479 -0.427501 -0.143957
vn -0.838182 -0.540007 -0.076445
vn -0.858859 -0.203188 -0.470187
vn -0.773098 -0.473194 -0.422383
vn -0.269941 -0.547455 -0.792101
vn -0.411514 -0.376934 -0.829806
vn 0.074713 -0.643594 -0.761711
vn 0.141844 -0.655812 -0.741479
vn 0.373099 -0.713861 -0.592621
vn 0.376744 -0.717356 -0.586058
vn 0.396181 -0.749541 -0.530310
vn 0.397697 -0.749862 -0.528719
vn 0.238984 -0.708199 -0.664335
vn 0.287157 -0.723371 -0.627913
vn -0.211358 -0.595698 -0.774901
vn -0.131941 -0.607476 -0.783304
vn -0.555568 -0.548438 -0.624947
vn -0.533076 -0.548510 -0.644179
vn -0.762555 -0.528688 -0.372825
vn -0.752385 -0.530725 -0.390190
vn -0.882303 -0.469852 -0.027938
vn -0.879919 -0.472905 -0.045866
vn -0.883647 -0.424303 0.197826
vn -0.884560 -0.424718 0.192792
vn -0.866262 -0.416325 0.276158
vn 0.207428 0.975479 -0.073582
vn 0.207428 0.975479 -0.073582
vn 0.170364 0.980397 -0.098987
vn 0.172150 0.980207 -0.097773
vn 0.137876 0.984892 -0.104775
vn 0.128979 0.984786 -0.116454
vn 0.168651 0.985487 -0.019278
vn 0.166785 0.985150 -0.040781
vn 0.173328 0.983967 0.042020
vn 0.173401 0.983952 0.042068
vn 0.167980 0.984369 0.052928
vn 0.166303 0.984458 0.056447
vn 0.163548 0.984048 0.070012
vn 0.163013 0.984193 0.069213
vn 0.182865 0.980457 0.072560
vn 0.188853 0.979319 0.072583
vn 0.231562 0.968040 0.096317
vn 0.219081 0.971805 0.087166
vn 0.248670 0.959596 0.131680
vn 0.249241 0.959779 0.129242
vn 0.242430 0.959240 0.145208
vn 0.242163 0.959328 0.145079
vn 0.233679 0.962925 0.134797
vn 0.230145 0.964639 0.128475
vn 0.218280 0.970657 0.100890
vn 0.217559 0.971376 0.095381
vn 0.235554 0.970174 0.057241
vn 0.242187 0.969030 0.048231
vn 0.290555 0.955936 -0.042000
vn 0.299007 0.952194 -0.062625
vn 0.331038 0.921247 -0.204250
vn 0.328532 0.918895 -0.218400
vn 0.307798 0.905918 -0.290813
vn 0.306556 0.906758 -0.289504
vn 0.289265 0.917995 -0.271313
vn 0.701832 0.561507 -0.438340
vn 0.703890 0.560839 -0.435888
vn 0.647325 0.576387 -0.498746
vn 0.647325 0.576387 -0.498746
vn 0.840332 0.541889 -0.014068
vn 0.840332 0.541889 -0.014068
vn 0.808400 0.546544 0.218585
vn 0.823980 0.548363 0.142671
vn 0.700926 0.538096 0.468141
vn 0.704208 0.531386 0.470871
vn 0.608831 0.564039 0.557840
vn 0.587249 0.564547 0.580021
vn 0.506650 0.570541 0.646366
vn 0.507179 0.568923 0.647376
vn 0.315334 0.598100 0.736777
vn 0.258804 0.599037 0.757744
vn -0.146557 0.659849 0.736967
vn -0.049895 0.643345 0.763949
vn -0.357930 0.715422 0.600047
vn -0.354750 0.710346 0.607915
vn -0.350802 0.734561 0.580826
vn -0.349111 0.733981 0.582575
vn -0.215999 0.695233 0.685562
vn -0.171706 0.680240 0.712594
vn 0.189900 0.587546 0.786593
vn 0.249774 0.579266 0.775928
vn 0.582934 0.533625 0.612725
vn 0.599572 0.533595 0.596482
vn 0.800419 0.510498 0.314201
vn 0.807418 0.508565 0.299063
vn 0.893722 0.445725 -0.050888
vn 0.894112 0.442750 -0.067353
vn 0.866210 0.390293 -0.312013
vn 0.864309 0.389829 -0.317810
vn 0.825120 0.379148 -0.418837
vn -0.773958 0.122262 0.621322
vn -0.773958 0.122262 0.621322
vn -0.810791 0.146692 0.566656
vn -0.813801 0.148779 0.561776
vn -0.945147 0.170858 0.278398
vn -0.941913 0.171218 0.288937
vn -0.983437 0.160834 0.083571
vn -0.983437 0.160834 0.083571
vn -0.873890 0.081389 -0.479262
vn -0.873890 0.081389 -0.479262
vn -0.043797 0.103717 -0.993642
vn -0.043797 0.103717 -0.993642
vn -0.043797 0.103717 -0.993642
vn -0.043797 0.103717 -0.993642
vn 0.593316 -0.026010 -0.804550
vn 0.593316 -0.026010 -0.804550
vn 0.691751 -0.061715 -0.719494
vn 0.692569 -0.062028 -0.718680
vn 0.763818 -0.091967 -0.638846
vn 0.764113 -0.092074 -0.638478
vn 0.721544 -0.076997 -0.688073
vn 0.721544 -0.076997 -0.688074
vn 0.153331 0.074734 -0.985345
vn 0.153331 0.074734 -0.985345
vn 0.153331 0.074734 -0.985345
vn 0.153331 0.074734 -0.985345
vn -0.462536 0.159494 -0.872137
vn -0.462536 0.159494 -0.872137
vn -0.594548 0.174560 -0.784883
vn -0.601769 0.175301 -0.779194
vn -0.818690 0.205796 -0.536092
vn -0.829907 0.208503 -0.517476
vn -0.946577 0.259981 -0.190791
vn -0.948353 0.262983 -0.177390
vn -0.944934 0.315936 0.085342
vn -0.945212 0.315538 0.083728
vn -0.910688 0.346975 0.224179
vn -0.469916 0.806592 0.358592
vn -0.469916 0.806592 0.358592
vn -0.486284 0.812354 0.321882
vn -0.487041 0.812594 0.320128
vn -0.566951 0.812840 0.133633
vn -0.553802 0.815712 0.167086
vn -0.586001 0.801614 -0.118394
vn -0.592613 0.800997 -0.084931
vn -0.409953 0.897498 -0.162594
vn -0.481261 0.854318 -0.196290
vn -0.342871 0.932914 -0.110051
vn -0.229211 0.937423 -0.262108
vn -0.165783 0.859791 -0.482985
vn 0.037964 0.951168 -0.306331
vn -0.039676 0.796973 -0.602711
vn -0.010547 0.785090 -0.619292
vn 0.091447 0.735694 -0.671112
vn 0.091447 0.735694 -0.671112
vn 0.594211 0.611902 -0.522005
vn 0.594211 0.611902 -0.522005
vn 0.663679 0.610630 -0.432043
vn 0.659193 0.610969 -0.438385
vn 0.703287 0.612456 -0.360951
vn 0.701856 0.613155 -0.362545
vn 0.569840 0.665242 -0.482427
vn 0.519883 0.678484 -0.519020
vn 0.086300 0.747477 -0.658658
vn 0.008782 0.760555 -0.649214
vn -0.272907 0.793524 -0.543913
vn -0.292067 0.799317 -0.525157
vn -0.388949 0.824304 -0.411390
vn -0.398521 0.827184 -0.396167
vn -0.450167 0.849039 -0.276556
vn -0.453659 0.852690 -0.259065
vn -0.463321 0.877654 -0.122712
vn -0.462371 0.878877 -0.117425
vn -0.438027 0.898962 -0.000667
vn 0.092500 -0.897591 -0.431015
vn 0.092500 -0.897591 -0.431015
vn 0.093366 -0.897942 -0.430097
vn 0.093260 -0.897899 -0.430209
vn 0.070015 -0.899281 -0.431730
vn 0.072337 -0.899216 -0.431483
vn -0.001735 -0.902173 -0.431372
vn 0.006104 -0.901884 -0.431935
vn -0.107576 -0.910004 -0.400401
vn -0.095321 -0.908769 -0.406267
vn -0.196607 -0.923710 -0.328795
vn -0.190181 -0.922056 -0.337112
vn -0.241814 -0.938876 -0.245028
vn -0.239727 -0.937667 -0.251619
vn -0.255529 -0.951591 -0.170819
vn -0.255327 -0.950736 -0.175811
vn -0.251367 -0.960520 -0.119226
vn -0.251873 -0.960181 -0.120886
vn -0.242716 -0.964392 -0.105060
vn -0.242705 -0.964392 -0.105081
vn -0.239307 -0.960652 -0.140996
vn -0.239358 -0.959762 -0.146850
vn -0.220428 -0.939841 -0.260980
vn -0.204813 -0.928515 -0.309696
vn -0.069560 -0.864093 -0.498503
vn -0.030809 -0.853323 -0.520472
vn 0.117290 -0.813624 -0.569438
vn 0.125283 -0.812452 -0.569409
vn 0.209575 -0.797631 -0.565564
vn 0.210308 -0.797503 -0.565473
vn 0.257971 -0.788145 -0.558819
vn 0.362765 -0.338731 -0.868137
vn 0.362765 -0.338731 -0.868137
vn 0.315988 -0.331933 -0.888804
vn 0.320270 -0.332587 -0.887025
vn 0.205997 -0.328485 -0.921772
vn 0.208614 -0.328344 -0.921233
vn 0.014974 -0.337723 -0.941127
vn 0.023869 -0.337412 -0.941054
vn -0.269176 -0.356932 -0.894508
vn -0.254734 -0.355702 -0.899214
vn -0.547032 -0.390746 -0.740320
vn -0.537505 -0.389004 -0.748174
vn -0.734582 -0.431660 -0.523507
vn -0.729860 -0.430169 -0.531280
vn -0.828791 -0.469451 -0.304501
vn -0.826854 -0.468221 -0.311578
vn -0.857058 -0.498253 -0.131135
vn -0.856931 -0.497656 -0.134197
vn -0.856398 -0.512998 -0.058447
vn -0.856406 -0.512984 -0.058438
vn -0.853249 -0.504127 -0.133500
vn -0.852962 -0.503184 -0.138786
vn -0.837652 -0.474740 -0.270113
vn -0.837652 -0.474740 -0.270113
vn -0.509110 -0.281393 -0.813403
vn -0.509110 -0.281393 -0.813404
vn -0.311121 -0.240950 -0.919319
vn -0.278592 -0.233468 -0.931600
vn 0.018294 -0.171537 -0.985008
vn 0.021879 -0.171130 -0.985006
vn 0.148682 -0.154285 -0.976775
vn 0.148293 -0.154357 -0.976823
vn 0.201360 -0.144319 -0.968827
vn -0.266576 -0.935291 0.232739
vn -0.266576 -0.935292 0.232739
vn -0.221400 -0.939945 0.259778
vn -0.224808 -0.939688 0.257777
vn -0.132387 -0.942752 0.306092
vn -0.135092 -0.942722 0.305002
vn -0.045377 -0.942415 0.331353
vn -0.056351 -0.942700 0.328850
vn 0.114564 -0.934593 0.336764
vn 0.091317 -0.936255 0.339247
vn 0.282908 -0.916708 0.282150
vn 0.266410 -0.918736 0.291461
vn 0.397537 -0.897870 0.189191
vn 0.389061 -0.899535 0.198665
vn 0.469230 -0.879234 0.082288
vn 0.465067 -0.880610 0.090766
vn 0.504281 -0.863479 -0.010217
vn 0.503468 -0.863987 -0.006807
vn 0.513952 -0.856223 -0.052295
vn 0.513960 -0.856217 -0.052324
vn 0.507509 -0.861331 -0.023311
vn 0.506005 -0.862363 -0.017001
vn 0.451078 -0.887510 0.094102
vn 0.424373 -0.896131 0.129838
vn 0.263778 -0.935126 0.236559
vn 0.233636 -0.943092 0.236628
vn 0.125095 -0.968947 0.213290
vn 0.122946 -0.969965 0.209888
vn 0.109621 -0.977885 0.178114
vn 0.110024 -0.977870 0.177946
vn 0.124423 -0.977223 0.171916
vn -0.507495 -0.427168 0.748316
vn -0.507495 -0.427168 0.748316
vn -0.443024 -0.431206 0.785998
vn -0.441340 -0.431277 0.786905
vn -0.293439 -0.432795 0.852398
vn -0.295464 -0.432824 0.851683
vn -0.103028 -0.428463 0.897666
vn -0.112562 -0.428858 0.896332
vn 0.247632 -0.404825 0.880224
vn 0.227806 -0.406642 0.884730
vn 0.589365 -0.360902 0.722771
vn 0.577924 -0.362517 0.731154
vn 0.787174 -0.324735 0.524313
vn 0.782025 -0.325893 0.531254
vn 0.904380 -0.289857 0.313178
vn 0.902177 -0.290733 0.318670
vn 0.955544 -0.261342 0.136512
vn 0.955228 -0.261593 0.138231
vn 0.965373 -0.251337 0.069892
vn 0.965364 -0.251352 0.069958
vn 0.949926 -0.269115 0.158799
vn 0.948445 -0.270351 0.165417
vn 0.913228 -0.290748 0.285446
vn 0.913228 -0.290748 0.285446
vn 0.580936 -0.395746 0.711265
vn 0.580936 -0.395746 0.711265
vn 0.396265 -0.463145 0.792761
vn 0.368251 -0.471110 0.801527
vn 0.033098 -0.549182 0.835047
vn 0.027334 -0.551179 0.833940
vn -0.089287 -0.588276 0.803716
vn -0.090014 -0.588559 0.803427
vn -0.119983 -0.599896 0.791030
vn 0.175457 0.941914 -0.286378
vn 0.175457 0.941914 -0.286378
vn 0.112448 0.942607 -0.314400
vn 0.108541 0.942503 -0.316080
vn 0.022420 0.938816 -0.343689
vn 0.018957 0.938670 -0.344295
vn -0.084310 0.932267 -0.351808
vn -0.094502 0.931358 -0.351628
vn -0.233744 0.917031 -0.323136
vn -0.250278 0.914923 -0.316666
vn -0.383469 0.894253 -0.230791
vn -0.393402 0.892537 -0.220483
vn -0.477010 0.872810 -0.103265
vn -0.481278 0.871501 -0.094117
vn -0.520189 0.853728 0.023479
vn -0.521596 0.852621 0.031227
vn -0.529708 0.838206 0.129688
vn -0.529517 0.837826 0.132890
vn -0.523957 0.830886 0.187341
vn -0.523992 0.830897 0.187196
vn -0.522629 0.833882 0.177480
vn -0.522322 0.833205 0.181516
vn -0.498790 0.865452 0.046917
vn -0.511040 0.854837 0.089956
vn -0.364951 0.920984 -0.136380
vn -0.394905 0.911184 -0.117445
vn -0.265594 0.946765 -0.181925
vn -0.269618 0.945690 -0.181597
vn -0.241995 0.952110 -0.186883
vn -0.241584 0.952251 -0.186694
vn -0.256318 0.947040 -0.193434
vn 0.395947 0.426987 -0.812962
vn 0.395947 0.426987 -0.812963
vn 0.321953 0.431596 -0.842657
vn 0.322932 0.431554 -0.842304
vn 0.189942 0.430752 -0.882256
vn 0.187708 0.430629 -0.882793
vn -0.014817 0.419238 -0.907755
vn -0.021006 0.418806 -0.907833
vn -0.313270 0.394495 -0.863849
vn -0.323152 0.393430 -0.860689
vn -0.616417 0.354388 -0.703164
vn -0.622687 0.353433 -0.698102
vn -0.826255 0.311547 -0.469299
vn -0.829241 0.310778 -0.464518
vn -0.934615 0.272400 -0.228678
vn -0.935794 0.271768 -0.224571
vn -0.969888 0.241574 -0.030974
vn -0.969980 0.241379 -0.029570
vn -0.971647 0.228204 0.061853
vn -0.971651 0.228209 0.061767
vn -0.970246 0.242070 -0.004969
vn -0.970563 0.240840 0.001748
vn -0.956235 0.262729 -0.128794
vn -0.956235 0.262729 -0.128794
vn -0.627863 0.388361 -0.674510
vn -0.627863 0.388361 -0.674510
vn -0.409259 0.468915 -0.782704
vn -0.448683 0.457303 -0.767826
vn -0.134955 0.539428 -0.831147
vn -0.141939 0.537092 -0.831496
vn -0.038040 0.568710 -0.821658
vn -0.038720 0.568520 -0.821758
vn -0.012074 0.575758 -0.817531
vn -0.471809 0.339365 0.813774
vn -0.471809 0.339365 0.813774
vn -0.429571 0.336004 0.838195
vn -0.425372 0.335631 0.840482
vn -0.326679 0.331959 0.884920
vn -0.323440 0.331979 0.886102
vn -0.154716 0.336959 0.928720
vn -0.141595 0.337417 0.930645
vn 0.156839 0.354148 0.921944
vn 0.184344 0.356290 0.916010
vn 0.484159 0.385446 0.785507
vn 0.500864 0.388243 0.773565
vn 0.676745 0.423078 0.602512
vn 0.684725 0.425155 0.591941
vn 0.789136 0.458095 0.409162
vn 0.792828 0.459670 0.400160
vn 0.839147 0.484563 0.247045
vn 0.839791 0.485193 0.243596
vn 0.848472 0.493040 0.192371
vn 0.848462 0.493017 0.192473
vn 0.831364 0.469275 0.297682
vn 0.832440 0.470540 0.292635
vn 0.796620 0.433137 0.421650
vn 0.796620 0.433137 0.421650
vn 0.469396 0.262117 0.843185
vn 0.469397 0.262117 0.843185
vn 0.469397 0.262117 0.843185
vn 0.469397 0.262117 0.843185
vn -0.027300 0.149757 0.988346
vn -0.027300 0.149757 0.988346
vn -0.120506 0.142106 0.982489
vn -0.118260 0.142307 0.982733
vn -0.271905 0.125634 0.954088
vn -0.272344 0.125561 0.953972
vn -0.330584 0.115566 0.936674
vn -0.180299 0.904448 0.386610
vn -0.180299 0.904448 0.386610
vn -0.195111 0.903334 0.381995
vn -0.196650 0.903205 0.381509
vn -0.196662 0.901163 0.386303
vn -0.195206 0.901047 0.387311
vn -0.148987 0.900607 0.408301
vn -0.141909 0.900752 0.410496
vn -0.056012 0.904684 0.422385
vn -0.040655 0.905630 0.422115
vn 0.058245 0.913330 0.403033
vn 0.069611 0.914662 0.398181
vn 0.141568 0.924363 0.354276
vn 0.147581 0.925451 0.348942
vn 0.193882 0.935068 0.296744
vn 0.196958 0.935915 0.292012
vn 0.221778 0.942699 0.249265
vn 0.222493 0.942943 0.247700
vn 0.230937 0.942316 0.242298
vn 0.230935 0.942324 0.242272
vn 0.222886 0.925703 0.305609
vn 0.224363 0.927797 0.298084
vn 0.136263 0.868499 0.476595
vn 0.163519 0.883674 0.438613
vn -0.085627 0.791101 0.605662
vn -0.049815 0.797052 0.601853
vn -0.257042 0.766055 0.589142
vn -0.251194 0.765913 0.591843
vn -0.337724 0.762626 0.551674
vn -0.337033 0.762739 0.551941
vn -0.387030 0.753385 0.531620
vn 0.553309 -0.155295 0.818372
vn 0.553309 -0.155295 0.818372
vn -0.564465 -0.181214 -0.805321
vn -0.558972 0.014389 -0.829062
vn -0.558972 0.014389 -0.829062
vn -0.538496 -0.425942 -0.727046
vn -0.477929 -0.191370 0.857299
vn -0.364159 0.112641 0.924500
vn -0.188947 0.355354 0.915436
vn 0.432955 -0.862949 -0.260515
vn 0.394104 -0.814815 -0.425156
vn -0.807345 -0.396659 -0.436870
vn -0.807345 -0.396659 -0.436870
vn -0.807345 -0.396659 -0.436870
vn -0.807345 -0.396659 -0.436870
vn -0.319279 -0.161857 -0.933736
vn -0.319279 -0.161857 -0.933736
vn -0.319279 -0.161857 -0.933736
vn -0.319279 -0.161857 -0.933736
vn -0.884366 -0.437760 -0.162060
vn -0.884366 -0.437760 -0.162060
vn -0.896727 -0.434983 -0.081676
vn -0.896753 -0.434971 -0.081448
vn -0.874656 -0.383837 0.296049
vn -0.874657 -0.383837 0.296049
vn -0.639082 -0.193348 0.744440
vn -0.639082 -0.193348 0.744440
vn -0.535187 -0.118153 0.836430
vn -0.532640 -0.116388 0.838301
vn -0.432097 -0.047880 0.900555
vn -0.431580 -0.047530 0.900822
vn -0.388136 -0.018878 0.921409
vn -0.388084 -0.018846 0.921431
vn -0.399691 -0.028175 0.916217
vn -0.399807 -0.028261 0.916164
vn -0.474799 -0.084525 0.876026
vn -0.475154 -0.084798 0.875807
vn -0.630203 -0.213898 0.746386
vn -0.631040 -0.214658 0.745460
vn -0.801150 -0.400880 0.444358
vn -0.801732 -0.401748 0.442520
vn -0.841730 -0.538271 0.041890
vn -0.841607 -0.538560 0.040629
vn -0.770316 -0.581644 -0.261352
vn -0.770158 -0.581668 -0.261760
vn -0.703287 -0.583257 -0.406445
vn -0.703241 -0.583254 -0.406530
vn -0.663565 -0.578814 -0.473979
vn -0.255067 -0.907970 -0.332461
vn -0.255067 -0.907970 -0.332461
vn 0.202662 0.186223 -0.961379
vn 0.202662 0.186223 -0.961379
vn 0.202662 0.186223 -0.961379
vn 0.202662 0.186223 -0.961379
vn -0.344618 -0.933646 -0.097694
vn -0.344618 -0.933646 -0.097694
vn -0.350095 -0.935763 0.042212
vn -0.349046 -0.937097 -0.003923
vn -0.235596 -0.836924 0.494016
vn -0.263904 -0.861570 0.433649
vn -0.079456 -0.717020 0.692509
vn -0.091479 -0.725591 0.682018
vn 0.013439 -0.651556 0.758482
vn 0.011736 -0.652674 0.757548
vn 0.054330 -0.623790 0.779702
vn 0.054323 -0.623794 0.779698
vn 0.050438 -0.626033 0.778163
vn 0.050009 -0.626314 0.777965
vn -0.000764 -0.661846 0.749640
vn -0.003998 -0.664115 0.747620
vn -0.108882 -0.745682 0.657346
vn -0.120125 -0.754861 0.644790
vn -0.234195 -0.868421 0.437032
vn -0.240920 -0.879415 0.410593
vn -0.256449 -0.956396 0.139791
vn -0.252358 -0.959764 0.123163
vn -0.185297 -0.980274 -0.068763
vn -0.182403 -0.980490 -0.073275
vn -0.123530 -0.979097 -0.161583
vn -0.122908 -0.979035 -0.162434
vn -0.089352 -0.974082 -0.207801
vn -0.877192 0.361901 -0.315533
vn -0.877192 0.361901 -0.315533
vn -0.876444 0.355869 -0.324351
vn -0.876070 0.353112 -0.328349
vn -0.897463 0.322659 -0.300752
vn -0.904370 0.317846 -0.284761
vn -0.942121 0.306080 -0.136834
vn -0.945777 0.309288 -0.099231
vn -0.907031 0.377849 0.185811
vn -0.886863 0.396019 0.237997
vn -0.772514 0.483744 0.411356
vn -0.760798 0.492149 0.423055
vn -0.682534 0.544891 0.487074
vn -0.680798 0.546084 0.488166
vn -0.650656 0.565245 0.507095
vn -0.650621 0.565261 0.507123
vn -0.663127 0.554006 0.503328
vn -0.662738 0.554321 0.503495
vn -0.723312 0.505103 0.470840
vn -0.720348 0.507615 0.472681
vn -0.843289 0.395122 0.364337
vn -0.833164 0.405506 0.376035
vn -0.962968 0.240716 0.121448
vn -0.956500 0.252170 0.146690
vn -0.972952 0.140424 -0.183429
vn -0.975634 0.142465 -0.166861
vn -0.907743 0.124987 -0.400475
vn -0.909898 0.124413 -0.395737
vn -0.853615 0.137723 -0.502368
vn -0.854139 0.137584 -0.501515
vn -0.820629 0.145843 -0.552538
vn -0.420475 0.906907 -0.026838
vn -0.420475 0.906907 -0.026838
vn -0.404574 0.906911 -0.117613
vn -0.401752 0.906208 -0.131843
vn -0.402926 0.883685 -0.238226
vn -0.405141 0.881203 -0.243603
vn -0.453658 0.836687 -0.306836
vn -0.459496 0.833202 -0.307632
vn -0.512281 0.805833 -0.296987
vn -0.518039 0.803325 -0.293776
vn -0.554268 0.790487 -0.260610
vn -0.555978 0.790191 -0.257852
vn -0.570445 0.788203 -0.230931
vn -0.570656 0.788204 -0.230403
vn -0.577441 0.786544 -0.218886
vn -0.577458 0.786534 -0.218875
vn -0.585698 0.780368 -0.219052
vn -0.585500 0.780544 -0.218954
vn -0.599429 0.766444 -0.230756
vn -0.598514 0.767470 -0.229718
vn -0.615988 0.741332 -0.266431
vn -0.614401 0.744857 -0.260191
vn -0.606809 0.721538 -0.333415
vn -0.612170 0.721828 -0.322819
vn -0.556209 0.736973 -0.384061
vn -0.563023 0.733105 -0.381526
vn -0.508136 0.766967 -0.391867
vn -0.510194 0.765317 -0.392419
vn -0.481719 0.785326 -0.388857
vn -0.482148 0.785160 -0.388660
vn -0.465821 0.791312 -0.396026
vn 0.312448 0.933794 0.174371
vn 0.312448 0.933794 0.174371
vn 0.337375 0.940918 0.029167
vn 0.338765 0.940668 0.019538
vn 0.341982 0.923032 -0.176242
vn 0.341266 0.921818 -0.183817
vn 0.277696 0.848018 -0.451387
vn 0.273365 0.844160 -0.461156
vn 0.142826 0.744468 -0.652203
vn 0.135101 0.738955 -0.660071
vn -0.035260 0.622157 -0.782098
vn -0.040339 0.619052 -0.784313
vn -0.162203 0.544000 -0.823258
vn -0.163131 0.543503 -0.823403
vn -0.212075 0.516868 -0.829380
vn -0.212063 0.516874 -0.829380
vn -0.212593 0.517846 -0.828638
vn -0.212892 0.517653 -0.828681
vn -0.173640 0.543598 -0.821188
vn -0.176379 0.541794 -0.821797
vn -0.072487 0.616639 -0.783902
vn -0.087067 0.605658 -0.790948
vn 0.101404 0.764149 -0.637019
vn 0.079513 0.742070 -0.665590
vn 0.210347 0.894581 -0.394308
vn 0.206295 0.884613 -0.418214
vn 0.221694 0.951046 -0.215323
vn 0.222411 0.949228 -0.222484
vn 0.210850 0.969863 -0.122099
vn 0.210965 0.969750 -0.122796
vn 0.205441 0.974526 -0.089958
vn 0.883125 0.415352 0.218113
vn 0.883125 0.415352 0.218113
vn 0.897097 0.431790 0.093669
vn 0.896653 0.430982 0.101332
vn 0.896616 0.420123 -0.139915
vn 0.896496 0.419788 -0.141681
vn 0.824094 0.336670 -0.455547
vn 0.824973 0.337414 -0.453400
vn 0.663163 0.211354 -0.718014
vn 0.664705 0.212483 -0.716253
vn 0.444425 0.058719 -0.893889
vn 0.445522 0.059468 -0.893294
vn 0.287225 -0.045895 -0.956763
vn 0.287560 -0.045670 -0.956673
vn 0.229296 -0.084881 -0.969649
vn 0.229337 -0.084850 -0.969642
vn 0.237760 -0.080699 -0.967966
vn 0.237656 -0.080764 -0.967986
vn 0.302720 -0.038402 -0.952306
vn 0.302333 -0.038662 -0.952418
vn 0.454910 0.070630 -0.887732
vn 0.453426 0.069500 -0.888580
vn 0.710519 0.293675 -0.639467
vn 0.708594 0.291652 -0.642522
vn 0.840507 0.481422 -0.248559
vn 0.840296 0.480688 -0.250682
vn 0.835172 0.549973 0.004251
vn 0.835258 0.549847 0.003631
vn 0.809411 0.571559 0.134814
vn 0.809430 0.571549 0.134739
vn 0.795564 0.577216 0.184121
vn 0.932190 -0.342746 0.116388
vn 0.932190 -0.342746 0.116388
vn 0.942993 -0.329933 0.043681
vn 0.940937 -0.333094 0.060705
vn 0.932334 -0.333250 -0.140349
vn 0.933692 -0.331491 -0.135400
vn 0.866749 -0.395739 -0.303540
vn 0.872165 -0.391593 -0.293228
vn 0.746774 -0.485300 -0.454766
vn 0.755614 -0.478945 -0.446832
vn 0.605713 -0.583580 -0.540875
vn 0.611029 -0.579731 -0.539032
vn 0.516835 -0.646546 -0.561123
vn 0.517756 -0.645815 -0.561117
vn 0.489575 -0.669033 -0.559207
vn 0.489582 -0.669016 -0.559221
vn 0.501397 -0.664180 -0.554497
vn 0.501738 -0.663981 -0.554426
vn 0.548684 -0.635059 -0.543733
vn 0.551526 -0.633207 -0.543018
vn 0.651859 -0.565382 -0.505394
vn 0.667005 -0.554450 -0.497684
vn 0.834633 -0.416171 -0.360817
vn 0.857138 -0.395000 -0.330589
vn 0.961842 -0.258813 -0.088744
vn 0.966046 -0.250221 -0.064373
vn 0.973881 -0.192707 0.120086
vn 0.973249 -0.191300 0.127244
vn 0.958954 -0.171333 0.225946
vn 0.958812 -0.171216 0.226638
vn 0.950946 -0.165172 0.261573
vn 0.457094 -0.880259 -0.127315
vn 0.457017 -0.881698 -0.117235
vn 0.421036 -0.894117 -0.152591
vn 0.428182 -0.888170 -0.166778
vn 0.381009 -0.920809 -0.083321
vn 0.386000 -0.917998 -0.091020
vn 0.360053 -0.932852 0.012179
vn 0.360293 -0.932838 -0.001380
vn 0.377566 -0.920430 0.101253
vn 0.375063 -0.922092 0.095254
vn 0.401985 -0.903704 0.147402
vn 0.401321 -0.904139 0.146538
vn 0.417487 -0.893521 0.165301
vn 0.417456 -0.893541 0.165275
vn 0.423742 -0.889849 0.169151
vn 0.423773 -0.889840 0.169119
vn 0.422484 -0.891683 0.162507
vn 0.422177 -0.891970 0.161727
vn 0.418569 -0.897400 0.139548
vn 0.418509 -0.898173 0.134667
vn 0.433714 -0.895991 0.095355
vn 0.440932 -0.893127 0.088901
vn 0.491072 -0.868411 0.068639
vn 0.498283 -0.864214 0.069628
vn 0.543212 -0.835374 0.084089
vn 0.545154 -0.833945 0.085690
vn 0.567871 -0.816993 0.100220
vn 0.568201 -0.816774 0.100137
vn 0.580168 -0.808685 0.097128
vn 0.986193 -0.162051 -0.034098
vn 0.986193 -0.162051 -0.034098
vn 0.980407 -0.196741 -0.009788
vn 0.979367 -0.202000 -0.006079
vn 0.968793 -0.237262 -0.071742
vn 0.968990 -0.237225 -0.069155
vn 0.928925 -0.245547 -0.277136
vn 0.931581 -0.245169 -0.268418
vn 0.773393 -0.271589 -0.572803
vn 0.783564 -0.269997 -0.559580
vn 0.498222 -0.320777 -0.805529
vn 0.513428 -0.317510 -0.797232
vn 0.199288 -0.392025 -0.898109
vn 0.215292 -0.387208 -0.896504
vn -0.040236 -0.476533 -0.878235
vn -0.026023 -0.470172 -0.882191
vn -0.197704 -0.560345 -0.804318
vn -0.191240 -0.555767 -0.809043
vn -0.284182 -0.626939 -0.725388
vn -0.282519 -0.625390 -0.727373
vn -0.337169 -0.674336 -0.656954
vn -0.336831 -0.674047 -0.657424
vn -0.385977 -0.711507 -0.587180
vn -0.386703 -0.711981 -0.586126
vn -0.444558 -0.742523 -0.501027
vn -0.446072 -0.743093 -0.498832
vn -0.509133 -0.759446 -0.405001
vn -0.510387 -0.759564 -0.403198
vn -0.561990 -0.760412 -0.325487
vn -0.562438 -0.760366 -0.324819
vn -0.597633 -0.754983 -0.269883
vn 0.511866 -0.854893 -0.084561
vn 0.513233 -0.854906 -0.075685
vn 0.518264 -0.853107 -0.060090
vn 0.518468 -0.853197 -0.056975
vn 0.493621 -0.855492 -0.156433
vn 0.497751 -0.855081 -0.145190
vn 0.409281 -0.867493 -0.282747
vn 0.422873 -0.865378 -0.268885
vn 0.296249 -0.888848 -0.349549
vn 0.307928 -0.885735 -0.347352
vn 0.228207 -0.910980 -0.343565
vn 0.231378 -0.909009 -0.346650
vn 0.232595 -0.919189 -0.317791
vn 0.228828 -0.919299 -0.320198
vn 0.267902 -0.913651 -0.305731
vn 0.264983 -0.914423 -0.305965
vn 0.286259 -0.910460 -0.298528
vn 0.286119 -0.910327 -0.299067
vn 0.277326 -0.920225 -0.276181
vn 0.277905 -0.919781 -0.277079
vn 0.240890 -0.944549 -0.223156
vn 0.241517 -0.944181 -0.224033
vn 0.175231 -0.975745 -0.131210
vn 0.175762 -0.975549 -0.131956
vn 0.097290 -0.995031 -0.021191
vn 0.097725 -0.994974 -0.021816
vn 0.034160 -0.996992 0.069576
vn 0.034311 -0.997002 0.069354
vn -0.008213 -0.991272 0.131579
vn 0.258565 0.963828 -0.064649
vn 0.264895 0.962177 -0.063603
vn 0.236948 0.966686 -0.096816
vn 0.236955 0.966379 -0.099816
vn 0.219529 0.958987 -0.179310
vn 0.215577 0.957826 -0.189989
vn 0.142245 0.941724 -0.304831
vn 0.128251 0.938801 -0.319695
vn -0.016043 0.909337 -0.415752
vn -0.032908 0.905841 -0.422339
vn -0.224819 0.857893 -0.462036
vn -0.240050 0.853442 -0.462616
vn -0.450922 0.778003 -0.437471
vn -0.464014 0.772374 -0.433739
vn -0.640404 0.681873 -0.353458
vn -0.646965 0.678011 -0.348909
vn -0.746378 0.611103 -0.263576
vn -0.748245 0.609761 -0.261383
vn -0.785513 0.581454 -0.211851
vn -0.785903 0.581187 -0.211134
vn -0.787672 0.581950 -0.202255
vn -0.787170 0.582454 -0.202755
vn -0.765127 0.602068 -0.228242
vn -0.764028 0.602923 -0.229664
vn -0.732323 0.624882 -0.270601
vn -0.731380 0.625434 -0.271874
vn -0.707502 0.638564 -0.302783
vn -0.707338 0.638652 -0.302978
vn -0.698461 0.643356 -0.313441
vn 0.875157 0.476898 0.081662
vn 0.875157 0.476898 0.081662
vn 0.865968 0.498964 0.033678
vn 0.867142 0.496520 0.039154
vn 0.853665 0.513519 -0.086917
vn 0.853485 0.513405 -0.089323
vn 0.816958 0.502931 -0.282207
vn 0.814197 0.502151 -0.291423
vn 0.667468 0.472113 -0.575844
vn 0.658744 0.470402 -0.587178
vn 0.376172 0.415639 -0.828093
vn 0.370542 0.414601 -0.831147
vn 0.022670 0.334119 -0.942258
vn 0.021894 0.333911 -0.942350
vn -0.309564 0.223150 -0.924324
vn -0.306854 0.224249 -0.924961
vn -0.560845 0.099980 -0.821862
vn -0.559413 0.100840 -0.822732
vn -0.704414 0.002984 -0.709783
vn -0.704696 0.002765 -0.709504
vn -0.774578 -0.053471 -0.630214
vn -0.775215 -0.053976 -0.629387
vn -0.811467 -0.080993 -0.578758
vn -0.812247 -0.081430 -0.577603
vn -0.835512 -0.091324 -0.541830
vn -0.836351 -0.091427 -0.540516
vn -0.855638 -0.091177 -0.509480
vn -0.856279 -0.090979 -0.508438
vn -0.872306 -0.085875 -0.481360
vn -0.872611 -0.085776 -0.480825
vn -0.886265 -0.081199 -0.456005
vn -0.983406 0.180703 0.016111
vn -0.983406 0.180703 0.016111
vn -0.979942 0.197649 -0.025447
vn -0.980116 0.196990 -0.023813
vn -0.969698 0.233486 -0.071907
vn -0.969854 0.233622 -0.069305
vn -0.962067 0.243596 0.122836
vn -0.959714 0.244260 0.138879
vn -0.831442 0.267661 0.486891
vn -0.810479 0.271132 0.519241
vn -0.543484 0.312893 0.778925
vn -0.519203 0.318226 0.793196
vn -0.300757 0.371640 0.878311
vn -0.278358 0.377812 0.883049
vn -0.080847 0.440701 0.894006
vn -0.061142 0.448056 0.891912
vn 0.093039 0.514865 0.852207
vn 0.102463 0.519993 0.848003
vn 0.198303 0.576446 0.792709
vn 0.200781 0.578175 0.790823
vn 0.261107 0.621379 0.738723
vn 0.261545 0.621715 0.738285
vn 0.309234 0.658343 0.686264
vn 0.308612 0.657856 0.687012
vn 0.357216 0.693401 0.625774
vn 0.355995 0.692583 0.627372
vn 0.406915 0.722764 0.558598
vn 0.405884 0.722268 0.559989
vn 0.443305 0.738840 0.507539
vn 0.443097 0.738765 0.507830
vn 0.458873 0.744233 0.485338
vn -0.500179 0.863289 -0.067474
vn -0.497277 0.865324 -0.062686
vn -0.521943 0.848129 -0.090840
vn -0.521747 0.848494 -0.088535
vn -0.519222 0.854406 -0.019974
vn -0.518947 0.854778 -0.007008
vn -0.494844 0.861221 0.115877
vn -0.485541 0.863062 0.139191
vn -0.427824 0.871363 0.240196
vn -0.418803 0.872997 0.249962
vn -0.381041 0.877435 0.291403
vn -0.378218 0.877531 0.294772
vn -0.373261 0.871405 0.318324
vn -0.374626 0.869834 0.321006
vn -0.382771 0.857213 0.344489
vn -0.383193 0.856156 0.346642
vn -0.378799 0.851692 0.362122
vn -0.378094 0.851896 0.362379
vn -0.358281 0.862796 0.356676
vn -0.357578 0.863304 0.356152
vn -0.323252 0.889704 0.322391
vn -0.322695 0.890145 0.321730
vn -0.269632 0.928459 0.255467
vn -0.269174 0.928759 0.254856
vn -0.207457 0.963041 0.171793
vn -0.207081 0.963215 0.171274
vn -0.160772 0.981138 0.107337
vn -0.160690 0.981164 0.107222
vn -0.139580 0.987170 0.077539
vn -0.850910 -0.520902 0.067920
vn -0.850910 -0.520902 0.067920
vn -0.854027 -0.519819 0.020631
vn -0.854389 -0.519495 0.011991
vn -0.855627 -0.514646 -0.055150
vn -0.855523 -0.514488 -0.058159
vn -0.843128 -0.515495 0.152973
vn -0.845571 -0.516206 0.136166
vn -0.694701 -0.483409 0.532642
vn -0.714132 -0.487183 0.502661
vn -0.377190 -0.417157 0.826866
vn -0.392760 -0.419946 0.818159
vn -0.068707 -0.348879 0.934646
vn -0.073115 -0.350010 0.933888
vn 0.242365 -0.250406 0.937313
vn 0.245190 -0.249338 0.936863
vn 0.494440 -0.136523 0.858423
vn 0.496400 -0.135454 0.857461
vn 0.635390 -0.051144 0.770496
vn 0.635177 -0.051290 0.770662
vn 0.704333 -0.001454 0.709868
vn 0.703679 -0.001946 0.710516
vn 0.735396 0.023488 0.677230
vn 0.734973 0.023085 0.677703
vn 0.744781 0.035199 0.666380
vn 0.744667 0.034815 0.666528
vn 0.747811 0.045439 0.662355
vn 0.747690 0.045030 0.662519
vn 0.748039 0.054530 0.661411
vn 0.748174 0.054425 0.661266
vn 0.741889 0.059297 0.667895
vn -0.253412 -0.967267 0.013289
vn -0.252531 -0.967574 0.005451
vn -0.241392 -0.969016 -0.052329
vn -0.241590 -0.968830 -0.054797
vn -0.239095 -0.970648 0.026013
vn -0.239192 -0.970871 0.014034
vn -0.201026 -0.963582 0.176347
vn -0.212058 -0.965650 0.150172
vn -0.072248 -0.939538 0.334737
vn -0.094772 -0.943792 0.316661
vn 0.126858 -0.894840 0.427983
vn 0.103308 -0.900790 0.421788
vn 0.365333 -0.819791 0.440993
vn 0.344584 -0.827477 0.443332
vn 0.565630 -0.729380 0.384797
vn 0.556153 -0.734226 0.389366
vn 0.671575 -0.667521 0.321563
vn 0.669151 -0.669042 0.323450
vn 0.710557 -0.640963 0.290303
vn 0.710151 -0.641271 0.290615
vn 0.705955 -0.641198 0.300821
vn 0.706842 -0.640765 0.299659
vn 0.667237 -0.656281 0.352264
vn 0.668933 -0.655772 0.349987
vn 0.616458 -0.665724 0.420465
vn 0.617797 -0.665693 0.418545
vn 0.575243 -0.664032 0.477658
vn 0.575763 -0.664113 0.476918
vn 0.544995 -0.658534 0.518954
vn -0.719080 -0.069457 0.691447
vn -0.559968 0.136385 0.817212
vn -0.553299 -0.779839 0.292766
vn -0.553299 -0.779839 0.292766
vn -0.699749 -0.634500 0.328270
vn -0.610413 -0.729989 0.307428
vn -0.493405 -0.825390 0.274376
vn -0.493405 -0.825390 0.274376
vn -0.465277 -0.853789 0.233584
vn -0.438250 -0.877302 0.195648
vn 0.137145 -0.238718 0.961356
vn 0.046679 -0.350627 0.935351
vn -0.331356 0.349188 0.876510
vn 0.457338 0.750661 0.476813
vn 0.374359 0.796362 0.475039
vn 0.374359 0.796362 0.475039
vn 0.623911 0.627540 0.465756
vn 0.247763 -0.089276 0.964699
vn 0.649221 0.604252 0.461942
vn 0.649221 0.604252 0.461942
vn -0.182362 -0.966904 0.178443
vn -0.182362 -0.966904 0.178443
vn -0.154695 -0.977399 0.144084
vn -0.149922 -0.978996 0.138165
vn -0.020871 -0.999782 -0.000144
vn -0.025104 -0.999685 0.000179
vn 0.025290 -0.998781 -0.042391
vn 0.015119 -0.999438 -0.029920
vn 0.049720 -0.990600 -0.127437
vn 0.049293 -0.992364 -0.113070
vn 0.008372 -0.970478 -0.241043
vn 0.021664 -0.975519 -0.218846
vn -0.123019 -0.930499 -0.345018
vn -0.094452 -0.938596 -0.331838
vn -0.212316 -0.904552 -0.369741
vn -0.210249 -0.904874 -0.370132
vn -0.199306 -0.908522 -0.367241
vn -0.192832 -0.909827 -0.367465
vn -0.080957 -0.936780 -0.340425
vn -0.034101 -0.947095 -0.319136
vn 0.078997 -0.975941 -0.203220
vn 0.080626 -0.980329 -0.180149
vn 0.072348 -0.992612 -0.097402
vn 0.069023 -0.993140 -0.094388
vn 0.046211 -0.994965 -0.088932
vn 0.044407 -0.994616 -0.093632
vn 0.031332 -0.991833 -0.123632
vn 0.029554 -0.991537 -0.126418
vn 0.002181 -0.991351 -0.131218
vn -0.002928 -0.991630 -0.129076
vn -0.062422 -0.992634 -0.103837
vn -0.680178 -0.658443 -0.322197
vn -0.680177 -0.658443 -0.322197
vn -0.641082 -0.671865 -0.370960
vn -0.645271 -0.670597 -0.365958
vn -0.606577 -0.696809 -0.382782
vn -0.591803 -0.697992 -0.403209
vn -0.684138 -0.716428 -0.136694
vn -0.680181 -0.713034 -0.170106
vn -0.644190 -0.754383 0.126201
vn -0.653415 -0.749658 0.105174
vn -0.495930 -0.805825 0.323573
vn -0.519100 -0.799149 0.303144
vn -0.276616 -0.863842 0.421023
vn -0.307985 -0.855627 0.415990
vn -0.141224 -0.899423 0.413636
vn -0.143082 -0.898533 0.414930
vn -0.145763 -0.906469 0.396317
vn -0.153159 -0.904831 0.397270
vn -0.302162 -0.871732 0.385721
vn -0.378291 -0.849631 0.367455
vn -0.602163 -0.768603 0.215985
vn -0.621082 -0.763268 0.177986
vn -0.673484 -0.739201 0.001021
vn -0.674971 -0.737684 -0.015419
vn -0.666767 -0.713463 -0.215390
vn -0.662538 -0.710110 -0.238301
vn -0.565592 -0.655812 -0.500016
vn -0.549810 -0.650930 -0.523450
vn -0.413169 -0.604325 -0.681236
vn -0.407917 -0.604134 -0.684563
vn -0.343579 -0.600001 -0.722463
vn 0.402225 -0.706996 0.581697
vn 0.402225 -0.706996 0.581697
vn 0.404380 -0.709036 0.577707
vn 0.405099 -0.709714 0.576369
vn 0.536120 -0.718676 0.442809
vn 0.506868 -0.720112 0.473838
vn 0.746096 -0.665767 -0.009736
vn 0.734107 -0.676318 0.060672
vn 0.701131 -0.607844 -0.372748
vn 0.714194 -0.612556 -0.338677
vn 0.493345 -0.542442 -0.679976
vn 0.526471 -0.553447 -0.645388
vn 0.072929 -0.418230 -0.905409
vn 0.116589 -0.429953 -0.895292
vn -0.159907 -0.360882 -0.918800
vn -0.157818 -0.360664 -0.919247
vn -0.098821 -0.387067 -0.916741
vn -0.091323 -0.388730 -0.916815
vn 0.026518 -0.411736 -0.910917
vn 0.026518 -0.411736 -0.910917
vn 0.558263 -0.519614 -0.646796
vn 0.558263 -0.519614 -0.646796
vn 0.658365 -0.580203 -0.479500
vn 0.671361 -0.587396 -0.451931
vn 0.752625 -0.646598 -0.124365
vn 0.752364 -0.649588 -0.109473
vn 0.718453 -0.686694 0.110800
vn 0.710970 -0.690566 0.132820
vn 0.589068 -0.729422 0.347768
vn 0.570411 -0.734902 0.366812
vn 0.376373 -0.770611 0.514297
vn 0.370292 -0.771888 0.516790
vn 0.197309 -0.793297 0.575977
vn 0.738741 -0.036971 0.672975
vn 0.738741 -0.036971 0.672975
vn 0.706940 -0.027975 0.706721
vn 0.698720 -0.025710 0.714933
vn 0.615624 -0.003983 0.788030
vn 0.615624 -0.003983 0.788030
vn 0.934741 0.003150 0.355317
vn 0.934741 0.003150 0.355317
vn 0.934741 0.003150 0.355317
vn 0.934741 0.003150 0.355317
vn 0.979315 0.065336 -0.191506
vn 0.979314 0.065336 -0.191506
vn 0.930362 0.097393 -0.353471
vn 0.925285 0.099818 -0.365902
vn 0.729279 0.173244 -0.661920
vn 0.707324 0.179600 -0.683694
vn 0.290718 0.290220 -0.911732
vn 0.257863 0.298555 -0.918897
vn 0.016672 0.361008 -0.932414
vn 0.015338 0.361804 -0.932128
vn 0.094136 0.350212 -0.931928
vn 0.088612 0.351765 -0.931885
vn 0.215790 0.312814 -0.924977
vn 0.215790 0.312814 -0.924977
vn 0.753489 0.126249 -0.645225
vn 0.753489 0.126249 -0.645225
vn 0.753489 0.126249 -0.645226
vn 0.753489 0.126249 -0.645226
vn 0.982820 0.053585 -0.176617
vn 0.982820 0.053585 -0.176617
vn 0.998342 0.040974 -0.040426
vn 0.998300 0.041065 -0.041374
vn 0.956451 0.000089 0.291894
vn 0.954620 -0.000869 0.297826
vn 0.758574 -0.071630 0.647638
vn 0.757040 -0.072116 0.649377
vn 0.481512 -0.140279 0.865141
vn 0.485645 -0.139429 0.862965
vn 0.293412 -0.173799 0.940055
vn -0.429722 0.717005 -0.548856
vn -0.429722 0.717005 -0.548856
vn -0.465824 0.723052 -0.510102
vn -0.458687 0.722003 -0.517994
vn -0.612346 0.712536 -0.342527
vn -0.626541 0.708564 -0.324628
vn -0.742934 0.668462 -0.034759
vn -0.747404 0.664355 -0.004510
vn -0.712167 0.612725 0.342617
vn -0.705524 0.610061 0.360641
vn -0.502059 0.540647 0.675010
vn -0.483860 0.534823 0.692707
vn -0.119836 0.430985 0.894366
vn -0.094232 0.424231 0.900638
vn 0.192309 0.350022 0.916789
vn 0.194048 0.349847 0.916489
vn 0.198999 0.362461 0.910506
vn 0.206903 0.360412 0.909557
vn 0.068701 0.392304 0.917267
vn 0.068701 0.392304 0.917267
vn -0.591117 0.522411 0.614547
vn -0.591117 0.522411 0.614547
vn -0.684014 0.589248 0.430013
vn -0.669356 0.579047 0.465476
vn -0.742292 0.645720 0.179022
vn -0.741329 0.642384 0.194355
vn -0.730997 0.682107 -0.019335
vn -0.734775 0.678305 0.002626
vn -0.642737 0.725403 -0.246333
vn -0.658030 0.719243 -0.222903
vn -0.492608 0.765151 -0.414586
vn -0.498254 0.763479 -0.410906
vn -0.362801 0.792494 -0.490234
vn -0.777237 0.045544 -0.627558
vn -0.777237 0.045544 -0.627558
vn -0.760744 0.037144 -0.647988
vn -0.764523 0.039046 -0.643413
vn -0.852608 0.007718 -0.522495
vn -0.849117 0.008095 -0.528143
vn -0.986785 -0.028690 -0.159478
vn -0.985541 -0.027844 -0.167132
vn -0.952713 -0.090500 0.290081
vn -0.955548 -0.088957 0.281094
vn -0.713619 -0.177160 0.677762
vn -0.725924 -0.173566 0.665515
vn -0.296374 -0.290626 0.909779
vn -0.316234 -0.285486 0.904707
vn 0.012834 -0.367447 0.929956
vn 0.011472 -0.366953 0.930169
vn 0.019652 -0.379590 0.924946
vn 0.013619 -0.378123 0.925655
vn -0.125457 -0.340222 0.931939
vn -0.125457 -0.340222 0.931939
vn -0.795662 -0.104647 0.596633
vn -0.795662 -0.104647 0.596633
vn -0.903012 -0.086075 0.420905
vn -0.912705 -0.083748 0.399944
vn -0.993835 -0.051639 0.098110
vn -0.994088 -0.051402 0.095642
vn -0.979998 -0.015517 -0.198402
vn -0.981238 -0.016477 -0.192098
vn -0.828257 0.052241 -0.557909
vn -0.830027 0.051592 -0.555331
vn -0.604204 0.116076 -0.788330
vn -0.600893 0.116880 -0.790738
vn -0.463680 0.146593 -0.873791
vn 0.635012 0.669122 0.386052
vn 0.635012 0.669122 0.386052
vn 0.569737 0.684770 0.454412
vn 0.565239 0.685582 0.458782
vn 0.482113 0.699783 0.527135
vn 0.501744 0.700176 0.507944
vn 0.651730 0.715936 0.250367
vn 0.667054 0.721082 0.187296
vn 0.664519 0.746184 -0.040297
vn 0.654783 0.752512 -0.070604
vn 0.571807 0.789454 -0.223159
vn 0.546244 0.797790 -0.255243
vn 0.383038 0.844343 -0.374656
vn 0.344148 0.854665 -0.388728
vn 0.229006 0.882766 -0.410220
vn 0.226759 0.883719 -0.409416
vn 0.258578 0.877239 -0.404461
vn 0.250541 0.879729 -0.404112
vn 0.476910 0.809166 -0.343231
vn 0.418468 0.830103 -0.368530
vn 0.666229 0.735165 -0.125184
vn 0.655757 0.738047 -0.158965
vn 0.693609 0.712613 0.105307
vn 0.694701 0.713589 0.090453
vn 0.643324 0.681322 0.349193
vn 0.650195 0.685121 0.328415
vn 0.481937 0.611008 0.628018
vn 0.499947 0.615985 0.608782
vn 0.288813 0.556069 0.779342
vn 0.296278 0.556163 0.776467
vn 0.181047 0.550902 0.814696
vn 0.147390 0.980733 -0.128218
vn 0.147390 0.980733 -0.128218
vn 0.077692 0.995706 -0.050337
vn 0.084412 0.994752 -0.057829
vn -0.048723 0.994756 0.089926
vn -0.057948 0.993287 0.100117
vn -0.083337 0.981871 0.170251
vn -0.079511 0.980101 0.181879
vn -0.043757 0.968536 0.244998
vn -0.036415 0.966417 0.254387
vn 0.036556 0.945518 0.323510
vn 0.053795 0.940103 0.336620
vn 0.179700 0.905159 0.385221
vn 0.204858 0.898647 0.387900
vn 0.300699 0.876254 0.376509
vn 0.302387 0.876224 0.375226
vn 0.298396 0.883880 0.360160
vn 0.303568 0.882420 0.359418
vn 0.146889 0.926880 0.345425
vn 0.201155 0.912782 0.355479
vn -0.010564 0.967497 0.252663
vn 0.000047 0.962237 0.272213
vn -0.038801 0.978930 0.200476
vn -0.038064 0.978696 0.201754
vn -0.055939 0.973500 0.221742
vn -0.052082 0.975485 0.213814
vn -0.095899 0.959207 0.265941
vn -0.089478 0.960204 0.264580
vn -0.117414 0.959340 0.256672
vn -0.119321 0.958209 0.259994
vn -0.094831 0.971497 0.217256
vn -0.849583 0.144212 0.507358
vn -0.849583 0.144212 0.507358
vn -0.848727 0.190364 0.493379
vn -0.848406 0.197735 0.491028
vn -0.840229 0.341408 0.421255
vn -0.839756 0.341308 0.422278
vn -0.894582 0.356228 0.269861
vn -0.888687 0.354645 0.290622
vn -0.911792 0.397717 -0.102260
vn -0.916512 0.393410 -0.072348
vn -0.820220 0.442558 -0.362467
vn -0.825675 0.440152 -0.352884
vn -0.710741 0.480421 -0.513851
vn -0.715134 0.479172 -0.508898
vn -0.565708 0.514323 -0.644552
vn -0.571551 0.513177 -0.640296
vn -0.373016 0.544320 -0.751382
vn -0.380801 0.543307 -0.748203
vn -0.182756 0.563554 -0.805610
vn -0.188518 0.562992 -0.804674
vn -0.056261 0.573824 -0.817044
vn -0.059216 0.573560 -0.817020
vn 0.005477 0.578158 -0.815906
vn 0.004646 0.578115 -0.815942
vn 0.030145 0.579413 -0.814477
vn 0.029943 0.579401 -0.814492
vn 0.052679 0.582197 -0.811339
vn 0.053005 0.582258 -0.811274
vn 0.077142 0.586707 -0.806117
vn 0.077688 0.586808 -0.805991
vn 0.096064 0.590108 -0.801589
vn -0.789681 -0.490720 0.368237
vn -0.790709 -0.487888 0.369790
vn -0.824690 -0.419906 0.378901
vn -0.824640 -0.419909 0.379007
vn -0.888327 -0.410878 0.205075
vn -0.891133 -0.409944 0.194495
vn -0.909084 -0.354934 -0.218145
vn -0.905852 -0.351865 -0.235847
vn -0.806364 -0.298735 -0.510426
vn -0.802648 -0.297539 -0.516940
vn -0.692090 -0.265840 -0.671074
vn -0.688398 -0.264886 -0.675236
vn -0.546152 -0.233097 -0.804602
vn -0.540363 -0.231982 -0.808821
vn -0.352104 -0.201916 -0.913922
vn -0.345036 -0.201045 -0.916805
vn -0.144180 -0.179808 -0.973078
vn -0.140907 -0.179572 -0.973601
vn 0.016867 -0.167946 -0.985652
vn 0.016988 -0.167938 -0.985651
vn 0.124368 -0.159613 -0.979314
vn 0.123414 -0.159698 -0.979421
vn 0.184604 -0.153524 -0.970748
vn 0.184506 -0.153536 -0.970765
vn 0.204262 -0.150833 -0.967226
vn 0.204223 -0.150832 -0.967235
vn 0.192588 -0.151501 -0.969514
vn 0.191843 -0.151555 -0.969653
vn 0.166084 -0.153360 -0.974113
vn -0.330037 -0.934528 0.133168
vn -0.330559 -0.934467 0.132298
vn -0.310259 -0.937163 0.159576
vn -0.310709 -0.937198 0.158494
vn -0.346226 -0.936065 0.062534
vn -0.352525 -0.934777 0.043803
vn -0.379163 -0.914025 -0.144202
vn -0.377726 -0.909902 -0.171470
vn -0.346235 -0.884207 -0.313529
vn -0.341501 -0.882453 -0.323503
vn -0.292926 -0.865895 -0.405488
vn -0.289055 -0.864777 -0.410619
vn -0.233995 -0.850466 -0.471119
vn -0.228953 -0.849353 -0.475584
vn -0.157811 -0.836226 -0.525187
vn -0.150751 -0.835197 -0.528885
vn -0.061270 -0.824273 -0.562868
vn -0.055468 -0.823770 -0.564204
vn 0.038480 -0.815927 -0.576873
vn 0.041651 -0.815713 -0.576955
vn 0.130387 -0.808572 -0.573769
vn 0.131369 -0.808490 -0.573660
vn 0.194167 -0.801786 -0.565189
vn 0.194406 -0.801757 -0.565148
vn 0.202713 -0.800239 -0.564381
vn 0.202461 -0.800261 -0.564439
vn 0.163919 -0.803018 -0.572968
vn 0.163302 -0.803052 -0.573098
vn 0.108339 -0.804734 -0.583667
vn 0.394331 -0.901088 -0.180397
vn 0.394331 -0.901088 -0.180397
vn 0.398739 -0.905705 -0.143897
vn 0.398353 -0.905329 -0.147287
vn 0.402869 -0.908692 -0.109429
vn 0.402912 -0.908680 -0.109374
vn 0.402554 -0.911881 -0.080149
vn 0.402246 -0.912592 -0.073312
vn 0.381578 -0.924329 -0.003675
vn 0.376680 -0.926323 0.006072
vn 0.329553 -0.941706 0.067718
vn 0.325020 -0.942995 0.071572
vn 0.268622 -0.956489 0.113886
vn 0.264695 -0.957277 0.116433
vn 0.197957 -0.968220 0.152848
vn 0.192134 -0.968971 0.155495
vn 0.109852 -0.977221 0.181584
vn 0.103044 -0.977756 0.182686
vn 0.033020 -0.982183 0.185005
vn 0.029994 -0.982423 0.184244
vn 0.004111 -0.985100 0.171936
vn 0.004193 -0.985197 0.171374
vn 0.022569 -0.986173 0.164174
vn 0.023690 -0.986149 0.164161
vn 0.053426 -0.984993 0.164116
vn 0.053621 -0.984981 0.164124
vn 0.049078 -0.985809 0.160536
vn 0.049137 -0.985803 0.160554
vn 0.008543 -0.988710 0.149601
vn 0.009185 -0.988680 0.149762
vn -0.042259 -0.989719 0.136638
vn -0.475790 0.647370 0.595430
vn -0.475790 0.647370 0.595430
vn -0.456889 0.711063 0.534455
vn -0.451554 0.726163 0.518446
vn -0.345564 0.901223 0.261499
vn -0.345710 0.901270 0.261146
vn -0.359802 0.902250 0.237670
vn -0.356120 0.901937 0.244313
vn -0.383386 0.912605 0.142011
vn -0.381899 0.910738 0.157195
vn -0.373434 0.926454 0.047233
vn -0.375757 0.925124 0.054340
vn -0.340465 0.940040 -0.020220
vn -0.343354 0.939071 -0.015907
vn -0.289095 0.954060 -0.078701
vn -0.293877 0.952946 -0.074362
vn -0.219468 0.967118 -0.128513
vn -0.225453 0.966170 -0.125248
vn -0.159493 0.974638 -0.156982
vn -0.162266 0.974338 -0.155995
vn -0.137582 0.976011 -0.168744
vn -0.137568 0.976077 -0.168374
vn -0.154337 0.971715 -0.178745
vn -0.153356 0.971931 -0.178414
vn -0.177582 0.965945 -0.188190
vn -0.177497 0.965975 -0.188116
vn -0.162872 0.968634 -0.187674
vn -0.162787 0.968652 -0.187656
vn -0.114180 0.977657 -0.176493
vn -0.113513 0.977764 -0.176330
vn -0.061288 0.984663 -0.163351
vn 0.515453 0.851970 0.091956
vn 0.515453 0.851970 0.091956
vn 0.479059 0.875706 0.060343
vn 0.469388 0.881453 0.052110
vn 0.368419 0.929631 -0.007264
vn 0.367978 0.929795 -0.008548
vn 0.391258 0.913588 0.110790
vn 0.389493 0.915908 0.096991
vn 0.370784 0.882771 0.288504
vn 0.376074 0.886005 0.271226
vn 0.298305 0.855234 0.423778
vn 0.304038 0.856424 0.417252
vn 0.215851 0.838294 0.500670
vn 0.220493 0.839104 0.497279
vn 0.133245 0.824987 0.549220
vn 0.139286 0.825843 0.546427
vn 0.035169 0.813641 0.580303
vn 0.042773 0.814311 0.578850
vn -0.071336 0.805748 0.587947
vn -0.065897 0.806005 0.588229
vn -0.170579 0.799457 0.575996
vn -0.167794 0.799651 0.576544
vn -0.258067 0.790359 0.555639
vn -0.257230 0.790473 0.555865
vn -0.316317 0.781030 0.538457
vn -0.316133 0.781062 0.538518
vn -0.315906 0.781923 0.537401
vn -0.316266 0.781842 0.537308
vn -0.268978 0.790974 0.549555
vn -0.269613 0.790873 0.549389
vn -0.213149 0.798440 0.563082
vn 0.863687 -0.329940 -0.381031
vn 0.863687 -0.329940 -0.381031
vn 0.878074 -0.340521 -0.336201
vn 0.877109 -0.339788 -0.339448
vn 0.897181 -0.349533 -0.269986
vn 0.897545 -0.349541 -0.268763
vn 0.924140 -0.361160 -0.124616
vn 0.925333 -0.362072 -0.112526
vn 0.904996 -0.397921 0.150468
vn 0.901292 -0.400372 0.165454
vn 0.795251 -0.447310 0.409254
vn 0.791217 -0.448891 0.415298
vn 0.649782 -0.491330 0.579981
vn 0.646060 -0.492260 0.583340
vn 0.484042 -0.524662 0.700309
vn 0.479026 -0.525467 0.703150
vn 0.279256 -0.550674 0.786622
vn 0.272631 -0.551348 0.788472
vn 0.075664 -0.567158 0.820126
vn 0.070470 -0.567606 0.820279
vn -0.065634 -0.578582 0.812979
vn -0.068417 -0.578921 0.812508
vn -0.133055 -0.588177 0.797712
vn -0.133816 -0.588412 0.797411
vn -0.154097 -0.595433 0.788488
vn -0.154201 -0.595486 0.788428
vn -0.166251 -0.599415 0.782983
vn -0.166082 -0.599389 0.783039
vn -0.182271 -0.601022 0.778171
vn -0.181767 -0.601006 0.778302
vn -0.199336 -0.601472 0.773626
vn 0.874557 0.393080 -0.283968
vn 0.874557 0.393080 -0.283968
vn 0.872132 0.404114 -0.275821
vn 0.872078 0.404352 -0.275644
vn 0.882500 0.411692 -0.227383
vn 0.882517 0.411687 -0.227328
vn 0.919176 0.391569 -0.042310
vn 0.918543 0.392388 -0.048067
vn 0.898741 0.343303 0.272776
vn 0.900854 0.344937 0.263592
vn 0.780793 0.287786 0.554564
vn 0.783650 0.288672 0.550056
vn 0.626462 0.245973 0.739623
vn 0.629676 0.246691 0.736649
vn 0.454921 0.212780 0.864738
vn 0.459980 0.213613 0.861852
vn 0.245329 0.184853 0.951653
vn 0.251198 0.185440 0.950006
vn 0.031024 0.166770 0.985508
vn 0.033605 0.166908 0.985400
vn -0.137449 0.156182 0.978118
vn -0.137484 0.156179 0.978114
vn -0.247893 0.145779 0.957757
vn -0.248820 0.145648 0.957536
vn -0.306548 0.135764 0.942123
vn -0.306619 0.135746 0.942103
vn -0.317242 0.132487 0.939045
vn -0.317460 0.132443 0.938977
vn -0.297150 0.136210 0.945065
vn -0.297918 0.136077 0.944843
vn -0.270639 0.140743 0.952337
vn -0.786418 0.498425 -0.364854
vn -0.786418 0.498425 -0.364854
vn -0.786418 0.498425 -0.364854
vn -0.786418 0.498425 -0.364854
vn -0.786418 0.498425 -0.364854
vn -0.786418 0.498425 -0.364854
vn -0.786418 0.498425 -0.364854
vn -0.786418 0.498425 -0.364854
vn -0.653053 -0.743093 0.146066
vn -0.653052 -0.743093 0.146066
vn -0.622918 -0.263212 0.736677
vn -0.622918 -0.263212 0.736677
vn -0.322703 0.322578 0.889835
vn -0.322703 0.322578 0.889835
vn -0.322703 0.322578 0.889835
vn -0.322703 0.322578 0.889835
vn 0.142876 0.815918 0.560236
vn 0.142876 0.815918 0.560236
vn 0.142876 0.815918 0.560236
vn 0.142876 0.815918 0.560236
vn 0.511650 0.832709 -0.211682
vn 0.511650 0.832710 -0.211682
vn 0.481513 0.352838 -0.802278
vn 0.481513 0.352838 -0.802278
vn 0.181302 -0.232957 -0.955438
vn 0.181302 -0.232957 -0.955438
vn 0.181302 -0.232957 -0.955438
vn 0.181302 -0.232957 -0.955438
vn -0.284292 -0.726298 -0.625835
vn -0.284292 -0.726298 -0.625835
vn -0.284292 -0.726298 -0.625835
vn -0.284292 -0.726298 -0.625835
vn -0.786417 0.498423 -0.364860
vn -0.786417 0.498425 -0.364858
vn -0.786417 0.498425 -0.364858
vn -0.786417 0.498423 -0.364860
vn -0.786417 0.498426 -0.364856
vn -0.786417 0.498426 -0.364856
vn -0.786421 0.498425 -0.364850
vn -0.786420 0.498425 -0.364850
vn -0.786420 0.498425 -0.364852
vn -0.786419 0.498425 -0.364852
vn -0.786416 0.498429 -0.364854
vn -0.786416 0.498429 -0.364854
vn -0.786417 0.498426 -0.364857
vn -0.786417 0.498426 -0.364857
vn -0.786417 0.498421 -0.364863
vn -0.786417 0.498421 -0.364863
vn 0.584720 0.791104 -0.179604
vn 0.584720 0.791104 -0.179604
vn 0.584720 0.791104 -0.179604
vn 0.584720 0.791104 -0.179604
vn 0.554463 0.309278 -0.772605
vn 0.554463 0.309278 -0.772605
vn 0.554463 0.309278 -0.772605
vn 0.554463 0.309278 -0.772605
vn 0.253024 -0.278902 -0.926387
vn 0.253024 -0.278902 -0.926387
vn 0.253024 -0.278902 -0.926387
vn 0.253024 -0.278902 -0.926387
vn -0.214455 -0.774242 -0.595448
vn -0.214455 -0.774242 -0.595448
vn -0.214455 -0.774242 -0.595448
vn -0.214455 -0.774242 -0.595448
vn -0.584720 -0.791105 0.179599
vn -0.584720 -0.791105 0.179599
vn -0.584720 -0.791105 0.179599
vn -0.584720 -0.791105 0.179599
vn -0.554459 -0.309277 0.772608
vn -0.554459 -0.309277 0.772608
vn -0.554459 -0.309277 0.772608
vn -0.554459 -0.309277 0.772608
vn -0.253021 0.278897 0.926389
vn -0.253021 0.278897 0.926389
vn -0.253021 0.278897 0.926389
vn -0.253021 0.278897 0.926389
vn 0.214458 0.774247 0.595441
vn 0.214458 0.774247 0.595441
vn 0.214458 0.774247 0.595441
vn 0.214458 0.774247 0.595441
vn 0.864529 -0.345705 -0.364799
vn 0.884040 -0.338443 -0.322380
vn 0.900514 -0.330962 -0.282025
vn 0.900514 -0.330962 -0.282026
vn 0.832268 -0.005925 -0.554342
vn 0.832268 -0.005925 -0.554342
vn 0.826870 -0.073417 -0.557581
vn 0.830031 -0.039872 -0.556290
vn 0.823210 -0.357131 -0.441342
vn 0.823210 -0.357131 -0.441342
vn 0.822674 -0.107565 -0.558245
vn 0.822674 -0.107565 -0.558245
s 1
g Dead_Tree
usemtl texturedFacets9
f 1/1982/1 2/2/2 14/3/3 13/1983/4
f 6/7/5 7/8/6 17/9/7 16/10/8
f 9/12/9 10/13/10 19/14/11 18/15/12
f 10/13/13 11/16/14 20/1981/15 19/14/16
f 21/20/17 41/21/18 42/22/19 22/23/20
f 22/23/20 42/22/19 271/24/21 260/25/22
f 23/26/23 43/27/24 259/28/25 248/29/26
f 26/2201/27 45/2196/28 647/33/29 636/34/30
f 27/35/31 46/36/32 47/37/33 28/38/34
f 28/38/34 47/37/33 48/39/35 29/40/36
f 29/40/36 48/39/35 49/41/37 30/42/38
f 30/42/38 49/41/37 50/43/39 31/44/40
f 31/44/40 50/43/39 51/45/41 32/46/42
f 32/46/42 51/45/41 885/47/43 874/48/44
f 33/49/45 52/50/46 53/51/47 34/52/48
f 34/52/48 53/51/47 54/53/49 35/54/50
f 35/54/50 54/53/49 55/55/51 36/56/52
f 36/56/52 55/55/51 920/2260/53 909/58/54
f 37/59/55 56/60/56 57/61/57 38/62/58
f 38/62/58 57/61/57 58/63/59 39/64/60
f 39/64/60 58/63/59 40/19/61
f 41/21/62 59/65/63 60/2366/64 42/22/19
f 42/22/19 60/2366/64 270/67/65 271/24/21
f 43/27/24 61/68/66 258/69/67 259/28/25
f 45/2196/28 64/2197/68 646/71/69 647/33/29
f 46/36/32 65/72/70 66/2364/71 47/37/33
f 47/37/33 66/2364/71 67/2363/72 48/39/73
f 48/39/73 67/2363/72 68/2362/74 49/41/75
f 49/41/75 68/2362/74 69/2361/76 50/43/77
f 50/43/77 69/2361/76 70/2360/78 51/45/41
f 51/45/41 70/2360/78 884/78/79 885/47/43
f 52/50/46 71/79/80 72/2359/81 53/51/47
f 53/51/47 72/2359/81 73/2358/82 54/53/49
f 54/53/49 73/2358/82 74/2356/83 55/55/51
f 55/55/51 74/2356/83 919/2357/84 920/2260/85
f 56/60/56 75/84/86 76/2370/87 57/61/57
f 57/61/57 76/2370/87 77/2369/88 58/63/59
f 58/63/59 77/2369/88 40/19/61
f 59/2351/89 78/87/90 79/88/91 60/66/64
f 60/66/64 79/88/91 269/89/92 270/2352/65
f 61/2353/66 80/90/93 257/91/94 258/2354/67
f 62/2199/95 81/93/96 82/94/97 63/2200/98
f 63/2200/98 82/94/97 83/96/99 64/2365/100
f 64/2365/100 83/96/99 645/97/101 646/2344/102
f 65/2347/103 84/98/104 85/99/105 66/73/106
f 66/73/106 85/99/105 86/100/107 67/74/108
f 67/74/108 86/100/107 87/101/109 68/75/110
f 68/75/110 87/101/109 88/102/111 69/76/76
f 69/76/76 88/102/111 89/103/112 70/77/78
f 70/77/78 89/103/112 883/104/113 884/2342/79
f 71/2341/80 90/105/114 91/106/115 72/80/81
f 72/80/81 91/106/115 92/107/116 73/81/82
f 73/81/82 92/107/116 93/108/117 74/82/83
f 74/82/83 93/108/117 918/2261/118 919/2259/84
f 75/2368/86 94/110/119 95/111/120 76/85/87
f 76/85/87 95/111/120 96/112/121 77/86/88
f 77/86/88 96/112/121 40/19/122
f 78/87/123 97/113/124 98/114/125 79/88/91
f 79/88/91 98/114/125 268/115/126 269/89/92
f 80/90/93 99/116/127 256/117/128 257/91/94
f 81/93/96 100/118/129 101/119/130 82/94/97
f 82/94/97 101/119/130 102/120/131 83/96/132
f 83/96/132 102/120/131 644/121/133 645/97/134
f 84/98/135 103/122/136 104/123/137 85/99/138
f 85/99/138 104/123/137 105/124/139 86/100/107
f 86/100/107 105/124/139 106/125/140 87/101/109
f 87/101/109 106/125/140 107/126/141 88/102/111
f 88/102/111 107/126/141 108/127/142 89/103/112
f 89/103/112 108/127/142 882/2252/143 883/104/113
f 90/105/114 109/129/144 110/130/145 91/106/115
f 91/106/115 110/130/145 111/131/146 92/107/116
f 92/107/116 111/131/146 112/132/147 93/108/117
f 93/108/117 112/132/147 917/133/148 918/2261/149
f 94/110/119 113/134/150 114/135/151 95/111/120
f 95/111/120 114/135/151 115/136/152 96/112/153
f 96/112/153 115/136/152 40/19/154
f 16/10/8 17/9/155 585/137/156 586/138/157
f 97/113/124 116/139/158 117/140/159 98/114/125
f 98/114/125 117/140/159 267/141/160 268/115/126
f 99/116/127 118/142/161 255/143/162 256/117/128
f 100/118/129 119/144/163 120/145/164 101/119/130
f 101/119/130 120/145/164 121/146/165 102/120/131
f 102/120/131 121/146/165 643/147/166 644/121/167
f 103/122/168 122/148/169 123/149/170 104/123/137
f 104/123/137 123/149/170 124/150/171 105/124/139
f 105/124/139 124/150/171 125/151/172 106/125/140
f 106/125/140 125/151/172 126/152/173 107/126/141
f 107/126/141 126/152/173 127/153/174 108/127/142
f 108/127/142 127/153/174 881/2251/175 882/2252/176
f 109/129/177 128/155/178 129/156/179 110/130/180
f 110/130/180 129/156/179 130/157/181 111/131/182
f 111/131/182 130/157/181 131/158/183 112/132/184
f 112/132/184 131/158/183 916/159/185 917/133/186
f 113/134/187 132/160/188 133/161/189 114/135/190
f 114/135/190 133/161/189 134/162/191 115/136/192
f 115/136/192 134/162/191 40/19/193
f 116/139/194 135/163/195 136/164/196 117/140/159
f 117/140/159 136/164/196 266/165/197 267/141/160
f 118/142/161 137/166/198 254/167/199 255/143/162
f 119/144/163 138/168/200 139/169/201 120/145/164
f 120/145/164 139/169/201 140/170/202 121/146/165
f 121/146/165 140/170/202 642/171/203 643/147/166
f 122/148/169 141/2241/204 142/173/205 123/149/170
f 123/149/170 142/173/205 143/174/206 124/150/171
f 124/150/171 143/174/206 144/175/207 125/151/172
f 125/151/172 144/175/207 145/176/208 126/152/173
f 126/152/173 145/176/208 146/177/209 127/153/174
f 127/153/174 146/177/209 880/2253/210 881/2251/175
f 128/155/178 147/179/211 148/180/212 129/156/213
f 129/156/213 148/180/212 149/181/214 130/157/215
f 130/157/215 149/181/214 150/182/216 131/158/217
f 131/158/217 150/182/216 915/183/218 916/159/219
f 132/160/220 151/184/221 152/185/222 133/161/223
f 133/161/223 152/185/222 153/186/224 134/162/191
f 134/162/191 153/186/224 40/19/193
f 135/163/225 154/187/226 155/188/227 136/164/196
f 136/164/196 155/188/227 265/189/228 266/165/197
f 137/166/198 156/190/229 253/191/230 254/167/199
f 138/168/200 157/192/231 158/193/232 139/169/201
f 139/169/201 158/193/232 159/194/233 140/170/202
f 140/170/202 159/194/233 641/195/234 642/171/203
f 141/2241/204 160/2247/235 161/197/236 142/173/205
f 142/173/205 161/197/236 162/198/237 143/174/206
f 143/174/206 162/198/237 163/199/238 144/175/207
f 144/175/207 163/199/238 164/200/239 145/176/240
f 145/176/240 164/200/239 165/201/241 146/177/242
f 146/177/242 165/201/241 879/202/243 880/2253/244
f 147/179/245 166/203/246 167/204/247 148/180/248
f 148/180/248 167/204/247 168/205/249 149/181/250
f 149/181/250 168/205/249 169/206/251 150/182/252
f 150/182/252 169/206/251 914/207/253 915/183/254
f 151/184/255 170/208/256 171/209/257 152/185/222
f 152/185/222 171/209/257 172/210/258 153/186/224
f 153/186/224 172/210/258 40/19/193
f 18/15/12 19/14/11 582/211/259 583/212/260
f 154/187/261 173/213/262 174/214/263 155/188/227
f 155/188/227 174/214/263 264/215/264 265/189/228
f 156/190/229 175/216/265 252/217/266 253/191/230
f 157/192/231 176/218/267 177/219/268 158/193/232
f 158/193/232 177/219/268 178/220/269 159/194/233
f 159/194/233 178/220/269 640/221/270 641/195/234
f 160/2247/235 179/2243/271 180/223/272 161/197/236
f 161/197/236 180/223/272 181/224/273 162/198/237
f 162/198/237 181/224/273 182/225/274 163/199/275
f 163/199/275 182/225/274 183/226/276 164/200/277
f 164/200/277 183/226/276 184/227/278 165/201/279
f 165/201/279 184/227/278 878/228/280 879/202/281
f 166/203/246 185/229/282 186/230/283 167/204/247
f 167/204/247 186/230/283 187/231/284 168/205/249
f 168/205/249 187/231/284 188/232/285 169/206/251
f 169/206/251 188/232/285 913/233/286 914/207/253
f 170/208/256 189/234/287 190/235/288 171/209/257
f 171/209/257 190/235/288 191/236/289 172/210/258
f 172/210/258 191/236/289 40/19/290
f 19/14/16 20/1981/15 581/1985/291 582/211/292
f 173/213/293 192/238/294 193/239/295 174/214/263
f 174/214/263 193/239/295 263/2164/296 264/215/264
f 175/216/265 194/2166/297 251/2169/298 252/217/266
f 176/218/267 195/243/299 196/244/300 177/219/268
f 177/219/268 196/244/300 197/245/301 178/220/302
f 178/220/302 197/245/301 639/246/303 640/221/304
f 179/2243/305 198/247/306 199/248/307 180/223/308
f 180/223/308 199/248/307 200/249/309 181/224/310
f 181/224/310 200/249/309 201/250/311 182/225/312
f 182/225/312 201/250/311 202/251/313 183/226/314
f 183/226/314 202/251/313 203/252/315 184/227/278
f 184/227/278 203/252/315 877/253/316 878/228/280
f 185/229/282 204/254/317 205/255/318 186/230/283
f 186/230/283 205/255/318 206/256/319 187/231/284
f 187/231/284 206/256/319 207/257/320 188/232/285
f 188/232/285 207/257/320 912/258/321 913/233/286
f 189/234/287 208/259/322 209/260/323 190/235/288
f 190/235/288 209/260/323 210/261/324 191/236/325
f 191/236/325 210/261/324 40/19/326
f 192/238/294 211/262/327 212/263/328 193/239/295
f 193/239/295 212/263/328 262/2163/329 263/2164/330
f 195/243/331 213/266/332 214/267/333 196/244/334
f 196/244/334 214/267/333 215/268/335 197/245/336
f 197/245/336 215/268/335 638/269/337 639/246/338
f 198/247/339 216/270/340 217/271/341 199/248/342
f 199/248/342 217/271/341 218/272/343 200/249/344
f 200/249/344 218/272/343 219/273/345 201/250/311
f 201/250/311 219/273/345 220/274/346 202/251/313
f 202/251/313 220/274/346 221/275/347 203/252/315
f 203/252/315 221/275/347 876/276/348 877/253/316
f 204/254/317 222/277/349 223/278/350 205/255/351
f 205/255/351 223/278/350 224/279/352 206/256/353
f 206/256/353 224/279/352 225/280/354 207/257/320
f 207/257/320 225/280/354 911/281/355 912/258/321
f 208/259/322 226/282/356 227/283/357 209/260/323
f 209/260/323 227/283/357 228/284/358 210/261/359
f 210/261/359 228/284/358 40/19/61
f 211/262/327 229/285/360 230/286/361 212/263/328
f 212/263/328 230/286/361 261/2165/362 262/2163/329
f 213/266/332 232/288/363 233/289/364 214/267/333
f 214/267/333 233/289/364 234/290/365 215/268/366
f 215/268/366 234/290/365 637/291/367 638/269/368
f 216/270/369 235/292/370 236/293/371 217/271/372
f 217/271/372 236/293/371 237/294/373 218/272/343
f 218/272/343 237/294/373 238/295/374 219/273/345
f 219/273/345 238/295/374 239/296/375 220/274/346
f 220/274/346 239/296/375 240/297/376 221/275/347
f 221/275/347 240/297/376 875/298/377 876/276/348
f 222/277/349 241/299/378 242/300/379 223/278/380
f 223/278/380 242/300/379 243/301/381 224/279/382
f 224/279/382 243/301/381 244/302/383 225/280/384
f 225/280/384 244/302/383 910/303/385 911/281/386
f 226/282/387 245/304/388 246/305/389 227/283/390
f 227/283/390 246/305/389 247/306/391 228/284/358
f 228/284/358 247/306/391 40/19/61
f 13/1983/4 14/3/3 578/307/392 579/1986/393
f 229/285/360 21/20/17 22/23/20 230/286/361
f 230/286/361 22/23/20 260/25/22 261/2165/394
f 231/2167/395 23/26/23 248/29/26 249/2170/396
f 232/288/363 24/2202/397 25/2203/398 233/289/364
f 233/289/364 25/2203/398 26/2201/399 234/290/365
f 234/290/365 26/2201/399 636/34/400 637/291/367
f 235/292/370 27/35/31 28/38/34 236/293/371
f 236/293/371 28/38/34 29/40/36 237/294/373
f 237/294/373 29/40/36 30/42/401 238/295/374
f 238/295/374 30/42/401 31/44/402 239/296/375
f 239/296/375 31/44/402 32/46/403 240/297/404
f 240/297/404 32/46/403 874/48/405 875/298/406
f 241/299/378 33/49/45 34/52/48 242/300/379
f 242/300/379 34/52/48 35/54/50 243/301/407
f 243/301/407 35/54/50 36/56/52 244/302/408
f 244/302/408 36/56/52 909/58/409 910/303/410
f 245/304/411 37/59/55 38/62/58 246/305/389
f 246/305/389 38/62/58 39/64/60 247/306/391
f 247/306/391 39/64/60 40/19/61
f 249/2170/396 248/29/26 24/2202/412 232/288/413
f 250/2168/414 249/2170/415 232/288/363 213/266/332
f 251/2169/416 250/2168/414 213/266/332 195/243/331
f 252/217/266 251/2169/298 195/243/299 176/218/267
f 253/191/230 252/217/266 176/218/267 157/192/231
f 254/167/199 253/191/230 157/192/231 138/168/200
f 255/143/162 254/167/199 138/168/200 119/144/163
f 256/117/128 255/143/162 119/144/163 100/118/129
f 257/91/94 256/117/128 100/118/129 81/93/96
f 258/2354/67 257/91/94 81/93/96 62/2199/95
f 259/28/25 258/69/67 62/2355/417 44/2198/418
f 248/29/26 259/28/25 44/2198/418 24/2202/419
f 261/2165/394 260/25/22 23/26/23 231/2167/395
f 264/215/264 263/2164/296 194/2166/297 175/216/265
f 265/189/228 264/215/264 175/216/265 156/190/229
f 266/165/197 265/189/228 156/190/229 137/166/198
f 267/141/160 266/165/197 137/166/198 118/142/161
f 268/115/126 267/141/160 118/142/161 99/116/127
f 269/89/92 268/115/126 99/116/127 80/90/93
f 270/2352/65 269/89/92 80/90/93 61/2353/66
f 271/24/21 270/67/65 61/68/66 43/27/24
f 260/25/22 271/24/21 43/27/24 23/26/23
s 32
f 250/313/420 251/242/421 311/315/422 292/316/423
f 292/316/423 311/315/422 312/317/424 293/318/425
f 293/318/425 312/317/424 313/319/426 294/320/427
f 294/320/427 313/319/426 314/321/428 295/322/429
f 295/322/429 314/321/428 606/323/430 607/324/431
f 315/325/432 316/326/433 297/327/434 296/328/435 599/329/436 598/330/437
f 297/327/434 316/326/433 317/331/438 298/332/439
f 298/332/439 317/331/438 318/333/440 299/334/441
f 299/334/441 318/333/440 319/335/442 300/336/443
f 300/336/443 319/335/442 320/337/444 301/338/445
f 301/338/445 320/337/444 321/339/446 302/340/447
f 302/340/447 321/339/446 322/341/448 303/342/449
f 303/342/449 322/341/448 323/343/450 304/344/451
f 304/344/451 323/343/450 324/345/452 305/346/453
f 305/346/453 324/345/452 325/347/454 306/348/455
f 306/348/455 325/347/454 326/349/456 307/350/457
f 307/350/457 326/349/456 327/351/458 308/352/459
f 308/352/459 327/351/458 328/353/460 309/354/461
f 309/354/461 328/353/460 329/355/462 310/356/463
f 310/356/463 329/355/462 291/265/464
s 34
f 251/242/465 194/241/466 272/357/467 311/315/468
f 311/315/468 272/357/467 273/358/469 312/317/470
f 312/317/470 273/358/469 274/359/471 313/319/472
f 313/319/472 274/359/471 275/360/473 314/321/474
f 314/321/474 275/360/473 605/361/475 606/323/476
f 316/326/477 277/362/478 278/363/479 317/331/480
f 317/331/480 278/363/479 279/364/481 318/333/482
f 318/333/482 279/364/481 280/365/483 319/335/484
f 319/335/484 280/365/483 281/366/485 320/337/486
f 320/337/486 281/366/485 282/367/487 321/339/488
f 321/339/488 282/367/487 283/368/489 322/341/490
f 322/341/490 283/368/489 284/369/491 323/343/492
f 323/343/492 284/369/491 285/370/493 324/345/494
f 324/345/494 285/370/493 286/371/495 325/347/496
f 325/347/496 286/371/495 287/372/497 326/349/498
f 326/349/498 287/372/497 288/373/499 327/351/500
f 327/351/500 288/373/499 289/374/501 328/353/502
f 328/353/502 289/374/501 290/375/503 329/355/504
f 329/355/504 290/375/503 291/265/505
s 36
f 231/309/506 249/310/507 349/376/508 330/377/509
f 330/377/509 349/376/508 350/378/510 331/379/511
f 331/379/511 350/378/510 351/380/512 332/381/513
f 332/381/513 351/380/512 352/382/514 333/383/515
f 333/383/515 352/382/514 608/384/516 609/385/517
f 353/386/518 354/387/519 335/388/520 334/389/521 601/390/522 600/391/523
f 335/388/520 354/387/519 355/392/524 336/393/525
f 336/393/525 355/392/524 356/394/526 337/395/527
f 337/395/527 356/394/526 357/396/528 338/397/529
f 338/397/529 357/396/528 358/398/530 339/399/531
f 339/399/531 358/398/530 359/400/532 340/401/533
f 340/401/533 359/400/532 360/402/534 341/403/535
f 341/403/535 360/402/534 361/404/536 342/405/537
f 342/405/537 361/404/536 362/406/538 343/407/539
f 343/407/539 362/406/538 363/408/540 344/409/541
f 344/409/541 363/408/540 364/410/542 345/411/543
f 345/411/543 364/410/542 365/412/544 346/413/545
f 346/413/545 365/412/544 366/414/546 347/415/547
f 347/415/547 366/414/546 367/416/548 348/417/549
f 348/417/549 367/416/548 291/265/550
s 38
f 249/310/551 250/313/552 292/316/553 349/376/554
f 349/376/554 292/316/553 293/318/555 350/378/556
f 350/378/556 293/318/555 294/320/557 351/380/558
f 351/380/558 294/320/557 295/322/559 352/382/560
f 352/382/560 295/322/559 607/324/561 608/384/562
f 296/328/563 297/327/564 354/387/565 353/386/566 600/391/567 599/329/568
f 354/387/565 297/327/564 298/332/569 355/392/570
f 355/392/570 298/332/569 299/334/571 356/394/572
f 356/394/572 299/334/571 300/336/573 357/396/574
f 357/396/574 300/336/573 301/338/575 358/398/576
f 358/398/576 301/338/575 302/340/577 359/400/578
f 359/400/578 302/340/577 303/342/579 360/402/580
f 360/402/580 303/342/579 304/344/581 361/404/582
f 361/404/582 304/344/581 305/346/583 362/406/584
f 362/406/584 305/346/583 306/348/585 363/408/586
f 363/408/586 306/348/585 307/350/587 364/410/588
f 364/410/588 307/350/587 308/352/589 365/412/590
f 365/412/590 308/352/589 309/354/591 366/414/592
f 366/414/592 309/354/591 310/356/593 367/416/594
f 367/416/594 310/356/593 291/265/595
s 40
f 262/264/596 261/287/597 368/418/598 387/2162/599
f 387/2162/599 368/418/598 369/420/600 388/2046/601
f 388/2046/601 369/420/600 370/422/602 389/2045/603
f 389/2045/603 370/422/602 371/424/604 390/2044/605
f 390/2044/605 371/424/604 610/2174/606 611/2171/607
s 41
f 392/2195/608 373/429/609 374/430/610 393/2194/611
f 393/2194/611 374/430/610 375/432/612 394/2193/613
f 394/2193/613 375/432/612 376/434/614 395/2192/615
f 395/2192/615 376/434/614 377/436/616 396/2191/617
f 396/2191/617 377/436/616 378/438/618 397/2190/619
f 397/2190/619 378/438/618 379/440/620 398/2189/621
f 398/2189/621 379/440/620 380/442/622 399/2188/623
f 399/2188/623 380/442/622 381/444/624 400/2187/625
f 400/2187/625 381/444/624 382/446/626 401/2186/627
f 401/2186/627 382/446/626 383/448/628 402/2185/629
f 402/2185/629 383/448/628 384/450/630 403/2184/631
f 403/2184/631 384/450/630 385/452/632 404/2183/633
f 404/2183/633 385/452/632 386/454/634 405/2182/635
f 405/2182/635 386/454/634 291/265/636
s 42
f 261/287/637 231/309/638 330/377/639 368/418/640
f 368/418/640 330/377/639 331/379/641 369/420/642
f 369/420/642 331/379/641 332/381/643 370/422/644
f 370/422/644 332/381/643 333/383/645 371/424/646
f 371/424/646 333/383/645 609/385/647 610/2174/648
f 334/389/649 335/388/650 373/429/651 372/456/652 602/2179/653 601/390/654
f 373/429/651 335/388/650 336/393/655 374/430/656
f 374/430/656 336/393/655 337/395/657 375/432/658
f 375/432/658 337/395/657 338/397/659 376/434/660
f 376/434/660 338/397/659 339/399/661 377/436/662
f 377/436/662 339/399/661 340/401/663 378/438/664
f 378/438/664 340/401/663 341/403/665 379/440/666
f 379/440/666 341/403/665 342/405/667 380/442/668
f 380/442/668 342/405/667 343/407/669 381/444/670
f 381/444/670 343/407/669 344/409/671 382/446/672
f 382/446/672 344/409/671 345/411/673 383/448/674
f 383/448/674 345/411/673 346/413/675 384/450/676
f 384/450/676 346/413/675 347/415/677 385/452/678
f 385/452/678 347/415/677 348/417/679 386/454/680
f 386/454/680 348/417/679 291/265/681
s 44
f 263/240/682 262/264/683 387/2162/684 406/458/685
f 406/458/685 387/419/684 388/421/686 407/459/687
f 407/459/687 388/421/686 389/423/688 408/460/689
f 408/460/689 389/423/688 390/425/690 409/461/691
f 409/461/691 390/425/690 611/2043/692 612/2173/693
s 45
f 411/463/694 392/428/695 393/431/696 412/464/697
f 412/464/697 393/431/696 394/433/698 413/465/699
f 413/465/699 394/433/698 395/435/700 414/466/701
f 414/466/701 395/435/700 396/437/702 415/467/703
f 415/467/703 396/437/702 397/439/704 416/468/705
f 416/468/705 397/439/704 398/441/706 417/469/707
f 417/469/707 398/441/706 399/443/708 418/470/709
f 418/470/709 399/443/708 400/445/710 419/471/711
f 419/471/711 400/445/710 401/447/712 420/472/713
f 420/472/713 401/447/712 402/449/714 421/473/715
f 421/473/715 402/449/714 403/451/716 422/474/717
f 422/474/717 403/451/716 404/453/718 423/475/719
f 423/475/719 404/453/718 405/455/720 424/476/721
f 424/476/721 405/455/720 291/265/722
s 46
f 194/241/723 263/240/724 406/458/725 272/357/726
f 272/357/726 406/458/725 407/459/727 273/358/728
f 273/358/728 407/459/727 408/460/729 274/359/730
f 274/359/730 408/460/729 409/461/731 275/360/732
f 275/360/732 409/461/731 612/2173/733 605/361/734
f 277/362/735 411/463/736 412/464/737 278/363/738
f 278/363/738 412/464/737 413/465/739 279/364/740
f 279/364/740 413/465/739 414/466/741 280/365/742
f 280/365/742 414/466/741 415/467/743 281/366/744
f 281/366/744 415/467/743 416/468/745 282/367/746
f 282/367/746 416/468/745 417/469/747 283/368/748
f 283/368/748 417/469/747 418/470/749 284/369/750
f 284/369/750 418/470/749 419/471/751 285/370/752
f 285/370/752 419/471/751 420/472/753 286/371/754
f 286/371/754 420/472/753 421/473/755 287/372/756
f 287/372/756 421/473/755 422/474/757 288/373/758
f 288/373/758 422/474/757 423/475/759 289/374/760
f 289/374/760 423/475/759 424/476/761 290/375/762
f 290/375/762 424/476/761 291/265/763
s 48
f 24/311/764 44/2230/765 445/2229/766 425/478/767
f 425/478/767 445/2229/766 446/2228/768 426/480/769
f 426/480/769 446/2228/768 447/2227/770 427/482/771
f 427/482/771 447/2227/770 448/2226/772 428/484/773
f 428/484/773 448/2226/772 449/2225/774 429/486/775
f 429/486/775 449/2225/774 450/2224/776 430/488/777
f 430/488/777 450/2224/776 451/2223/778 431/490/779
f 431/490/779 451/2223/778 452/2222/780 432/492/781
s 49
f 432/492/782 452/2222/783 453/2221/784 433/494/785
f 433/494/785 453/2221/784 454/2220/786 434/496/787
f 434/496/787 454/2220/786 455/2219/788 435/498/789
f 435/498/789 455/2219/788 841/2308/790 834/2309/791
s 50
f 436/2306/792 456/2311/793 457/2239/794 437/500/795
f 437/500/795 457/2239/794 458/2238/796 438/502/797
f 438/502/797 458/2238/796 862/503/798 857/504/799
f 439/505/800 459/506/801 460/2237/802 440/508/803
f 440/508/803 460/2237/802 461/2236/804 441/510/805
f 441/510/805 461/2236/804 462/2235/806 442/512/807
f 442/512/807 462/2235/806 463/2234/808 443/514/809
f 443/514/809 463/2234/808 444/30/810
s 52
f 25/312/811 24/311/812 425/478/813 464/515/814
f 464/515/814 425/478/813 426/480/815 465/516/816
f 465/516/816 426/480/815 427/482/817 466/517/818
f 466/517/818 427/482/817 428/484/819 467/518/820
f 467/518/820 428/484/819 429/486/821 468/519/822
f 468/519/822 429/486/821 430/488/823 469/520/824
f 469/520/824 430/488/823 431/490/825 470/521/826
f 470/521/826 431/490/825 432/492/827 471/522/828
f 471/522/828 432/492/827 433/494/829 472/523/830
f 472/523/830 433/494/829 434/496/831 473/524/832
f 473/524/832 434/496/831 435/498/833 474/525/834
f 474/525/834 435/498/833 834/2309/835 835/526/836
f 475/527/837 436/2306/838 437/500/839 476/528/840
f 476/528/840 437/500/839 438/502/841 477/2216/842
f 477/2216/842 438/502/841 857/504/843 858/2213/844
f 478/529/845 439/505/846 440/508/847 479/530/848
f 479/530/848 440/508/847 441/510/849 480/531/850
f 480/531/850 441/510/849 442/512/851 481/532/852
f 481/532/852 442/512/851 443/514/853 482/533/854
f 482/533/854 443/514/853 444/30/855
s 55
f 45/32/856 26/31/857 502/534/858 483/535/859
f 483/535/859 502/534/858 503/536/860 484/537/861
f 484/537/861 503/536/860 504/538/862 485/539/863
f 485/539/863 504/538/862 505/540/864 486/541/865
f 486/541/865 505/540/864 506/542/866 487/543/867
f 487/543/867 506/542/866 507/544/868 488/545/869
f 488/545/869 507/544/868 508/546/870 489/547/871
f 489/547/871 508/546/870 509/548/872 490/549/873
s 1
f 490/549/874 509/548/875 510/550/876 491/551/877
f 491/551/877 510/550/876 511/552/878 492/553/879
f 492/553/879 511/552/878 512/554/880 493/555/881
f 493/555/881 512/554/880 836/556/882 837/557/883
f 494/558/884 513/559/885 514/560/886 495/561/887
f 495/561/887 514/560/886 515/2217/888 496/2218/889
s 58
f 497/562/890 516/563/891 517/564/892 498/565/893
f 498/565/893 517/564/892 518/566/894 499/567/895
f 499/567/895 518/566/894 519/568/896 500/569/897
f 500/569/897 519/568/896 520/570/898 501/571/899
f 501/571/899 520/570/898 444/30/900
s 1
f 26/31/399 25/312/398 464/515/901 502/534/902
f 502/534/902 464/515/901 465/516/903 503/536/904
f 503/536/904 465/516/903 466/517/905 504/538/906
f 504/538/906 466/517/905 467/518/907 505/540/908
f 505/540/908 467/518/907 468/519/909 506/542/910
f 506/542/910 468/519/909 469/520/911 507/544/912
f 507/544/912 469/520/911 470/521/913 508/546/914
f 508/546/914 470/521/913 471/522/915 509/548/916
f 509/548/916 471/522/915 472/523/917 510/550/918
f 510/550/918 472/523/917 473/524/919 511/552/920
f 511/552/920 473/524/919 474/525/921 512/554/922
f 512/554/922 474/525/921 835/526/923 836/556/924
f 513/559/925 475/527/926 476/528/927 514/560/886
f 514/560/886 476/528/927 477/2216/928 515/2217/888
s 58
f 516/563/891 478/529/929 479/530/930 517/564/931
f 517/564/931 479/530/930 480/531/932 518/566/933
f 518/566/933 480/531/932 481/532/934 519/568/935
f 519/568/935 481/532/934 482/533/936 520/570/937
f 520/570/937 482/533/936 444/30/938
s 61
f 44/314/939 62/92/940 521/572/941 445/477/942
f 445/477/942 521/572/941 522/573/943 446/479/944
f 446/479/944 522/573/943 523/574/945 447/481/946
f 447/481/946 523/574/945 524/575/947 448/483/948
f 448/483/948 524/575/947 525/576/949 449/485/950
f 449/485/950 525/576/949 526/577/951 450/487/952
f 450/487/952 526/577/951 527/578/953 451/489/954
f 451/489/954 527/578/953 528/579/955 452/491/956
f 452/491/956 528/579/955 529/580/957 453/493/958
f 453/493/958 529/580/957 530/581/959 454/495/960
f 454/495/960 530/581/959 531/582/961 455/497/962
f 455/497/962 531/582/961 840/2310/963 841/2307/964
s 62
f 456/2312/965 532/2304/966 533/583/967 457/499/968
f 457/499/968 533/583/967 534/584/969 458/501/970
f 458/501/970 534/584/969 861/585/971 862/2231/972
f 459/2233/973 535/586/974 536/587/975 460/507/976
f 460/507/976 536/587/975 537/588/977 461/509/978
f 461/509/978 537/588/977 538/589/979 462/511/980
f 462/511/980 538/589/979 539/590/981 463/513/982
f 463/513/982 539/590/981 444/30/983
s 1
f 62/92/95 63/95/98 540/591/984 521/572/985
f 521/572/985 540/591/984 541/592/986 522/573/987
f 522/573/987 541/592/986 542/593/988 523/574/989
f 523/574/989 542/593/988 543/594/990 524/575/991
f 524/575/991 543/594/990 544/595/992 525/576/993
f 525/576/993 544/595/992 545/596/994 526/577/995
f 526/577/995 545/596/994 546/597/996 527/578/997
f 527/578/997 546/597/996 547/598/998 528/579/999
f 528/579/999 547/598/998 548/599/1000 529/580/1001
f 529/580/1001 548/599/1000 549/600/1002 530/581/1003
f 530/581/1003 549/600/1002 550/601/1004 531/582/1005
f 531/582/1005 550/601/1004 839/602/1006 840/2310/1007
f 532/2304/1008 551/603/1009 552/604/1010 533/583/1011
f 533/583/1011 552/604/1010 553/605/1012 534/584/1013
f 534/584/1013 553/605/1012 860/606/1014 861/585/1015
f 535/586/1016 554/607/1017 555/608/1018 536/587/1019
f 536/587/1019 555/608/1018 556/609/1020 537/588/1021
f 537/588/1021 556/609/1020 557/610/1022 538/589/1023
f 538/589/1023 557/610/1022 558/611/1024 539/590/1025
f 539/590/1025 558/611/1024 444/30/1026
f 63/95/98 64/70/100 559/612/1027 540/591/1028
f 540/591/1028 559/612/1027 560/613/1029 541/592/1030
f 541/592/1030 560/613/1029 561/614/1031 542/593/1032
f 542/593/1032 561/614/1031 562/615/1033 543/594/1034
f 543/594/1034 562/615/1033 563/616/1035 544/595/1036
f 544/595/1036 563/616/1035 564/617/1037 545/596/1038
f 545/596/1038 564/617/1037 565/618/1039 546/597/1040
f 546/597/1040 565/618/1039 566/619/1041 547/598/1042
f 547/598/1042 566/619/1041 567/620/1043 548/599/1044
f 548/599/1044 567/620/1043 568/621/1045 549/600/1046
f 549/600/1046 568/621/1045 569/622/1047 550/601/1048
f 550/601/1048 569/622/1047 838/623/1049 839/602/1050
f 551/603/1051 570/624/1052 571/625/1053 552/604/1054
f 552/604/1054 571/625/1053 572/626/1055 553/605/1056
f 553/605/1056 572/626/1055 859/627/1057 860/606/1058
f 554/607/1059 573/628/1060 574/629/1061 555/608/1062
f 555/608/1062 574/629/1061 575/630/1063 556/609/1064
f 556/609/1064 575/630/1063 576/631/1065 557/610/1066
f 557/610/1066 576/631/1065 577/632/1067 558/611/1068
f 558/611/1068 577/632/1067 444/30/1069
s 68
f 64/70/1070 45/32/1071 483/535/1072 559/612/1073
f 559/612/1073 483/535/1072 484/537/1074 560/613/1075
f 560/613/1075 484/537/1074 485/539/1076 561/614/1077
f 561/614/1077 485/539/1076 486/541/1078 562/615/1079
f 562/615/1079 486/541/1078 487/543/1080 563/616/1081
f 563/616/1081 487/543/1080 488/545/1082 564/617/1083
f 564/617/1083 488/545/1082 489/547/1084 565/618/1085
f 565/618/1085 489/547/1084 490/549/1086 566/619/1087
s 69
f 566/619/1088 490/549/1089 491/551/1090 567/620/1091
f 567/620/1091 491/551/1090 492/553/1092 568/621/1093
f 568/621/1093 492/553/1092 493/555/1094 569/622/1095
f 569/622/1095 493/555/1094 837/557/1096 838/623/1097
f 570/624/1098 494/558/1099 495/561/1100 571/625/1101
f 571/625/1101 495/561/1100 496/2218/1102 572/626/1103
f 573/628/1104 497/562/1105 498/565/1106 574/629/1107
f 574/629/1107 498/565/1106 499/567/1108 575/630/1109
f 575/630/1109 499/567/1108 500/569/1110 576/631/1111
f 576/631/1111 500/569/1110 501/571/1112 577/632/1113
f 577/632/1113 501/571/1112 444/30/1114
s 1
f 579/1986/393 578/307/392 21/20/17 229/285/360
f 580/1984/1115 579/1986/1116 229/285/360 211/262/327
f 581/1985/1117 580/1984/1115 211/262/327 192/238/294
f 582/211/292 581/1985/291 192/238/294 173/213/293
f 583/212/260 582/211/259 173/213/262 154/187/261
f 584/634/1118 583/212/1119 154/187/226 135/163/225
f 585/137/1120 584/634/1118 135/163/195 116/139/194
f 586/138/157 585/137/156 116/139/158 97/113/124
f 587/635/1121 586/138/157 97/113/124 78/87/123
f 588/636/1122 587/635/1121 78/87/90 59/2351/89
f 589/637/1123 588/2350/1124 59/65/63 41/21/62
f 578/307/1125 589/637/1123 41/21/18 21/20/17
s 34
f 591/638/1126 590/639/1127 597/640/1128 598/330/1129
s 32
f 592/641/1130 591/638/1131 598/330/437 599/329/436
s 38
f 593/642/1132 592/641/1133 599/329/568 600/391/567
s 36
f 594/643/1134 593/642/1135 600/391/523 601/390/522
s 42
f 595/2176/1136 594/643/1137 601/390/654 602/2179/653
s 46
f 590/639/1138 596/2175/1139 604/2178/1140 597/640/1141
s 34
f 315/325/1142 598/330/1129 597/640/1128 276/648/1143 277/362/478 316/326/477
s 41
f 391/2181/1144 603/2180/1145 602/2179/1146 372/456/1147 373/429/609 392/2195/608
s 45
f 410/651/1148 604/2178/1149 603/2177/1150 391/649/1151 392/428/695 411/463/694
s 46
f 276/648/1152 597/640/1141 604/2178/1140 410/651/1153 411/463/736 277/362/735
s 34
f 606/323/476 605/361/475 590/639/1127 591/638/1126
s 32
f 607/324/431 606/323/430 591/638/1131 592/641/1130
s 38
f 608/384/562 607/324/561 592/641/1133 593/642/1132
s 36
f 609/385/517 608/384/516 593/642/1135 594/643/1134
s 42
f 610/2174/648 609/385/647 594/643/1137 595/2176/1136
s 46
f 605/361/734 612/2173/733 596/2175/1139 590/639/1138
s 1
f 614/652/1154 613/653/1155 625/654/1156 626/655/1157
f 615/656/1158 614/652/1154 626/655/1157 627/657/1159
f 616/658/1160 615/656/1161 627/657/1162 628/659/1163
f 617/2246/1164 616/658/1165 628/659/1166 629/2242/1167
f 620/663/1168 619/2245/1169 630/2240/1170 631/666/1171
f 621/667/1172 620/663/1168 631/666/1171 632/668/1173
f 622/669/1174 621/667/1175 632/668/1176 633/670/1177
f 623/2345/1178 622/669/1179 633/670/1180 634/2346/1181
f 624/673/1182 623/671/1183 634/672/1184 635/674/1185
f 613/653/1186 624/673/1182 635/674/1185 625/654/1187
f 626/655/1157 625/654/1156 27/35/31 235/292/370
f 627/657/1159 626/655/1157 235/292/370 216/270/369
f 628/659/1163 627/657/1162 216/270/340 198/247/339
f 629/2242/1167 628/659/1166 198/247/306 179/2243/305
f 631/666/1171 630/2240/1170 141/2241/204 122/148/169
f 632/668/1173 631/666/1171 122/148/169 103/122/168
f 633/670/1177 632/668/1176 103/122/136 84/98/135
f 634/2346/1181 633/670/1180 84/98/104 65/2347/103
f 635/674/1185 634/672/1184 65/72/70 46/36/32
f 625/654/1187 635/674/1185 46/36/32 27/35/31
f 637/291/367 636/34/400 613/653/1155 614/652/1154
f 638/269/368 637/291/367 614/652/1154 615/656/1158
f 639/246/338 638/269/337 615/656/1161 616/658/1160
f 640/221/304 639/246/303 616/658/1165 617/2246/1164
f 641/195/234 640/221/270 617/2246/1188 618/2244/1189
f 642/171/203 641/195/234 618/2244/1189 619/2245/1190
f 643/147/166 642/171/203 619/2245/1169 620/663/1168
f 644/121/167 643/147/166 620/663/1168 621/667/1172
f 645/97/134 644/121/133 621/667/1175 622/669/1174
f 646/2344/102 645/97/101 622/669/1179 623/2345/1178
f 647/33/29 646/71/69 623/671/1183 624/673/1182
f 636/34/30 647/33/29 624/673/1182 613/653/1186
s 42
f 595/644/1136 602/457/653 658/676/1191 648/677/1192
f 648/677/1192 658/676/1191 659/678/1193 649/679/1194
f 649/679/1194 659/678/1193 660/680/1195 650/681/1196
f 650/681/1196 660/680/1195 661/682/1197 651/683/1198
f 651/683/1198 661/682/1197 662/684/1199 652/685/1200
f 652/685/1200 662/684/1199 663/686/1201 653/687/1202
f 653/687/1202 663/686/1201 664/688/1203 654/689/1204
f 654/689/1204 664/688/1203 665/690/1205 655/691/1206
f 655/691/1206 665/690/1205 666/692/1207 656/693/1208
f 656/693/1208 666/692/1207 657/645/1209
s 72
f 602/457/1210 603/650/1211 667/694/1212 658/676/1213
f 658/676/1213 667/694/1212 668/695/1214 659/678/1215
f 659/678/1215 668/695/1214 669/696/1216 660/680/1217
f 660/680/1217 669/696/1216 670/697/1218 661/682/1219
f 661/682/1219 670/697/1218 671/698/1220 662/684/1221
f 662/684/1221 671/698/1220 672/699/1222 663/686/1223
f 663/686/1223 672/699/1222 673/700/1224 664/688/1225
f 664/688/1225 673/700/1224 674/701/1226 665/690/1227
f 665/690/1227 674/701/1226 675/702/1228 666/692/1229
f 666/692/1229 675/702/1228 657/645/1230
s 73
f 603/650/1231 604/647/1232 685/703/1233 667/694/1234
f 667/694/1234 685/703/1233 686/704/1235 668/695/1236
f 668/695/1236 686/704/1235 687/705/1237 669/696/1238
f 669/696/1238 687/705/1237 688/706/1239 670/697/1240
f 670/697/1240 688/706/1239 689/707/1241 671/698/1242
f 671/698/1242 689/707/1241 690/708/1243 672/699/1244
f 672/699/1244 690/708/1243 691/709/1245 673/700/1246
f 673/700/1246 691/709/1245 692/710/1247 674/701/1248
f 674/701/1248 692/710/1247 693/711/1249 675/702/1250
f 675/702/1250 693/711/1249 657/645/1251
s 46
f 604/647/1140 596/646/1139 676/712/1252 685/703/1253
f 685/703/1253 676/712/1252 677/713/1254 686/704/1255
f 686/704/1255 677/713/1254 678/714/1256 687/705/1257
f 687/705/1257 678/714/1256 679/715/1258 688/706/1259
f 688/706/1259 679/715/1258 680/716/1260 689/707/1261
f 689/707/1261 680/716/1260 681/717/1262 690/708/1263
f 690/708/1263 681/717/1262 682/718/1264 691/709/1265
f 691/709/1265 682/718/1264 683/719/1266 692/710/1267
f 692/710/1267 683/719/1266 684/720/1268 693/711/1269
f 693/711/1269 684/720/1268 657/645/1270
s 74
f 611/427/1271 610/426/1272 694/721/1273 703/2042/1274
f 703/2042/1274 694/721/1273 695/723/1275 704/2041/1276
f 704/2041/1276 695/723/1275 696/725/1277 705/2040/1278
f 705/2040/1278 696/725/1277 697/727/1279 706/2039/1280
f 706/2039/1280 697/727/1279 698/729/1281 707/2038/1282
f 707/2038/1282 698/729/1281 699/731/1283 708/2037/1284
f 708/2037/1284 699/731/1283 700/733/1285 709/2036/1286
f 709/2036/1286 700/733/1285 701/735/1287 710/2035/1288
f 710/2035/1288 701/735/1287 702/737/1289 711/2034/1290
f 711/2034/1290 702/737/1289 657/645/1291
s 42
f 610/426/648 595/644/1136 648/677/1292 694/721/1293
f 694/721/1293 648/677/1292 649/679/1294 695/723/1295
f 695/723/1295 649/679/1294 650/681/1296 696/725/1297
f 696/725/1297 650/681/1296 651/683/1298 697/727/1299
f 697/727/1299 651/683/1298 652/685/1300 698/729/1301
f 698/729/1301 652/685/1300 653/687/1302 699/731/1303
f 699/731/1303 653/687/1302 654/689/1304 700/733/1305
f 700/733/1305 654/689/1304 655/691/1306 701/735/1307
f 701/735/1307 655/691/1306 656/693/1308 702/737/1309
f 702/737/1309 656/693/1308 657/645/1310
s 75
f 612/462/1311 611/2172/1312 703/722/1313 712/739/1314
f 712/739/1314 703/722/1313 704/724/1315 713/740/1316
f 713/740/1316 704/724/1315 705/726/1317 714/741/1318
f 714/741/1318 705/726/1317 706/728/1319 715/742/1320
f 715/742/1320 706/728/1319 707/730/1321 716/743/1322
f 716/743/1322 707/730/1321 708/732/1323 717/744/1324
f 717/744/1324 708/732/1323 709/734/1325 718/745/1326
f 718/745/1326 709/734/1325 710/736/1327 719/746/1328
f 719/746/1328 710/736/1327 711/738/1329 720/747/1330
f 720/747/1330 711/738/1329 657/645/1331
s 76
f 596/646/1332 612/462/1333 712/739/1334 676/712/1335
f 676/712/1335 712/739/1334 713/740/1336 677/713/1337
f 677/713/1337 713/740/1336 714/741/1338 678/714/1339
f 678/714/1339 714/741/1338 715/742/1340 679/715/1341
f 679/715/1341 715/742/1340 716/743/1342 680/716/1343
f 680/716/1343 716/743/1342 717/744/1344 681/717/1345
f 681/717/1345 717/744/1344 718/745/1346 682/718/1347
f 682/718/1347 718/745/1346 719/746/1348 683/719/1349
f 683/719/1349 719/746/1348 720/747/1350 684/720/1351
f 684/720/1351 720/747/1350 657/645/1352
s 77
f 618/675/1353 617/660/1354 721/748/1355 736/749/1356
f 736/749/1356 721/748/1355 722/750/1357 737/751/1358
f 737/751/1358 722/750/1357 723/752/1359 738/753/1360
f 738/753/1360 723/752/1359 724/754/1361 739/755/1362
f 739/755/1362 724/754/1361 725/756/1363 740/757/1364
f 740/757/1364 725/756/1363 726/758/1365 741/759/1366
f 741/759/1366 726/758/1365 727/760/1367 742/761/1368
f 742/761/1368 727/760/1367 728/762/1369 743/763/1370
f 743/763/1370 728/762/1369 729/764/1371 744/765/1372
f 744/765/1372 729/764/1371 730/766/1373 745/767/1374
f 745/767/1374 730/766/1373 731/768/1375 746/769/1376
f 746/769/1376 731/768/1375 732/770/1377 747/771/1378
f 747/771/1378 732/770/1377 733/772/1379 748/773/1380
f 748/773/1380 733/772/1379 734/774/1381 749/775/1382
f 749/775/1382 734/774/1381 735/662/1383
s 78
f 617/660/1384 629/661/1385 750/776/1386 721/748/1387
f 721/748/1387 750/776/1386 751/777/1388 722/750/1389
f 722/750/1389 751/777/1388 752/778/1390 723/752/1391
f 723/752/1391 752/778/1390 753/779/1392 724/754/1393
f 724/754/1393 753/779/1392 754/780/1394 725/756/1395
f 725/756/1395 754/780/1394 755/781/1396 726/758/1397
f 726/758/1397 755/781/1396 756/782/1398 727/760/1399
f 727/760/1399 756/782/1398 757/783/1400 728/762/1401
f 728/762/1401 757/783/1400 758/784/1402 729/764/1403
f 729/764/1403 758/784/1402 759/785/1404 730/766/1405
f 730/766/1405 759/785/1404 760/786/1406 731/768/1407
f 731/768/1407 760/786/1406 761/787/1408 732/770/1409
f 732/770/1409 761/787/1408 762/788/1410 733/772/1411
f 733/772/1411 762/788/1410 763/789/1412 734/774/1413
f 734/774/1413 763/789/1412 735/662/1414
s 79
f 619/664/1415 618/675/1416 736/749/1417 764/2277/1418
f 764/2277/1418 736/749/1417 737/751/1419 765/2276/1420
f 765/2276/1420 737/751/1419 738/753/1421 766/2275/1422
f 766/2275/1422 738/753/1421 739/755/1423 767/2274/1424
f 767/2274/1424 739/755/1423 740/757/1425 768/2273/1426
s 80
f 768/2273/1427 740/757/1428 741/759/1429 769/2272/1430
f 769/2272/1430 741/759/1429 742/761/1431 770/2271/1432
f 770/2271/1432 742/761/1431 743/763/1433 771/2270/1434
f 771/2270/1434 743/763/1433 744/765/1435 772/2269/1436
f 772/2269/1436 744/765/1435 745/767/1437 773/2268/1438
f 773/2268/1438 745/767/1437 746/769/1439 774/2267/1440
f 774/2267/1440 746/769/1439 747/771/1441 775/2266/1442
f 775/2266/1442 747/771/1441 748/773/1443 776/2265/1444
f 776/2265/1444 748/773/1443 749/775/1445 777/2264/1446
f 777/2264/1446 749/775/1445 735/662/1447
s 81
f 630/665/1448 619/2278/1449 764/790/1450 778/804/1451
f 778/804/1451 764/790/1450 765/791/1452 779/805/1453
f 779/805/1453 765/791/1452 766/792/1454 780/806/1455
f 780/806/1455 766/792/1454 767/793/1456 781/807/1457
f 781/807/1457 767/793/1456 768/794/1458 782/808/1459
s 82
f 782/808/1460 768/794/1461 769/795/1462 783/809/1463
f 783/809/1463 769/795/1462 770/796/1464 784/810/1465
f 784/810/1465 770/796/1464 771/797/1466 785/811/1467
f 785/811/1467 771/797/1466 772/798/1468 786/812/1469
f 786/812/1469 772/798/1468 773/799/1470 787/813/1471
f 787/813/1471 773/799/1470 774/800/1472 788/814/1473
f 788/814/1473 774/800/1472 775/801/1474 789/815/1475
f 789/815/1475 775/801/1474 776/802/1476 790/816/1477
f 790/816/1477 776/802/1476 777/803/1478 791/817/1479
f 791/817/1479 777/803/1478 735/662/1480
s 83
f 629/661/1481 179/222/1482 792/818/1483 750/776/1484
f 750/776/1484 792/818/1483 793/819/1485 751/777/1486
f 751/777/1486 793/819/1485 794/820/1487 752/778/1488
f 752/778/1488 794/820/1487 795/821/1489 753/779/1490
s off
f 753/779/1491 795/821/1492 796/822/1493 754/780/1494
s 84
f 754/780/1495 796/822/1496 797/823/1497 755/781/1498
f 755/781/1498 797/823/1497 798/824/1499 756/782/1500
f 756/782/1500 798/824/1499 799/825/1501 757/783/1502
f 757/783/1502 799/825/1501 800/826/1503 758/784/1504
f 758/784/1504 800/826/1503 801/827/1505 759/785/1506
f 759/785/1506 801/827/1505 802/828/1507 760/786/1508
f 760/786/1508 802/828/1507 803/829/1509 761/787/1510
f 761/787/1510 803/829/1509 804/830/1511 762/788/1512
f 762/788/1512 804/830/1511 805/831/1513 763/789/1514
f 763/789/1514 805/831/1513 735/662/1515
s 85
f 179/222/1516 160/196/1517 806/832/1518 792/818/1519
f 792/818/1519 806/832/1518 807/833/1520 793/819/1521
f 793/819/1521 807/833/1520 808/834/1522 794/820/1523
f 794/820/1523 808/834/1522 809/835/1524 795/821/1525
s off
f 795/821/1526 809/835/1527 810/836/1528 796/822/1529
s 86
f 796/822/1530 810/836/1531 811/837/1532 797/823/1533
f 797/823/1533 811/837/1532 812/838/1534 798/824/1535
f 798/824/1535 812/838/1534 813/839/1536 799/825/1537
f 799/825/1537 813/839/1536 814/840/1538 800/826/1539
f 800/826/1539 814/840/1538 815/841/1540 801/827/1541
f 801/827/1541 815/841/1540 816/842/1542 802/828/1543
f 802/828/1543 816/842/1542 817/843/1544 803/829/1545
f 803/829/1545 817/843/1544 818/844/1546 804/830/1547
f 804/830/1547 818/844/1546 819/845/1548 805/831/1549
f 805/831/1549 819/845/1548 735/662/1550
s 87
f 160/196/1551 141/172/1552 820/846/1553 806/832/1554
f 806/832/1554 820/846/1553 821/847/1555 807/833/1556
f 807/833/1556 821/847/1555 822/848/1557 808/834/1558
f 808/834/1558 822/848/1557 823/849/1559 809/835/1560
f 809/835/1560 823/849/1559 824/850/1561 810/836/1562
f 810/836/1562 824/850/1561 825/851/1563 811/837/1564
f 811/837/1564 825/851/1563 826/852/1565 812/838/1566
f 812/838/1566 826/852/1565 827/853/1567 813/839/1568
f 813/839/1568 827/853/1567 828/854/1569 814/840/1570
f 814/840/1570 828/854/1569 829/855/1571 815/841/1572
f 815/841/1572 829/855/1571 830/856/1573 816/842/1574
f 816/842/1574 830/856/1573 831/857/1575 817/843/1576
f 817/843/1576 831/857/1575 832/858/1577 818/844/1578
f 818/844/1578 832/858/1577 833/859/1579 819/845/1580
f 819/845/1580 833/859/1579 735/662/1581
s 88
f 141/172/1582 630/665/1583 778/804/1584 820/846/1585
f 820/846/1585 778/804/1584 779/805/1586 821/847/1587
f 821/847/1587 779/805/1586 780/806/1588 822/848/1589
f 822/848/1589 780/806/1588 781/807/1590 823/849/1591
f 823/849/1591 781/807/1590 782/808/1592 824/850/1593
f 824/850/1593 782/808/1592 783/809/1594 825/851/1595
f 825/851/1595 783/809/1594 784/810/1596 826/852/1597
f 826/852/1597 784/810/1596 785/811/1598 827/853/1599
f 827/853/1599 785/811/1598 786/812/1600 828/854/1601
f 828/854/1601 786/812/1600 787/813/1602 829/855/1603
f 829/855/1603 787/813/1602 788/814/1604 830/856/1605
f 830/856/1605 788/814/1604 789/815/1606 831/857/1607
f 831/857/1607 789/815/1606 790/816/1608 832/858/1609
f 832/858/1609 790/816/1608 791/817/1610 833/859/1611
f 833/859/1611 791/817/1610 735/662/1612
s 52
f 835/526/836 834/2309/835 842/2305/1613 843/860/1614
s 1
f 836/556/924 835/526/923 843/860/1615 844/861/1616
f 837/557/883 836/556/882 844/861/1617 845/862/1618
s 69
f 838/623/1097 837/557/1096 845/862/1619 846/863/1620
s 1
f 839/602/1050 838/623/1049 846/863/1621 847/864/1622
f 840/2310/1007 839/602/1006 847/864/1623 848/2303/1624
s 52
f 843/860/1614 842/2305/1613 436/2306/838 475/527/837
s 1
f 844/861/1616 843/860/1615 475/527/926 513/559/925
f 845/862/1618 844/861/1617 513/559/885 494/558/884
s 69
f 846/863/1620 845/862/1619 494/558/1099 570/624/1098
s 1
f 847/864/1622 846/863/1621 570/624/1052 551/603/1051
f 848/2303/1624 847/864/1623 551/603/1009 532/2304/1008
s 52
f 850/2214/1625 849/865/1626 439/505/846 478/529/845
s 58
f 851/2215/1627 850/2214/1628 478/529/929 516/563/891
f 852/2212/1629 851/2215/1627 516/563/891 497/562/890
s 69
f 853/866/1630 852/2212/1631 497/562/1105 573/628/1104
s 1
f 854/867/1632 853/866/1633 573/628/1060 554/607/1059
f 855/868/1634 854/867/1635 554/607/1017 535/586/1016
s 62
f 856/2232/1636 855/868/1637 535/586/974 459/2233/973
s 50
f 849/865/1638 856/869/1639 459/506/801 439/505/800
s 52
f 858/2213/844 857/504/843 849/865/1626 850/2214/1625
s 69
f 852/2212/1631 853/866/1630 859/627/1640 2019/2323/1641
s 1
f 860/606/1058 859/627/1057 853/866/1633 854/867/1632
f 861/585/1015 860/606/1014 854/867/1635 855/868/1634
s 62
f 862/2231/972 861/585/971 855/868/1637 856/2232/1636
s 50
f 857/504/799 862/503/798 856/869/1639 849/865/1638
s 1
f 864/870/1642 863/871/1643 886/872/1644 887/873/1645
f 865/874/1646 864/870/1647 887/873/1648 888/875/1649
f 866/876/1650 865/874/1646 888/875/1649 889/877/1651
f 867/878/1652 866/876/1650 889/877/1651 890/879/1653
f 868/880/1654 867/878/1652 890/879/1653 891/881/1655
f 869/2255/1656 868/880/1657 891/881/1658 892/2250/1659
f 871/885/1660 870/2254/1661 894/2249/1662 895/888/1663
f 872/2343/1664 871/885/1660 895/888/1663 896/2340/1665
f 873/891/1666 872/889/1664 896/890/1665 897/892/1667
f 863/871/1668 873/891/1666 897/892/1667 886/872/1669
f 875/298/406 874/48/405 863/871/1643 864/870/1642
f 876/276/348 875/298/377 864/870/1647 865/874/1646
f 877/253/316 876/276/348 865/874/1646 866/876/1650
f 878/228/280 877/253/316 866/876/1650 867/878/1652
f 879/202/281 878/228/280 867/878/1652 868/880/1654
f 880/2253/244 879/202/243 868/880/1657 869/2255/1656
f 883/104/113 882/2252/143 870/2254/1661 871/885/1660
f 884/2342/79 883/104/113 871/885/1660 872/2343/1664
f 885/47/43 884/78/79 872/889/1664 873/891/1666
f 874/48/44 885/47/43 873/891/1666 863/871/1668
f 887/873/1645 886/872/1644 33/49/45 241/299/378
f 888/875/1649 887/873/1648 241/299/378 222/277/349
f 889/877/1651 888/875/1649 222/277/349 204/254/317
f 890/879/1653 889/877/1651 204/254/317 185/229/282
f 891/881/1655 890/879/1653 185/229/282 166/203/246
f 892/2250/1659 891/881/1658 166/203/246 147/179/245
f 893/2248/1670 892/2250/1671 147/179/211 128/155/178
f 894/2249/1672 893/2248/1670 128/155/178 109/129/177
f 895/888/1663 894/2249/1662 109/129/144 90/105/114
f 896/2340/1665 895/888/1663 90/105/114 71/2341/80
f 897/892/1667 896/890/1665 71/79/80 52/50/46
f 886/872/1669 897/892/1667 52/50/46 33/49/45
f 899/894/1673 898/895/1674 921/896/1675 922/897/1676
f 900/898/1677 899/894/1678 922/897/1679 923/899/1680
f 901/900/1681 900/898/1682 923/899/1683 924/901/1684
f 902/902/1685 901/900/1681 924/901/1684 925/903/1686
f 903/904/1687 902/902/1685 925/903/1686 926/905/1688
f 904/906/1689 903/904/1687 926/905/1688 927/907/1690
f 905/908/1691 904/906/1692 927/907/1693 928/909/1694
f 906/910/1695 905/908/1696 928/909/1697 929/911/1698
f 907/2263/1699 906/910/1700 929/911/1701 930/2258/1702
f 898/895/1703 908/2262/1704 932/2257/1705 921/896/1706
f 910/303/410 909/58/409 898/895/1674 899/894/1673
f 911/281/386 910/303/385 899/894/1678 900/898/1677
f 912/258/321 911/281/355 900/898/1682 901/900/1681
f 913/233/286 912/258/321 901/900/1681 902/902/1685
f 914/207/253 913/233/286 902/902/1685 903/904/1687
f 915/183/254 914/207/253 903/904/1687 904/906/1689
f 916/159/219 915/183/218 904/906/1692 905/908/1691
f 917/133/186 916/159/185 905/908/1696 906/910/1695
f 918/2261/149 917/133/148 906/910/1700 907/2263/1699
f 909/58/54 920/2260/53 908/2262/1704 898/895/1703
f 922/897/1676 921/896/1675 37/59/55 245/304/411
f 923/899/1680 922/897/1679 245/304/388 226/282/387
f 924/901/1684 923/899/1683 226/282/356 208/259/322
f 925/903/1686 924/901/1684 208/259/322 189/234/287
f 926/905/1688 925/903/1686 189/234/287 170/208/256
f 927/907/1690 926/905/1688 170/208/256 151/184/255
f 928/909/1694 927/907/1693 151/184/221 132/160/220
f 929/911/1698 928/909/1697 132/160/188 113/134/187
f 930/2258/1702 929/911/1701 113/134/150 94/110/119
f 931/2367/1707 930/2258/1708 94/110/119 75/2368/86
f 932/2257/1709 931/2256/1707 75/84/86 56/60/56
f 921/896/1706 932/2257/1705 56/60/56 37/59/55
s 89
f 869/882/1710 892/883/1711 948/918/1712 933/919/1713
f 933/919/1713 948/918/1712 949/920/1714 934/921/1715
f 934/921/1715 949/920/1714 950/922/1716 935/923/1717
f 935/923/1717 950/922/1716 951/924/1718 936/925/1719
f 936/925/1719 951/924/1718 952/926/1720 937/927/1721
f 937/927/1721 952/926/1720 953/928/1722 938/929/1723
f 938/929/1723 953/928/1722 954/930/1724 939/931/1725
f 939/931/1725 954/930/1724 955/932/1726 940/933/1727
f 940/933/1727 955/932/1726 956/934/1728 941/935/1729
f 941/935/1729 956/934/1728 957/936/1730 942/937/1731
f 942/937/1731 957/936/1730 958/938/1732 943/939/1733
f 943/939/1733 958/938/1732 959/940/1734 944/941/1735
f 944/941/1735 959/940/1734 960/942/1736 945/943/1737
f 945/943/1737 960/942/1736 961/944/1738 946/945/1739
f 946/945/1739 961/944/1738 947/884/1740
s 90
f 892/883/1741 893/893/1742 962/946/1743 948/918/1744
f 948/918/1744 962/946/1743 963/947/1745 949/920/1746
f 949/920/1746 963/947/1745 964/948/1747 950/922/1748
f 950/922/1748 964/948/1747 965/949/1749 951/924/1750
f 951/924/1750 965/949/1749 966/950/1751 952/926/1752
f 952/926/1752 966/950/1751 967/951/1753 953/928/1754
f 953/928/1754 967/951/1753 968/952/1755 954/930/1756
f 954/930/1756 968/952/1755 969/953/1757 955/932/1758
f 955/932/1758 969/953/1757 970/954/1759 956/934/1760
f 956/934/1760 970/954/1759 971/955/1761 957/936/1762
f 957/936/1762 971/955/1761 972/956/1763 958/938/1764
f 958/938/1764 972/956/1763 973/957/1765 959/940/1766
f 959/940/1766 973/957/1765 974/958/1767 960/942/1768
f 960/942/1768 974/958/1767 975/959/1769 961/944/1770
f 961/944/1770 975/959/1769 947/884/1771
s 91
f 893/893/1772 894/887/1773 990/960/1774 962/946/1775
f 962/946/1775 990/960/1774 991/961/1776 963/947/1777
f 963/947/1777 991/961/1776 992/962/1778 964/948/1779
f 964/948/1779 992/962/1778 993/963/1780 965/949/1781
f 965/949/1781 993/963/1780 994/964/1782 966/950/1783
f 966/950/1783 994/964/1782 995/965/1784 967/951/1785
f 967/951/1785 995/965/1784 996/966/1786 968/952/1787
f 968/952/1787 996/966/1786 997/967/1788 969/953/1789
f 969/953/1789 997/967/1788 998/968/1790 970/954/1791
f 970/954/1791 998/968/1790 999/969/1792 971/955/1793
f 971/955/1793 999/969/1792 1000/970/1794 972/956/1795
f 972/956/1795 1000/970/1794 1001/971/1796 973/957/1797
f 973/957/1797 1001/971/1796 1002/972/1798 974/958/1799
f 974/958/1799 1002/972/1798 1003/973/1800 975/959/1801
f 975/959/1801 1003/973/1800 947/884/1802
s 1
f 894/887/1662 870/886/1661 976/974/1803 990/960/1804
f 990/960/1804 976/974/1803 977/975/1805 991/961/1806
f 991/961/1806 977/975/1805 978/976/1807 992/962/1808
f 992/962/1808 978/976/1807 979/977/1809 993/963/1810
f 993/963/1810 979/977/1809 980/978/1811 994/964/1812
f 994/964/1812 980/978/1811 981/979/1813 995/965/1814
f 995/965/1814 981/979/1813 982/980/1815 996/966/1816
f 996/966/1816 982/980/1815 983/981/1817 997/967/1818
f 997/967/1818 983/981/1817 984/982/1819 998/968/1820
f 998/968/1820 984/982/1819 985/983/1821 999/969/1822
f 999/969/1822 985/983/1821 986/984/1823 1000/970/1824
f 1000/970/1824 986/984/1823 987/985/1825 1001/971/1826
f 1001/971/1826 987/985/1825 988/986/1827 1002/972/1828
f 1002/972/1828 988/986/1827 989/987/1829 1003/973/1830
f 1003/973/1830 989/987/1829 947/884/1831
s 92
f 881/154/1832 880/178/1833 1004/988/1834 1018/2338/1835
f 1018/2338/1835 1004/988/1834 1005/990/1836 1019/2337/1837
f 1019/2337/1837 1005/990/1836 1006/992/1838 1020/2336/1839
f 1020/2336/1839 1006/992/1838 1007/994/1840 1021/2335/1841
f 1021/2335/1841 1007/994/1840 1008/996/1842 1022/2334/1843
f 1022/2334/1843 1008/996/1842 1009/998/1844 1023/2333/1845
f 1023/2333/1845 1009/998/1844 1010/1000/1846 1024/2332/1847
f 1024/2332/1847 1010/1000/1846 1011/1002/1848 1025/2331/1849
f 1025/2331/1849 1011/1002/1848 1012/1004/1850 1026/2330/1851
f 1026/2330/1851 1012/1004/1850 1013/1006/1852 1027/2329/1853
f 1027/2329/1853 1013/1006/1852 1014/1008/1854 1028/2328/1855
f 1028/2328/1855 1014/1008/1854 1015/1010/1856 1029/2327/1857
f 1029/2327/1857 1015/1010/1856 1016/1012/1858 1030/2326/1859
f 1030/2326/1859 1016/1012/1858 1017/1014/1860 1031/2325/1861
f 1031/2325/1861 1017/1014/1860 947/884/1862
s 93
f 880/178/1863 869/882/1864 933/919/1865 1004/988/1866
f 1004/988/1866 933/919/1865 934/921/1867 1005/990/1868
f 1005/990/1868 934/921/1867 935/923/1869 1006/992/1870
f 1006/992/1870 935/923/1869 936/925/1871 1007/994/1872
f 1007/994/1872 936/925/1871 937/927/1873 1008/996/1874
f 1008/996/1874 937/927/1873 938/929/1875 1009/998/1876
f 1009/998/1876 938/929/1875 939/931/1877 1010/1000/1878
f 1010/1000/1878 939/931/1877 940/933/1879 1011/1002/1880
f 1011/1002/1880 940/933/1879 941/935/1881 1012/1004/1882
f 1012/1004/1882 941/935/1881 942/937/1883 1013/1006/1884
f 1013/1006/1884 942/937/1883 943/939/1885 1014/1008/1886
f 1014/1008/1886 943/939/1885 944/941/1887 1015/1010/1888
f 1015/1010/1888 944/941/1887 945/943/1889 1016/1012/1890
f 1016/1012/1890 945/943/1889 946/945/1891 1017/1014/1892
f 1017/1014/1892 946/945/1891 947/884/1893
s 94
f 882/128/1894 881/2339/1895 1018/989/1896 1032/1016/1897
f 1032/1016/1897 1018/989/1896 1019/991/1898 1033/1017/1899
f 1033/1017/1899 1019/991/1898 1020/993/1900 1034/1018/1901
f 1034/1018/1901 1020/993/1900 1021/995/1902 1035/1019/1903
f 1035/1019/1903 1021/995/1902 1022/997/1904 1036/1020/1905
f 1036/1020/1905 1022/997/1904 1023/999/1906 1037/1021/1907
f 1037/1021/1907 1023/999/1906 1024/1001/1908 1038/1022/1909
f 1038/1022/1909 1024/1001/1908 1025/1003/1910 1039/1023/1911
f 1039/1023/1911 1025/1003/1910 1026/1005/1912 1040/1024/1913
f 1040/1024/1913 1026/1005/1912 1027/1007/1914 1041/1025/1915
f 1041/1025/1915 1027/1007/1914 1028/1009/1916 1042/1026/1917
f 1042/1026/1917 1028/1009/1916 1029/1011/1918 1043/1027/1919
f 1043/1027/1919 1029/1011/1918 1030/1013/1920 1044/1028/1921
f 1044/1028/1921 1030/1013/1920 1031/1015/1922 1045/1029/1923
f 1045/1029/1923 1031/1015/1922 947/884/1924
s 95
f 870/886/1925 882/128/1926 1032/1016/1927 976/974/1928
f 976/974/1928 1032/1016/1927 1033/1017/1929 977/975/1930
f 977/975/1930 1033/1017/1929 1034/1018/1931 978/976/1932
f 978/976/1932 1034/1018/1931 1035/1019/1933 979/977/1934
f 979/977/1934 1035/1019/1933 1036/1020/1935 980/978/1936
f 980/978/1936 1036/1020/1935 1037/1021/1937 981/979/1938
f 981/979/1938 1037/1021/1937 1038/1022/1939 982/980/1940
f 982/980/1940 1038/1022/1939 1039/1023/1941 983/981/1942
f 983/981/1942 1039/1023/1941 1040/1024/1943 984/982/1944
f 984/982/1944 1040/1024/1943 1041/1025/1945 985/983/1946
f 985/983/1946 1041/1025/1945 1042/1026/1947 986/984/1948
f 986/984/1948 1042/1026/1947 1043/1027/1949 987/985/1950
f 987/985/1950 1043/1027/1949 1044/1028/1951 988/986/1952
f 988/986/1952 1044/1028/1951 1045/1029/1953 989/987/1954
f 989/987/1954 1045/1029/1953 947/884/1955
s 1
f 907/912/1699 930/913/1702 1061/1030/1956 1046/1031/1957
f 1046/1031/1957 1061/1030/1956 1062/1032/1958 1047/1033/1959
f 1047/1033/1959 1062/1032/1958 1063/1034/1960 1048/1035/1961
f 1048/1035/1961 1063/1034/1960 1064/1036/1962 1049/1037/1963
f 1049/1037/1963 1064/1036/1962 1065/1038/1964 1050/1039/1965
f 1050/1039/1965 1065/1038/1964 1066/1040/1966 1051/1041/1967
f 1051/1041/1967 1066/1040/1966 1067/1042/1968 1052/1043/1969
f 1052/1043/1969 1067/1042/1968 1068/1044/1970 1053/1045/1971
f 1053/1045/1971 1068/1044/1970 1069/1046/1972 1054/1047/1973
f 1054/1047/1973 1069/1046/1972 1070/1048/1974 1055/1049/1975
f 1055/1049/1975 1070/1048/1974 1071/1050/1976 1056/1051/1977
f 1056/1051/1977 1071/1050/1976 1072/1052/1978 1057/1053/1979
f 1057/1053/1979 1072/1052/1978 1073/1054/1980 1058/1055/1981
f 1058/1055/1981 1073/1054/1980 1074/1056/1982 1059/1057/1983
f 1059/1057/1983 1074/1056/1982 1060/914/1984
s 96
f 930/913/1985 931/917/1986 1075/1058/1987 1061/1030/1988
f 1061/1030/1988 1075/1058/1987 1076/1059/1989 1062/1032/1990
f 1062/1032/1990 1076/1059/1989 1077/1060/1991 1063/1034/1992
f 1063/1034/1992 1077/1060/1991 1078/1061/1993 1064/1036/1994
f 1064/1036/1994 1078/1061/1993 1079/1062/1995 1065/1038/1996
f 1065/1038/1996 1079/1062/1995 1080/1063/1997 1066/1040/1998
f 1066/1040/1998 1080/1063/1997 1081/1064/1999 1067/1042/2000
f 1067/1042/2000 1081/1064/1999 1082/1065/2001 1068/1044/2002
f 1068/1044/2002 1082/1065/2001 1083/1066/2003 1069/1046/2004
f 1069/1046/2004 1083/1066/2003 1084/1067/2005 1070/1048/2006
f 1070/1048/2006 1084/1067/2005 1085/1068/2007 1071/1050/2008
f 1071/1050/2008 1085/1068/2007 1086/1069/2009 1072/1052/2010
f 1072/1052/2010 1086/1069/2009 1087/1070/2011 1073/1054/2012
f 1073/1054/2012 1087/1070/2011 1088/1071/2013 1074/1056/2014
f 1074/1056/2014 1088/1071/2013 1060/914/2015
s 97
f 931/917/2016 932/916/2017 1103/1072/2018 1075/1058/2019
f 1075/1058/2019 1103/1072/2018 1104/1073/2020 1076/1059/2021
f 1076/1059/2021 1104/1073/2020 1105/1074/2022 1077/1060/2023
f 1077/1060/2023 1105/1074/2022 1106/1075/2024 1078/1061/2025
f 1078/1061/2025 1106/1075/2024 1107/1076/2026 1079/1062/2027
f 1079/1062/2027 1107/1076/2026 1108/1077/2028 1080/1063/2029
f 1080/1063/2029 1108/1077/2028 1109/1078/2030 1081/1064/2031
f 1081/1064/2031 1109/1078/2030 1110/1079/2032 1082/1065/2033
f 1082/1065/2033 1110/1079/2032 1111/1080/2034 1083/1066/2035
f 1083/1066/2035 1111/1080/2034 1112/1081/2036 1084/1067/2037
f 1084/1067/2037 1112/1081/2036 1113/1082/2038 1085/1068/2039
f 1085/1068/2039 1113/1082/2038 1114/1083/2040 1086/1069/2041
f 1086/1069/2041 1114/1083/2040 1115/1084/2042 1087/1070/2043
f 1087/1070/2043 1115/1084/2042 1116/1085/2044 1088/1071/2045
f 1088/1071/2045 1116/1085/2044 1060/914/2046
s 98
f 932/916/2047 908/915/2048 1089/1086/2049 1103/1072/2050
f 1103/1072/2050 1089/1086/2049 1090/1087/2051 1104/1073/2052
f 1104/1073/2052 1090/1087/2051 1091/1088/2053 1105/1074/2054
f 1105/1074/2054 1091/1088/2053 1092/1089/2055 1106/1075/2056
f 1106/1075/2056 1092/1089/2055 1093/1090/2057 1107/1076/2058
f 1107/1076/2058 1093/1090/2057 1094/1091/2059 1108/1077/2060
f 1108/1077/2060 1094/1091/2059 1095/1092/2061 1109/1078/2062
f 1109/1078/2062 1095/1092/2061 1096/1093/2063 1110/1079/2064
f 1110/1079/2064 1096/1093/2063 1097/1094/2065 1111/1080/2066
f 1111/1080/2066 1097/1094/2065 1098/1095/2067 1112/1081/2068
f 1112/1081/2068 1098/1095/2067 1099/1096/2069 1113/1082/2070
f 1113/1082/2070 1099/1096/2069 1100/1097/2071 1114/1083/2072
f 1114/1083/2072 1100/1097/2071 1101/1098/2073 1115/1084/2074
f 1115/1084/2074 1101/1098/2073 1102/1099/2075 1116/1085/2076
f 1116/1085/2076 1102/1099/2075 1060/914/2077
s 99
f 919/83/2078 918/109/2079 1117/1100/2080 1131/2388/2081
f 1131/2388/2081 1117/1100/2080 1118/1102/2082 1132/2387/2083
f 1132/2387/2083 1118/1102/2082 1119/1104/2084 1133/2390/2085
f 1133/2390/2085 1119/1104/2084 1120/1106/2086 1134/2391/2087
f 1134/2391/2087 1120/1106/2086 1121/1108/2088 1135/2386/2089
f 1135/2386/2089 1121/1108/2088 1122/1110/2090 1136/2385/2091
f 1136/2385/2091 1122/1110/2090 1123/1112/2092 1137/2384/2093
f 1137/2384/2093 1123/1112/2092 1124/1114/2094 1138/2383/2095
f 1138/2383/2095 1124/1114/2094 1125/1116/2096 1139/2382/2097
f 1139/2382/2097 1125/1116/2096 1126/1118/2098 1140/2381/2099
f 1140/2381/2099 1126/1118/2098 1127/1120/2100 1141/2380/2101
f 1141/2380/2101 1127/1120/2100 1128/1122/2102 1142/2379/2103
f 1142/2379/2103 1128/1122/2102 1129/1124/2104 1143/2378/2105
f 1143/2378/2105 1129/1124/2104 1130/1126/2106 1144/2377/2107
f 1144/2377/2107 1130/1126/2106 1060/914/2108
s 1
f 918/109/149 907/912/1699 1046/1031/2109 1117/1100/2110
f 1117/1100/2110 1046/1031/2109 1047/1033/2111 1118/1102/2112
f 1118/1102/2112 1047/1033/2111 1048/1035/2113 1119/1104/2114
f 1119/1104/2114 1048/1035/2113 1049/1037/2115 1120/1106/2116
f 1120/1106/2116 1049/1037/2115 1050/1039/2117 1121/1108/2118
f 1121/1108/2118 1050/1039/2117 1051/1041/2119 1122/1110/2120
f 1122/1110/2120 1051/1041/2119 1052/1043/2121 1123/1112/2122
f 1123/1112/2122 1052/1043/2121 1053/1045/2123 1124/1114/2124
f 1124/1114/2124 1053/1045/2123 1054/1047/2125 1125/1116/2126
f 1125/1116/2126 1054/1047/2125 1055/1049/2127 1126/1118/2128
f 1126/1118/2128 1055/1049/2127 1056/1051/2129 1127/1120/2130
f 1127/1120/2130 1056/1051/2129 1057/1053/2131 1128/1122/2132
f 1128/1122/2132 1057/1053/2131 1058/1055/2133 1129/1124/2134
f 1129/1124/2134 1058/1055/2133 1059/1057/2135 1130/1126/2136
f 1130/1126/2136 1059/1057/2135 1060/914/2137
s 100
f 920/57/2138 919/2389/2139 1131/1101/2140 1145/1128/2141
f 1145/1128/2141 1131/1101/2140 1132/1103/2142 1146/1129/2143
f 1146/1129/2143 1132/1103/2142 1133/1105/2144 1147/1130/2145
f 1147/1130/2145 1133/1105/2144 1134/1107/2146 1148/1131/2147
f 1148/1131/2147 1134/1107/2146 1135/1109/2148 1149/1132/2149
f 1149/1132/2149 1135/1109/2148 1136/1111/2150 1150/1133/2151
f 1150/1133/2151 1136/1111/2150 1137/1113/2152 1151/1134/2153
f 1151/1134/2153 1137/1113/2152 1138/1115/2154 1152/1135/2155
f 1152/1135/2155 1138/1115/2154 1139/1117/2156 1153/1136/2157
f 1153/1136/2157 1139/1117/2156 1140/1119/2158 1154/1137/2159
f 1154/1137/2159 1140/1119/2158 1141/1121/2160 1155/1138/2161
f 1155/1138/2161 1141/1121/2160 1142/1123/2162 1156/1139/2163
f 1156/1139/2163 1142/1123/2162 1143/1125/2164 1157/1140/2165
f 1157/1140/2165 1143/1125/2164 1144/1127/2166 1158/1141/2167
f 1158/1141/2167 1144/1127/2166 1060/914/2168
s 101
f 908/915/2169 920/57/2170 1145/1128/2171 1089/1086/2172
f 1089/1086/2172 1145/1128/2171 1146/1129/2173 1090/1087/2174
f 1090/1087/2174 1146/1129/2173 1147/1130/2175 1091/1088/2176
f 1091/1088/2176 1147/1130/2175 1148/1131/2177 1092/1089/2178
f 1092/1089/2178 1148/1131/2177 1149/1132/2179 1093/1090/2180
f 1093/1090/2180 1149/1132/2179 1150/1133/2181 1094/1091/2182
f 1094/1091/2182 1150/1133/2181 1151/1134/2183 1095/1092/2184
f 1095/1092/2184 1151/1134/2183 1152/1135/2185 1096/1093/2186
f 1096/1093/2186 1152/1135/2185 1153/1136/2187 1097/1094/2188
f 1097/1094/2188 1153/1136/2187 1154/1137/2189 1098/1095/2190
f 1098/1095/2190 1154/1137/2189 1155/1138/2191 1099/1096/2192
f 1099/1096/2192 1155/1138/2191 1156/1139/2193 1100/1097/2194
f 1100/1097/2194 1156/1139/2193 1157/1140/2195 1101/1098/2196
f 1101/1098/2196 1157/1140/2195 1158/1141/2197 1102/1099/2198
f 1102/1099/2198 1158/1141/2197 1060/914/2199
s 102
f 11/1980/2200 12/1142/2201 1270/1143/2202 1263/1144/2203
f 1159/1145/2204 1169/1146/2205 1534/1147/2206 1528/1148/2207
f 1160/1149/2208 1170/1150/2209 1527/1151/2210 1520/1152/2211
f 1161/1153/2212 1171/1154/2213 1172/2032/2214 1162/2062/2215
f 1162/1156/2215 1172/2066/2214 1173/2031/2216 1163/1158/2217
f 1163/1158/2217 1173/2031/2216 1174/2030/2218 1164/1160/2219
f 1164/1160/2219 1174/2030/2218 1175/2029/2220 1165/1162/2221
f 1165/1162/2221 1175/2029/2220 1176/2028/2222 1166/1164/2223
f 1166/1164/2223 1176/2028/2222 1177/2027/2224 1167/1166/2225
f 1167/1166/2225 1177/2027/2224 1168/18/2226
s 1
f 20/17/2227 11/1980/2228 1263/1144/2229 1264/1167/2230
f 1178/1168/2231 1159/1145/2232 1528/1148/2233 1529/1169/2234
f 1179/1170/2235 1160/1149/2236 1520/1152/2237 1521/1171/2238
s 106
f 1181/1173/2239 1163/1158/2240 1164/1160/2241 1182/1174/2242
f 1182/1174/2242 1164/1160/2241 1165/1162/2243 1183/1175/2244
f 1183/1175/2244 1165/1162/2243 1166/1164/2245 1184/1176/2246
f 1184/1176/2246 1166/1164/2245 1167/1166/2247 1185/1177/2248
f 1185/1177/2248 1167/1166/2247 1168/18/2249
s 107
f 12/2033/2250 1/1/2251 1269/1178/2252 1270/2025/2253
s 108
f 1169/2024/2254 1186/2002/2255 1533/1996/2256 1534/2065/2257
s 109
f 1170/2020/2258 1187/1997/2259 1526/1182/2260 1527/2021/2261
f 1171/2022/2262 1188/1183/2263 1189/1184/2264 1172/1155/2265
f 1172/1155/2265 1189/1184/2264 1190/1185/2266 1173/1157/2267
f 1173/1157/2267 1190/1185/2266 1191/1186/2268 1174/1159/2269
f 1174/1159/2269 1191/1186/2268 1192/1187/2270 1175/1161/2271
f 1175/1161/2271 1192/1187/2270 1193/1188/2272 1176/1163/2273
f 1176/1163/2273 1193/1188/2272 1194/1189/2274 1177/1165/2275
f 1177/1165/2275 1194/1189/2274 1168/18/2276
s 1
f 1/1/2277 13/4/2278 1268/1190/2279 1269/1178/2280
s 111
f 1187/1997/2281 1196/1995/2282 1525/1193/2283 1526/1182/2284
f 1188/1183/2285 1197/1194/2286 1198/1195/2287 1189/1184/2288
f 1189/1184/2288 1198/1195/2287 1199/1196/2289 1190/1185/2290
f 1190/1185/2290 1199/1196/2289 1200/1197/2291 1191/1186/2292
f 1191/1186/2292 1200/1197/2291 1201/1198/2293 1192/1187/2294
f 1192/1187/2294 1201/1198/2293 1202/1199/2295 1193/1188/2296
f 1193/1188/2296 1202/1199/2295 1203/1200/2297 1194/1189/2298
f 1194/1189/2298 1203/1200/2297 1168/18/2299
s 112
f 580/633/2300 581/237/2301 1265/1201/2302 1266/1202/2303
f 1204/1203/2304 1213/1204/2305 1530/1205/2306 1531/1206/2307
f 1205/1207/2308 1214/1208/2309 1522/1209/2310 1523/1210/2311
f 1206/1211/2312 1215/1212/2313 1216/1213/2314 1207/1214/2315
f 1207/1214/2315 1216/1213/2314 1217/1215/2316 1208/1216/2317
f 1208/1216/2317 1217/1215/2316 1218/1217/2318 1209/1218/2319
f 1209/1218/2319 1218/1217/2318 1219/1219/2320 1210/1220/2321
f 1210/1220/2321 1219/1219/2320 1220/1221/2322 1211/1222/2323
f 1211/1222/2323 1220/1221/2322 1221/1223/2324 1212/1224/2325
f 1212/1224/2325 1221/1223/2324 1168/18/2326
s 1
f 581/237/291 20/17/15 1264/1167/2327 1265/1201/2328
f 1213/1204/2329 1178/1168/2330 1529/1169/2331 1530/1205/2332
f 1214/1208/2333 1179/1170/2334 1521/1171/2335 1522/1209/2336
s 106
f 1217/1215/2337 1181/1173/2239 1182/1174/2338 1218/1217/2339
f 1218/1217/2339 1182/1174/2338 1183/1175/2340 1219/1219/2341
f 1219/1219/2341 1183/1175/2340 1184/1176/2342 1220/1221/2343
f 1220/1221/2343 1184/1176/2342 1185/1177/2344 1221/1223/2345
f 1221/1223/2345 1185/1177/2344 1168/18/2346
s 1
f 13/4/4 579/308/393 1267/1225/2347 1268/1190/2348
s 111
f 1196/1995/2282 1223/1999/2349 1524/1227/2350 1525/1193/2283
f 1197/1194/2351 1224/1228/2352 1225/1229/2353 1198/1195/2354
f 1198/1195/2354 1225/1229/2353 1226/1230/2355 1199/1196/2356
f 1199/1196/2356 1226/1230/2355 1227/1231/2357 1200/1197/2358
f 1200/1197/2358 1227/1231/2357 1228/1232/2359 1201/1198/2360
f 1201/1198/2360 1228/1232/2359 1229/1233/2361 1202/1199/2362
f 1202/1199/2362 1229/1233/2361 1230/1234/2363 1203/1200/2364
f 1203/1200/2364 1230/1234/2363 1168/18/2365
s 116
f 579/308/2366 580/633/2367 1266/1202/2368 1267/1225/2369
f 1222/2001/2370 1204/1203/2371 1531/1206/2372 1532/1998/2373
f 1223/1999/2374 1205/1207/2375 1523/1210/2376 1524/1227/2377
f 1224/1228/2378 1206/1211/2379 1207/1214/2380 1225/1229/2381
f 1225/1229/2381 1207/1214/2380 1208/1216/2382 1226/1230/2383
f 1226/1230/2383 1208/1216/2382 1209/1218/2384 1227/1231/2385
f 1227/1231/2385 1209/1218/2384 1210/1220/2386 1228/1232/2387
f 1228/1232/2387 1210/1220/2386 1211/1222/2388 1229/1233/2389
f 1229/1233/2389 1211/1222/2388 1212/1224/2390 1230/1234/2391
f 1230/1234/2391 1212/1224/2390 1168/18/2392
s 1
f 2/2/2 3/1237/2393 1232/2009/2394 1231/2010/2395
f 14/3/3 2/2/2 1231/2010/2395 1233/2006/2396
f 3/1237/2393 4/1241/2397 1234/2008/2398 1232/2009/2394
s off
f 4/1241/2399 15/2349/2400 1235/2376/2401 1234/2008/2402
s 1
f 589/637/1123 578/307/1125 1237/2007/2403 1236/2004/2404
f 578/307/392 14/3/3 1233/2006/2405 1237/2007/2406
f 15/2371/2407 588/2350/1124 1238/2003/2408 1235/2005/2409
f 588/2350/1124 589/637/1123 1236/2004/2404 1238/2003/2408
f 7/8/2410 8/1248/2411 1240/2375/2412 1239/2082/2413
f 17/9/2414 7/8/2410 1239/2082/2413 1241/2078/2415
f 8/2374/2416 9/12/2417 1242/2080/2418 1240/2081/2419
f 9/12/2417 18/15/2420 1243/2077/2421 1242/2080/2418
f 584/634/1118 585/137/1120 1245/2079/2422 1244/2076/2423
f 585/137/1120 17/9/2414 1241/2078/2415 1245/2079/2422
f 18/15/2420 583/212/1119 1246/2075/2424 1243/2077/2421
f 583/212/1119 584/634/1118 1244/2076/2423 1246/2075/2424
f 4/2348/2425 5/1257/2426 1248/2073/2427 1247/2074/2428
f 15/1243/2429 4/2348/2425 1247/2074/2428 1249/2070/2430
f 5/1257/2426 6/7/5 1250/2072/2431 1248/2073/2427
f 6/7/5 16/10/8 1251/2069/2432 1250/2072/2431
f 587/635/1121 588/636/1122 1253/2071/2433 1252/2068/2434
f 588/636/2435 15/2372/2429 1249/2373/2430 1253/2071/2436
f 16/10/8 586/138/157 1254/2067/2437 1251/2069/2432
f 586/138/157 587/635/1121 1252/2068/2434 1254/2067/2437
f 1256/1266/2438 1255/1267/2439 1271/1268/2440 1272/1269/2441
f 1257/1270/2442 1256/1266/2443 1272/1269/2444 1273/1271/2445
s 112
f 1258/1272/2446 1257/1270/2447 1273/1271/2448 1274/1273/2449
s 116
f 1259/1274/2450 1258/1272/2451 1274/1273/2452 1275/1275/2453
s 1
f 1260/1276/2454 1259/1274/2455 1275/1275/2456 1276/1277/2457
f 1261/1278/2458 1260/1276/2459 1276/1277/2457 1277/1279/2460
s 107
f 1262/2026/2461 1261/1278/2462 1277/1279/2463 1278/2023/2464
s 102
f 1255/1267/2465 1262/1280/2466 1278/1281/2467 1271/1268/2468
s 1
f 1264/1167/2230 1263/1144/2229 1255/1267/2439 1256/1266/2438
f 1265/1201/2328 1264/1167/2327 1256/1266/2443 1257/1270/2442
s 112
f 1266/1202/2303 1265/1201/2302 1257/1270/2447 1258/1272/2446
s 116
f 1267/1225/2369 1266/1202/2368 1258/1272/2451 1259/1274/2450
s 1
f 1268/1190/2348 1267/1225/2347 1259/1274/2455 1260/1276/2454
f 1269/1178/2280 1268/1190/2279 1260/1276/2459 1261/1278/2458
s 107
f 1270/2025/2253 1269/1178/2252 1261/1278/2462 1262/2026/2461
s 102
f 1263/1144/2203 1270/1143/2202 1262/1280/2466 1255/1267/2465
s 1
f 1272/1269/2441 1271/1268/2440 1159/1145/2232 1178/1168/2231
f 1273/1271/2445 1272/1269/2444 1178/1168/2330 1213/1204/2329
s 112
f 1274/1273/2449 1273/1271/2448 1213/1204/2305 1204/1203/2304
s 116
f 1275/1275/2453 1274/1273/2452 1204/1203/2371 1222/2001/2370
s 1
f 1276/1277/2457 1275/1275/2456 1222/2001/2469 1195/2000/2470
f 1277/1279/2460 1276/1277/2457 1195/2000/2470 1186/2002/2471
s 107
f 1278/2023/2464 1277/1279/2463 1186/2002/2472 1169/2024/2473
s 102
f 1271/1268/2468 1278/1281/2467 1169/1146/2205 1159/1145/2204
s 122
f 1231/1239/2474 1232/2114/2475 1294/2113/2476 1279/1284/2477
f 1279/1284/2477 1294/2113/2476 1295/2112/2478 1280/1286/2479
f 1280/1286/2479 1295/2112/2478 1296/2111/2480 1281/1288/2481
f 1281/1288/2481 1296/2111/2480 1519/1289/2482 1512/1290/2483
f 1282/1291/2484 1297/1292/2485 1511/1293/2486 1504/1294/2487
f 1283/1295/2488 1298/1296/2489 1299/2110/2490 1284/1298/2491
s 123
f 1284/1298/2492 1299/2110/2493 1300/2109/2494 1285/1300/2495
f 1285/1300/2495 1300/2109/2494 1301/2108/2496 1286/1302/2497
f 1286/1302/2497 1301/2108/2496 1302/2107/2498 1287/1304/2499
f 1287/1304/2499 1302/2107/2498 1303/2106/2500 1288/1306/2501
f 1288/1306/2501 1303/2106/2500 1304/2105/2502 1289/1308/2503
f 1289/1308/2503 1304/2105/2502 1305/2104/2504 1290/1310/2505
f 1290/1310/2505 1305/2104/2504 1306/2103/2506 1291/1312/2507
f 1291/1312/2507 1306/2103/2506 1307/2102/2508 1292/1314/2509
f 1292/1314/2509 1307/2102/2508 1293/5/2510
s 124
f 1233/1240/2511 1231/1239/2512 1279/1284/2513 1308/1315/2514
f 1308/1315/2514 1279/1284/2513 1280/1286/2515 1309/1316/2516
s off
f 1309/1316/2517 1280/1286/2518 1281/1288/2519 1310/1317/2520
s 125
f 1310/1317/2521 1281/1288/2522 1512/1290/2523 1513/1318/2524
f 1311/1319/2525 1282/1291/2526 1504/1294/2527 1505/1320/2528
s off
f 1312/1321/2529 1283/1295/2530 1284/1298/2531 1313/1322/2532
s 126
f 1313/1322/2533 1284/1298/2534 1285/1300/2535 1314/1323/2536
f 1314/1323/2536 1285/1300/2535 1286/1302/2537 1315/1324/2538
f 1315/1324/2538 1286/1302/2537 1287/1304/2539 1316/1325/2540
s off
f 1316/1325/2541 1287/1304/2542 1288/1306/2543 1317/1326/2544
s 127
f 1317/1326/2545 1288/1306/2546 1289/1308/2547 1318/1327/2548
f 1318/1327/2548 1289/1308/2547 1290/1310/2549 1319/1328/2550
f 1319/1328/2550 1290/1310/2549 1291/1312/2551 1320/1329/2552
f 1320/1329/2552 1291/1312/2551 1292/1314/2553 1321/1330/2554
f 1321/1330/2554 1292/1314/2553 1293/5/2555
s 128
f 1232/1238/2556 1234/1242/2557 1322/1331/2558 1294/1283/2559
f 1294/1283/2559 1322/1331/2558 1323/1332/2560 1295/1285/2561
f 1295/1285/2561 1323/1332/2560 1324/1333/2562 1296/1287/2563
f 1296/1287/2563 1324/1333/2562 1518/2012/2564 1519/2098/2565
f 1297/2099/2566 1325/2161/2567 1510/2017/2568 1511/2100/2569
f 1298/2101/2570 1326/1337/2571 1327/1338/2572 1299/1297/2573
f 1299/1297/2573 1327/1338/2572 1328/1339/2574 1300/1299/2575
f 1300/1299/2575 1328/1339/2574 1329/1340/2576 1301/1301/2577
f 1301/1301/2577 1329/1340/2576 1330/1341/2578 1302/1303/2579
f 1302/1303/2579 1330/1341/2578 1331/1342/2580 1303/1305/2581
f 1303/1305/2581 1331/1342/2580 1332/1343/2582 1304/1307/2583
f 1304/1307/2583 1332/1343/2582 1333/1344/2584 1305/1309/2585
f 1305/1309/2585 1333/1344/2584 1334/1345/2586 1306/1311/2587
f 1306/1311/2587 1334/1345/2586 1335/1346/2588 1307/1313/2589
f 1307/1313/2589 1335/1346/2588 1293/5/2590
s 129
f 1234/1242/2591 1235/1244/2592 1336/1347/2593 1322/1331/2594
f 1322/1331/2594 1336/1347/2593 1337/1348/2595 1323/1332/2596
f 1323/1332/2596 1337/1348/2595 1338/1349/2597 1324/1333/2598
f 1324/1333/2598 1338/1349/2597 1517/2011/2599 1518/2012/2600
s 130
f 1326/1337/2601 1339/1352/2602 1340/1353/2603 1327/1338/2604
f 1327/1338/2604 1340/1353/2603 1341/1354/2605 1328/1339/2606
f 1328/1339/2606 1341/1354/2605 1342/1355/2607 1329/1340/2608
f 1329/1340/2608 1342/1355/2607 1343/1356/2609 1330/1341/2610
f 1330/1341/2610 1343/1356/2609 1344/1357/2611 1331/1342/2612
f 1331/1342/2612 1344/1357/2611 1345/1358/2613 1332/1343/2614
f 1332/1343/2614 1345/1358/2613 1346/1359/2615 1333/1344/2616
f 1333/1344/2616 1346/1359/2615 1347/1360/2617 1334/1345/2618
f 1334/1345/2618 1347/1360/2617 1348/1361/2619 1335/1346/2620
f 1335/1346/2620 1348/1361/2619 1293/5/2621
s 131
f 1236/1246/2622 1237/1245/2623 1363/1362/2624 1349/1363/2625
f 1349/1363/2625 1363/1362/2624 1364/1364/2626 1350/1365/2627
f 1350/1365/2627 1364/1364/2626 1365/1366/2628 1351/1367/2629
f 1351/1367/2629 1365/1366/2628 1514/1368/2630 1515/1369/2631
f 1352/1370/2632 1366/1371/2633 1506/1372/2634 1507/1373/2635
f 1353/1374/2636 1367/1375/2637 1368/1376/2638 1354/1377/2639
f 1354/1377/2639 1368/1376/2638 1369/1378/2640 1355/1379/2641
f 1355/1379/2641 1369/1378/2640 1370/1380/2642 1356/1381/2643
f 1356/1381/2643 1370/1380/2642 1371/1382/2644 1357/1383/2645
f 1357/1383/2645 1371/1382/2644 1372/1384/2646 1358/1385/2647
f 1358/1385/2647 1372/1384/2646 1373/1386/2648 1359/1387/2649
f 1359/1387/2649 1373/1386/2648 1374/1388/2650 1360/1389/2651
f 1360/1389/2651 1374/1388/2650 1375/1390/2652 1361/1391/2653
f 1361/1391/2653 1375/1390/2652 1376/1392/2654 1362/1393/2655
f 1362/1393/2655 1376/1392/2654 1293/5/2656
s 1
f 1237/1245/2406 1233/1240/2405 1308/1315/2657 1363/1362/2658
f 1363/1362/2658 1308/1315/2657 1309/1316/2659 1364/1364/2660
s 132
f 1364/1364/2661 1309/1316/2662 1310/1317/2663 1365/1366/2664
f 1365/1366/2664 1310/1317/2663 1513/1318/2665 1514/1368/2666
f 1366/1371/2667 1311/1319/2668 1505/1320/2669 1506/1372/2670
f 1367/1375/2671 1312/1321/2672 1313/1322/2673 1368/1376/2674
f 1368/1376/2674 1313/1322/2673 1314/1323/2675 1369/1378/2676
f 1369/1378/2676 1314/1323/2675 1315/1324/2677 1370/1380/2678
f 1370/1380/2678 1315/1324/2677 1316/1325/2679 1371/1382/2680
f 1371/1382/2680 1316/1325/2679 1317/1326/2681 1372/1384/2682
f 1372/1384/2682 1317/1326/2681 1318/1327/2683 1373/1386/2684
f 1373/1386/2684 1318/1327/2683 1319/1328/2685 1374/1388/2686
f 1374/1388/2686 1319/1328/2685 1320/1329/2687 1375/1390/2688
f 1375/1390/2688 1320/1329/2687 1321/1330/2689 1376/1392/2690
f 1376/1392/2690 1321/1330/2689 1293/5/2691
s 133
f 1235/1244/2692 1238/1247/2693 1377/1394/2694 1336/1347/2695
f 1336/1347/2695 1377/1394/2694 1378/1395/2696 1337/1348/2697
f 1337/1348/2697 1378/1395/2696 1379/1396/2698 1338/1349/2699
s 129
f 1338/1349/2597 1379/1396/2700 1516/2013/2701 1517/2011/2599
s off
f 1339/1352/2702 1381/1398/2703 1382/1399/2704 1340/1353/2705
s 134
f 1340/1353/2706 1382/1399/2707 1383/1400/2708 1341/1354/2709
f 1341/1354/2709 1383/1400/2708 1384/1401/2710 1342/1355/2711
f 1342/1355/2711 1384/1401/2710 1385/1402/2712 1343/1356/2713
s off
f 1343/1356/2714 1385/1402/2715 1386/1403/2716 1344/1357/2717
s 135
f 1344/1357/2718 1386/1403/2719 1387/1404/2720 1345/1358/2721
f 1345/1358/2721 1387/1404/2720 1388/1405/2722 1346/1359/2723
f 1346/1359/2723 1388/1405/2722 1389/1406/2724 1347/1360/2725
f 1347/1360/2725 1389/1406/2724 1390/1407/2726 1348/1361/2727
f 1348/1361/2727 1390/1407/2726 1293/5/2728
s 136
f 1238/1247/2729 1236/1246/2730 1349/1363/2731 1377/1394/2732
f 1377/1394/2732 1349/1363/2731 1350/1365/2733 1378/1395/2734
f 1378/1395/2734 1350/1365/2733 1351/1367/2735 1379/1396/2736
f 1379/1396/2736 1351/1367/2735 1515/1369/2737 1516/2013/2738
f 1380/2015/2739 1352/1370/2740 1507/1373/2741 1508/2018/2742
f 1381/1398/2743 1353/1374/2744 1354/1377/2745 1382/1399/2746
s 137
f 1382/1399/2747 1354/1377/2748 1355/1379/2749 1383/1400/2750
f 1383/1400/2750 1355/1379/2749 1356/1381/2751 1384/1401/2752
f 1384/1401/2752 1356/1381/2751 1357/1383/2753 1385/1402/2754
f 1385/1402/2754 1357/1383/2753 1358/1385/2755 1386/1403/2756
f 1386/1403/2756 1358/1385/2755 1359/1387/2757 1387/1404/2758
f 1387/1404/2758 1359/1387/2757 1360/1389/2759 1388/1405/2760
f 1388/1405/2760 1360/1389/2759 1361/1391/2761 1389/1406/2762
f 1389/1406/2762 1361/1391/2761 1362/1393/2763 1390/1407/2764
f 1390/1407/2764 1362/1393/2763 1293/5/2765
s 138
f 1247/1259/2766 1248/2090/2767 1406/2089/2768 1391/1411/2769
f 1391/1411/2769 1406/2089/2768 1407/2088/2770 1392/1413/2771
f 1392/1413/2771 1407/2088/2770 1408/2087/2772 1393/1415/2773
f 1393/1415/2773 1408/2087/2772 1409/2086/2774 1394/1417/2775
f 1394/1417/2775 1409/2086/2774 1410/2085/2776 1395/1419/2777
f 1395/1419/2777 1410/2085/2776 1411/2084/2778 1396/1421/2779
f 1396/1421/2779 1411/2084/2778 1412/2083/2780 1397/1423/2781
f 1397/1423/2781 1412/2083/2780 1413/2091/2782 1398/1425/2783
f 1398/1425/2783 1413/2091/2782 1414/2097/2784 1399/1427/2785
f 1399/1427/2785 1414/2097/2784 1415/2096/2786 1400/1429/2787
f 1400/1429/2787 1415/2096/2786 1416/2095/2788 1401/1431/2789
f 1401/1431/2789 1416/2095/2788 1417/2094/2790 1402/1433/2791
f 1402/1433/2791 1417/2094/2790 1418/2093/2792 1403/1435/2793
f 1403/1435/2793 1418/2093/2792 1419/2092/2794 1404/1437/2795
f 1404/1437/2795 1419/2092/2794 1405/6/2796
s 139
f 1249/1260/2797 1247/1259/2798 1391/1411/2799 1420/1438/2800
f 1420/1438/2800 1391/1411/2799 1392/1413/2801 1421/1439/2802
f 1421/1439/2802 1392/1413/2801 1393/1415/2803 1422/1440/2804
f 1422/1440/2804 1393/1415/2803 1394/1417/2805 1423/1441/2806
f 1423/1441/2806 1394/1417/2805 1395/1419/2807 1424/1442/2808
f 1424/1442/2808 1395/1419/2807 1396/1421/2809 1425/1443/2810
f 1425/1443/2810 1396/1421/2809 1397/1423/2811 1426/1444/2812
f 1426/1444/2812 1397/1423/2811 1398/1425/2813 1427/1445/2814
f 1427/1445/2814 1398/1425/2813 1399/1427/2815 1428/1446/2816
f 1428/1446/2816 1399/1427/2815 1400/1429/2817 1429/1447/2818
f 1429/1447/2818 1400/1429/2817 1401/1431/2819 1430/1448/2820
s 140
f 1430/1448/2821 1401/1431/2822 1402/1433/2823 1431/1449/2824
f 1431/1449/2824 1402/1433/2823 1403/1435/2825 1432/1450/2826
f 1432/1450/2826 1403/1435/2825 1404/1437/2827 1433/1451/2828
f 1433/1451/2828 1404/1437/2827 1405/6/2829
s 141
f 1248/1258/2830 1250/1261/2831 1434/1452/2832 1406/1410/2833
f 1406/1410/2833 1434/1452/2832 1435/1453/2834 1407/1412/2835
f 1407/1412/2835 1435/1453/2834 1436/1454/2836 1408/1414/2837
f 1408/1414/2837 1436/1454/2836 1437/1455/2838 1409/1416/2839
f 1409/1416/2839 1437/1455/2838 1438/1456/2840 1410/1418/2841
f 1410/1418/2841 1438/1456/2840 1439/1457/2842 1411/1420/2843
f 1411/1420/2843 1439/1457/2842 1440/1458/2844 1412/1422/2845
f 1412/1422/2845 1440/1458/2844 1441/1459/2846 1413/1424/2847
f 1413/1424/2847 1441/1459/2846 1442/1460/2848 1414/1426/2849
f 1414/1426/2849 1442/1460/2848 1443/1461/2850 1415/1428/2851
f 1415/1428/2851 1443/1461/2850 1444/1462/2852 1416/1430/2853
f 1416/1430/2853 1444/1462/2852 1445/1463/2854 1417/1432/2855
f 1417/1432/2855 1445/1463/2854 1446/1464/2856 1418/1434/2857
f 1418/1434/2857 1446/1464/2856 1447/1465/2858 1419/1436/2859
f 1419/1436/2859 1447/1465/2858 1405/6/2860
s 142
f 1250/1261/2861 1251/1262/2862 1448/1466/2863 1434/1452/2864
f 1434/1452/2864 1448/1466/2863 1449/1467/2865 1435/1453/2866
f 1435/1453/2866 1449/1467/2865 1450/1468/2867 1436/1454/2868
f 1436/1454/2868 1450/1468/2867 1451/1469/2869 1437/1455/2870
f 1437/1455/2870 1451/1469/2869 1452/1470/2871 1438/1456/2872
f 1438/1456/2872 1452/1470/2871 1453/1471/2873 1439/1457/2874
f 1439/1457/2874 1453/1471/2873 1454/1472/2875 1440/1458/2876
f 1440/1458/2876 1454/1472/2875 1455/1473/2877 1441/1459/2878
f 1441/1459/2878 1455/1473/2877 1456/1474/2879 1442/1460/2880
f 1442/1460/2880 1456/1474/2879 1457/1475/2881 1443/1461/2882
f 1443/1461/2882 1457/1475/2881 1458/1476/2883 1444/1462/2884
s 143
f 1444/1462/2885 1458/1476/2886 1459/1477/2887 1445/1463/2888
f 1445/1463/2888 1459/1477/2887 1460/1478/2889 1446/1464/2890
f 1446/1464/2890 1460/1478/2889 1461/1479/2891 1447/1465/2892
f 1447/1465/2892 1461/1479/2891 1405/6/2893
s 144
f 1252/1264/2894 1253/1263/2895 1476/1480/2896 1462/1481/2897
f 1462/1481/2897 1476/1480/2896 1477/1482/2898 1463/1483/2899
f 1463/1483/2899 1477/1482/2898 1478/1484/2900 1464/1485/2901
f 1464/1485/2901 1478/1484/2900 1479/1486/2902 1465/1487/2903
f 1465/1487/2903 1479/1486/2902 1480/1488/2904 1466/1489/2905
f 1466/1489/2905 1480/1488/2904 1481/1490/2906 1467/1491/2907
f 1467/1491/2907 1481/1490/2906 1482/1492/2908 1468/1493/2909
f 1468/1493/2909 1482/1492/2908 1483/1494/2910 1469/1495/2911
f 1469/1495/2911 1483/1494/2910 1484/1496/2912 1470/1497/2913
f 1470/1497/2913 1484/1496/2912 1485/1498/2914 1471/1499/2915
f 1471/1499/2915 1485/1498/2914 1486/1500/2916 1472/1501/2917
f 1472/1501/2917 1486/1500/2916 1487/1502/2918 1473/1503/2919
f 1473/1503/2919 1487/1502/2918 1488/1504/2920 1474/1505/2921
f 1474/1505/2921 1488/1504/2920 1489/1506/2922 1475/1507/2923
f 1475/1507/2923 1489/1506/2922 1405/6/2924
s 145
f 1253/1263/2925 1249/1260/2926 1420/1438/2927 1476/1480/2928
f 1476/1480/2928 1420/1438/2927 1421/1439/2929 1477/1482/2930
f 1477/1482/2930 1421/1439/2929 1422/1440/2931 1478/1484/2932
f 1478/1484/2932 1422/1440/2931 1423/1441/2933 1479/1486/2934
f 1479/1486/2934 1423/1441/2933 1424/1442/2935 1480/1488/2936
f 1480/1488/2936 1424/1442/2935 1425/1443/2937 1481/1490/2938
f 1481/1490/2938 1425/1443/2937 1426/1444/2939 1482/1492/2940
f 1482/1492/2940 1426/1444/2939 1427/1445/2941 1483/1494/2942
f 1483/1494/2942 1427/1445/2941 1428/1446/2943 1484/1496/2944
f 1484/1496/2944 1428/1446/2943 1429/1447/2945 1485/1498/2946
f 1485/1498/2946 1429/1447/2945 1430/1448/2947 1486/1500/2948
s 146
f 1486/1500/2949 1430/1448/2950 1431/1449/2951 1487/1502/2952
f 1487/1502/2952 1431/1449/2951 1432/1450/2953 1488/1504/2954
f 1488/1504/2954 1432/1450/2953 1433/1451/2955 1489/1506/2956
f 1489/1506/2956 1433/1451/2955 1405/6/2957
s 147
f 1251/1262/2958 1254/1265/2959 1490/1508/2960 1448/1466/2961
f 1448/1466/2961 1490/1508/2960 1491/1509/2962 1449/1467/2963
f 1449/1467/2963 1491/1509/2962 1492/1510/2964 1450/1468/2965
f 1450/1468/2965 1492/1510/2964 1493/1511/2966 1451/1469/2967
f 1451/1469/2967 1493/1511/2966 1494/1512/2968 1452/1470/2969
f 1452/1470/2969 1494/1512/2968 1495/1513/2970 1453/1471/2971
f 1453/1471/2971 1495/1513/2970 1496/1514/2972 1454/1472/2973
f 1454/1472/2973 1496/1514/2972 1497/1515/2974 1455/1473/2975
f 1455/1473/2975 1497/1515/2974 1498/1516/2976 1456/1474/2977
f 1456/1474/2977 1498/1516/2976 1499/1517/2978 1457/1475/2979
f 1457/1475/2979 1499/1517/2978 1500/1518/2980 1458/1476/2981
s off
f 1458/1476/2982 1500/1518/2983 1501/1519/2984 1459/1477/2985
s 148
f 1459/1477/2986 1501/1519/2987 1502/1520/2988 1460/1478/2989
f 1460/1478/2989 1502/1520/2988 1503/1521/2990 1461/1479/2991
f 1461/1479/2991 1503/1521/2990 1405/6/2992
s 149
f 1254/1265/2993 1252/1264/2994 1462/1481/2995 1490/1508/2996
f 1490/1508/2996 1462/1481/2995 1463/1483/2997 1491/1509/2998
f 1491/1509/2998 1463/1483/2997 1464/1485/2999 1492/1510/3000
f 1492/1510/3000 1464/1485/2999 1465/1487/3001 1493/1511/3002
f 1493/1511/3002 1465/1487/3001 1466/1489/3003 1494/1512/3004
f 1494/1512/3004 1466/1489/3003 1467/1491/3005 1495/1513/3006
f 1495/1513/3006 1467/1491/3005 1468/1493/3007 1496/1514/3008
f 1496/1514/3008 1468/1493/3007 1469/1495/3009 1497/1515/3010
f 1497/1515/3010 1469/1495/3009 1470/1497/3011 1498/1516/3012
f 1498/1516/3012 1470/1497/3011 1471/1499/3013 1499/1517/3014
f 1499/1517/3014 1471/1499/3013 1472/1501/3015 1500/1518/3016
f 1500/1518/3016 1472/1501/3015 1473/1503/3017 1501/1519/3018
f 1501/1519/3018 1473/1503/3017 1474/1505/3019 1502/1520/3020
f 1502/1520/3020 1474/1505/3019 1475/1507/3021 1503/1521/3022
f 1503/1521/3022 1475/1507/3021 1405/6/3023
s 125
f 1505/1320/2528 1504/1294/2527 1283/1295/3024 1312/1321/3025
s 132
f 1506/1372/2670 1505/1320/2669 1312/1321/2672 1367/1375/2671
s 131
f 1507/1373/2635 1506/1372/2634 1367/1375/2637 1353/1374/2636
s 136
f 1508/2018/2742 1507/1373/2741 1353/1374/2744 1381/1398/2743
s 130
f 1509/2016/3026 1508/2018/3027 1381/1398/3028 1339/1352/2602
f 1510/2017/3029 1509/2016/3026 1339/1352/2602 1326/1337/2601
s 128
f 1511/2100/2569 1510/2017/2568 1326/1337/2571 1298/2101/2570
s 122
f 1504/1294/2487 1511/1293/2486 1298/1296/2489 1283/1295/2488
s 125
f 1513/1318/2524 1512/1290/2523 1282/1291/2526 1311/1319/2525
s 132
f 1514/1368/2666 1513/1318/2665 1311/1319/2668 1366/1371/2667
s 131
f 1515/1369/2631 1514/1368/2630 1366/1371/2633 1352/1370/2632
s 136
f 1516/2013/2738 1515/1369/2737 1352/1370/2740 1380/2015/2739
s 128
f 1519/2098/2565 1518/2012/2564 1325/2014/2567 1297/2160/2566
s 122
f 1512/1290/2483 1519/1289/2482 1297/1292/2485 1282/1291/2484
s 1
f 1521/1171/2238 1520/1152/2237 1161/1153/3030 1180/1523/3031
f 1522/1209/2336 1521/1171/2335 1180/1523/3031 1215/1212/3032
s 112
f 1523/1210/2311 1522/1209/2310 1215/1212/2313 1206/1211/2312
s 116
f 1524/1227/2377 1523/1210/2376 1206/1211/2379 1224/1228/2378
s 111
f 1525/1193/2283 1524/1227/2350 1224/1228/2352 1197/1194/2351
f 1526/1182/2284 1525/1193/2283 1197/1194/2286 1188/1183/2285
s 109
f 1527/2021/2261 1526/1182/2260 1188/1183/2263 1171/2022/2262
s 102
f 1520/1152/2211 1527/1151/2210 1171/1154/2213 1161/1153/2212
s 1
f 1529/1169/2234 1528/1148/2233 1160/1149/2236 1179/1170/2235
f 1530/1205/2332 1529/1169/2331 1179/1170/2334 1214/1208/2333
s 112
f 1531/1206/2307 1530/1205/2306 1214/1208/2309 1205/1207/2308
s 116
f 1532/1998/2373 1531/1206/2372 1205/1207/2375 1223/1999/2374
s 108
f 1534/2019/2257 1533/2064/2256 1187/1997/3033 1170/2020/3034
s 102
f 1528/1148/2207 1534/1147/2206 1170/1150/2209 1160/1149/2208
s off
f 1186/1179/3035 1195/1282/3036 1550/1524/3037 1535/1525/3038
f 1535/1525/3039 1550/1524/3040 1551/1526/3041 1536/1527/3042
s 150
f 1536/1527/3043 1551/1526/3044 1552/1528/3045 1537/1529/3046
f 1537/1529/3046 1552/1528/3045 1553/1530/3047 1538/1531/3048
s 151
f 1538/1531/3049 1553/1530/3050 1554/1532/3051 1539/1533/3052
f 1539/1533/3052 1554/1532/3051 1555/1534/3053 1540/1535/3054
f 1540/1535/3054 1555/1534/3053 1556/1536/3055 1541/1537/3056
f 1541/1537/3056 1556/1536/3055 1557/1538/3057 1542/1539/3058
f 1542/1539/3058 1557/1538/3057 1558/1540/3059 1543/1541/3060
f 1543/1541/3060 1558/1540/3059 1559/1542/3061 1544/1543/3062
f 1544/1543/3062 1559/1542/3061 1560/1544/3063 1545/1545/3064
f 1545/1545/3064 1560/1544/3063 1561/1546/3065 1546/1547/3066
f 1546/1547/3066 1561/1546/3065 1562/1548/3067 1547/1549/3068
f 1547/1549/3068 1562/1548/3067 1563/1550/3069 1548/1551/3070
f 1548/1551/3070 1563/1550/3069 1549/1191/3071
s 108
f 1533/1180/2256 1186/1179/2255 1535/1525/3072 1564/2143/3073
s off
f 1564/2143/3074 1535/1525/3075 1536/1527/3076 1565/2142/3077
s 152
f 1565/2142/3078 1536/1527/3079 1537/1529/3080 1566/2141/3081
f 1566/2141/3081 1537/1529/3080 1538/1531/3082 1567/2140/3083
f 1567/2140/3083 1538/1531/3082 1539/1533/3084 1568/2139/3085
f 1568/2139/3085 1539/1533/3084 1540/1535/3086 1569/2138/3087
f 1569/2138/3087 1540/1535/3086 1541/1537/3088 1570/2137/3089
f 1570/2137/3089 1541/1537/3088 1542/1539/3090 1571/2136/3091
f 1571/2136/3091 1542/1539/3090 1543/1541/3092 1572/2135/3093
f 1572/2135/3093 1543/1541/3092 1544/1543/3094 1573/2134/3095
f 1573/2134/3095 1544/1543/3094 1545/1545/3096 1574/2133/3097
f 1574/2133/3097 1545/1545/3096 1546/1547/3098 1575/2132/3099
f 1575/2132/3099 1546/1547/3098 1547/1549/3100 1576/2131/3101
f 1576/2131/3101 1547/1549/3100 1548/1551/3102 1577/2130/3103
f 1577/2130/3103 1548/1551/3102 1549/1191/3104
s 153
f 1195/1282/3105 1222/1235/3106 1578/1566/3107 1550/1524/3108
f 1550/1524/3108 1578/1566/3107 1579/1567/3109 1551/1526/3110
f 1551/1526/3110 1579/1567/3109 1580/1568/3111 1552/1528/3112
f 1552/1528/3112 1580/1568/3111 1581/1569/3113 1553/1530/3114
f 1553/1530/3114 1581/1569/3113 1582/1570/3115 1554/1532/3116
f 1554/1532/3116 1582/1570/3115 1583/1571/3117 1555/1534/3118
f 1555/1534/3118 1583/1571/3117 1584/1572/3119 1556/1536/3120
f 1556/1536/3120 1584/1572/3119 1585/1573/3121 1557/1538/3122
f 1557/1538/3122 1585/1573/3121 1586/1574/3123 1558/1540/3124
f 1558/1540/3124 1586/1574/3123 1587/1575/3125 1559/1542/3126
f 1559/1542/3126 1587/1575/3125 1588/1576/3127 1560/1544/3128
f 1560/1544/3128 1588/1576/3127 1589/1577/3129 1561/1546/3130
f 1561/1546/3130 1589/1577/3129 1590/1578/3131 1562/1548/3132
f 1562/1548/3132 1590/1578/3131 1591/1579/3133 1563/1550/3134
f 1563/1550/3134 1591/1579/3133 1549/1191/3135
s 154
f 1222/1235/3136 1532/1236/3137 1592/1580/3138 1578/1566/3139
f 1578/1566/3139 1592/1580/3138 1593/1581/3140 1579/1567/3141
f 1579/1567/3141 1593/1581/3140 1594/1582/3142 1580/1568/3143
f 1580/1568/3143 1594/1582/3142 1595/1583/3144 1581/1569/3145
f 1581/1569/3145 1595/1583/3144 1596/1584/3146 1582/1570/3147
f 1582/1570/3147 1596/1584/3146 1597/1585/3148 1583/1571/3149
f 1583/1571/3149 1597/1585/3148 1598/1586/3150 1584/1572/3151
f 1584/1572/3151 1598/1586/3150 1599/1587/3152 1585/1573/3153
f 1585/1573/3153 1599/1587/3152 1600/1588/3154 1586/1574/3155
f 1586/1574/3155 1600/1588/3154 1601/1589/3156 1587/1575/3157
f 1587/1575/3157 1601/1589/3156 1602/1590/3158 1588/1576/3159
f 1588/1576/3159 1602/1590/3158 1603/1591/3160 1589/1577/3161
f 1589/1577/3161 1603/1591/3160 1604/1592/3162 1590/1578/3163
f 1590/1578/3163 1604/1592/3162 1605/1593/3164 1591/1579/3165
f 1591/1579/3165 1605/1593/3164 1549/1191/3166
s 155
f 1532/1236/3167 1223/1226/3168 1606/1594/3169 1592/1580/3170
f 1592/1580/3170 1606/1594/3169 1607/1595/3171 1593/1581/3172
f 1593/1581/3172 1607/1595/3171 1608/1596/3173 1594/1582/3174
f 1594/1582/3174 1608/1596/3173 1609/1597/3175 1595/1583/3176
f 1595/1583/3176 1609/1597/3175 1610/1598/3177 1596/1584/3178
f 1596/1584/3178 1610/1598/3177 1611/1599/3179 1597/1585/3180
f 1597/1585/3180 1611/1599/3179 1612/1600/3181 1598/1586/3182
f 1598/1586/3182 1612/1600/3181 1613/1601/3183 1599/1587/3184
f 1599/1587/3184 1613/1601/3183 1614/1602/3185 1600/1588/3186
f 1600/1588/3186 1614/1602/3185 1615/1603/3187 1601/1589/3188
f 1601/1589/3188 1615/1603/3187 1616/1604/3189 1602/1590/3190
f 1602/1590/3190 1616/1604/3189 1617/1605/3191 1603/1591/3192
f 1603/1591/3192 1617/1605/3191 1618/1606/3193 1604/1592/3194
f 1604/1592/3194 1618/1606/3193 1619/1607/3195 1605/1593/3196
f 1605/1593/3196 1619/1607/3195 1549/1191/3197
s 156
f 1223/1226/3198 1196/1192/3199 1620/1608/3200 1606/1594/3201
f 1606/1594/3201 1620/1608/3200 1621/1609/3202 1607/1595/3203
f 1607/1595/3203 1621/1609/3202 1622/1610/3204 1608/1596/3205
f 1608/1596/3205 1622/1610/3204 1623/1611/3206 1609/1597/3207
f 1609/1597/3207 1623/1611/3206 1624/1612/3208 1610/1598/3209
f 1610/1598/3209 1624/1612/3208 1625/1613/3210 1611/1599/3211
f 1611/1599/3211 1625/1613/3210 1626/1614/3212 1612/1600/3213
f 1612/1600/3213 1626/1614/3212 1627/1615/3214 1613/1601/3215
f 1613/1601/3215 1627/1615/3214 1628/1616/3216 1614/1602/3217
f 1614/1602/3217 1628/1616/3216 1629/1617/3218 1615/1603/3219
f 1615/1603/3219 1629/1617/3218 1630/1618/3220 1616/1604/3221
f 1616/1604/3221 1630/1618/3220 1631/1619/3222 1617/1605/3223
f 1617/1605/3223 1631/1619/3222 1632/1620/3224 1618/1606/3225
f 1618/1606/3225 1632/1620/3224 1633/1621/3226 1619/1607/3227
f 1619/1607/3227 1633/1621/3226 1549/1191/3228
s 157
f 1196/1192/3229 1187/1181/3230 1634/1622/3231 1620/1608/3232
f 1620/1608/3232 1634/1622/3231 1635/1623/3233 1621/1609/3234
f 1621/1609/3234 1635/1623/3233 1636/1624/3235 1622/1610/3236
f 1622/1610/3236 1636/1624/3235 1637/1625/3237 1623/1611/3238
f 1623/1611/3238 1637/1625/3237 1638/1626/3239 1624/1612/3240
f 1624/1612/3240 1638/1626/3239 1639/1627/3241 1625/1613/3242
f 1625/1613/3242 1639/1627/3241 1640/1628/3243 1626/1614/3244
f 1626/1614/3244 1640/1628/3243 1641/1629/3245 1627/1615/3246
f 1627/1615/3246 1641/1629/3245 1642/1630/3247 1628/1616/3248
f 1628/1616/3248 1642/1630/3247 1643/1631/3249 1629/1617/3250
f 1629/1617/3250 1643/1631/3249 1644/1632/3251 1630/1618/3252
f 1630/1618/3252 1644/1632/3251 1645/1633/3253 1631/1619/3254
f 1631/1619/3254 1645/1633/3253 1646/1634/3255 1632/1620/3256
f 1632/1620/3256 1646/1634/3255 1647/1635/3257 1633/1621/3258
f 1633/1621/3258 1647/1635/3257 1549/1191/3259
s 108
f 1187/1181/3033 1533/2144/2256 1564/1552/3260 1634/1622/3261
f 1634/1622/3261 1564/1552/3260 1565/1553/3262 1635/1623/3263
f 1635/1623/3263 1565/1553/3262 1566/1554/3264 1636/1624/3265
f 1636/1624/3265 1566/1554/3264 1567/1555/3266 1637/1625/3267
f 1637/1625/3267 1567/1555/3266 1568/1556/3268 1638/1626/3269
f 1638/1626/3269 1568/1556/3268 1569/1557/3270 1639/1627/3271
f 1639/1627/3271 1569/1557/3270 1570/1558/3272 1640/1628/3273
f 1640/1628/3273 1570/1558/3272 1571/1559/3274 1641/1629/3275
f 1641/1629/3275 1571/1559/3274 1572/1560/3276 1642/1630/3277
f 1642/1630/3277 1572/1560/3276 1573/1561/3278 1643/1631/3279
f 1643/1631/3279 1573/1561/3278 1574/1562/3280 1644/1632/3281
f 1644/1632/3281 1574/1562/3280 1575/1563/3282 1645/1633/3283
f 1645/1633/3283 1575/1563/3282 1576/1564/3284 1646/1634/3285
f 1646/1634/3285 1576/1564/3284 1577/1565/3286 1647/1635/3287
f 1647/1635/3287 1577/1565/3286 1549/1191/3288
s 158
f 1509/1522/3289 1510/1336/3290 1677/1636/3291 1663/1637/3292
f 1663/1637/3292 1677/1636/3291 1678/1638/3293 1664/1639/3294
f 1664/1639/3294 1678/1638/3293 1679/1640/3295 1665/1641/3296
f 1665/1641/3296 1679/1640/3295 1680/1642/3297 1666/1643/3298
f 1666/1643/3298 1680/1642/3297 1681/1644/3299 1667/1645/3300
f 1667/1645/3300 1681/1644/3299 1682/1646/3301 1668/1647/3302
f 1668/1647/3302 1682/1646/3301 1683/1648/3303 1669/1649/3304
f 1669/1649/3304 1683/1648/3303 1684/1650/3305 1670/1651/3306
f 1670/1651/3306 1684/1650/3305 1685/1652/3307 1671/1653/3308
f 1671/1653/3308 1685/1652/3307 1686/1654/3309 1672/1655/3310
f 1672/1655/3310 1686/1654/3309 1687/1656/3311 1673/1657/3312
f 1673/1657/3312 1687/1656/3311 1688/1658/3313 1674/1659/3314
f 1674/1659/3314 1688/1658/3313 1689/1660/3315 1675/1661/3316
f 1675/1661/3316 1689/1660/3315 1690/1662/3317 1676/1663/3318
f 1676/1663/3318 1690/1662/3317 1662/1351/3319
s 128
f 1510/1336/2568 1325/2159/2567 1648/2158/3320 1677/1636/3321
f 1677/1636/3321 1648/2158/3320 1649/2157/3322 1678/1638/3323
f 1678/1638/3323 1649/2157/3322 1650/2156/3324 1679/1640/3325
f 1679/1640/3325 1650/2156/3324 1651/2155/3326 1680/1642/3327
f 1680/1642/3327 1651/2155/3326 1652/2154/3328 1681/1644/3329
f 1681/1644/3329 1652/2154/3328 1653/2153/3330 1682/1646/3331
f 1682/1646/3331 1653/2153/3330 1654/2152/3332 1683/1648/3333
f 1683/1648/3333 1654/2152/3332 1655/2151/3334 1684/1650/3335
f 1684/1650/3335 1655/2151/3334 1656/2150/3336 1685/1652/3337
f 1685/1652/3337 1656/2150/3336 1657/2149/3338 1686/1654/3339
f 1686/1654/3339 1657/2149/3338 1658/2148/3340 1687/1656/3341
f 1687/1656/3341 1658/2148/3340 1659/2147/3342 1688/1658/3343
f 1688/1658/3343 1659/2147/3342 1660/2146/3344 1689/1660/3345
f 1689/1660/3345 1660/2146/3344 1661/2145/3346 1690/1662/3347
f 1690/1662/3347 1661/2145/3346 1662/1351/3348
s 136
f 1380/1408/2739 1508/1409/2742 1705/1678/3349 1691/1679/3350
f 1691/1679/3350 1705/1678/3349 1706/1680/3351 1692/1681/3352
f 1692/1681/3352 1706/1680/3351 1707/1682/3353 1693/1683/3354
f 1693/1683/3354 1707/1682/3353 1708/1684/3355 1694/1685/3356
f 1694/1685/3356 1708/1684/3355 1709/1686/3357 1695/1687/3358
f 1695/1687/3358 1709/1686/3357 1710/1688/3359 1696/1689/3360
f 1696/1689/3360 1710/1688/3359 1711/1690/3361 1697/1691/3362
f 1697/1691/3362 1711/1690/3361 1712/1692/3363 1698/1693/3364
f 1698/1693/3364 1712/1692/3363 1713/1694/3365 1699/1695/3366
f 1699/1695/3366 1713/1694/3365 1714/1696/3367 1700/1697/3368
f 1700/1697/3368 1714/1696/3367 1715/1698/3369 1701/1699/3370
f 1701/1699/3370 1715/1698/3369 1716/1700/3371 1702/1701/3372
f 1702/1701/3372 1716/1700/3371 1717/1702/3373 1703/1703/3374
f 1703/1703/3374 1717/1702/3373 1718/1704/3375 1704/1705/3376
f 1704/1705/3376 1718/1704/3375 1662/1351/3377
s 159
f 1508/1409/3378 1509/1522/3379 1663/1637/3380 1705/1678/3381
f 1705/1678/3381 1663/1637/3380 1664/1639/3382 1706/1680/3383
f 1706/1680/3383 1664/1639/3382 1665/1641/3384 1707/1682/3385
f 1707/1682/3385 1665/1641/3384 1666/1643/3386 1708/1684/3387
f 1708/1684/3387 1666/1643/3386 1667/1645/3388 1709/1686/3389
f 1709/1686/3389 1667/1645/3388 1668/1647/3390 1710/1688/3391
f 1710/1688/3391 1668/1647/3390 1669/1649/3392 1711/1690/3393
f 1711/1690/3393 1669/1649/3392 1670/1651/3394 1712/1692/3395
f 1712/1692/3395 1670/1651/3394 1671/1653/3396 1713/1694/3397
f 1713/1694/3397 1671/1653/3396 1672/1655/3398 1714/1696/3399
f 1714/1696/3399 1672/1655/3398 1673/1657/3400 1715/1698/3401
f 1715/1698/3401 1673/1657/3400 1674/1659/3402 1716/1700/3403
f 1716/1700/3403 1674/1659/3402 1675/1661/3404 1717/1702/3405
f 1717/1702/3405 1675/1661/3404 1676/1663/3406 1718/1704/3407
f 1718/1704/3407 1676/1663/3406 1662/1351/3408
s 160
f 1517/1350/3409 1516/1397/3410 1719/1706/3411 1733/1707/3412
f 1733/1707/3412 1719/1706/3411 1720/1708/3413 1734/1709/3414
f 1734/1709/3414 1720/1708/3413 1721/1710/3415 1735/1711/3416
f 1735/1711/3416 1721/1710/3415 1722/1712/3417 1736/1713/3418
f 1736/1713/3418 1722/1712/3417 1723/1714/3419 1737/1715/3420
f 1737/1715/3420 1723/1714/3419 1724/1716/3421 1738/1717/3422
f 1738/1717/3422 1724/1716/3421 1725/1718/3423 1739/1719/3424
f 1739/1719/3424 1725/1718/3423 1726/1720/3425 1740/1721/3426
f 1740/1721/3426 1726/1720/3425 1727/1722/3427 1741/1723/3428
f 1741/1723/3428 1727/1722/3427 1728/1724/3429 1742/1725/3430
f 1742/1725/3430 1728/1724/3429 1729/1726/3431 1743/1727/3432
f 1743/1727/3432 1729/1726/3431 1730/1728/3433 1744/1729/3434
f 1744/1729/3434 1730/1728/3433 1731/1730/3435 1745/1731/3436
f 1745/1731/3436 1731/1730/3435 1732/1732/3437 1746/1733/3438
f 1746/1733/3438 1732/1732/3437 1662/1351/3439
s 136
f 1516/1397/2738 1380/1408/2739 1691/1679/3440 1719/1706/3441
f 1719/1706/3441 1691/1679/3440 1692/1681/3442 1720/1708/3443
f 1720/1708/3443 1692/1681/3442 1693/1683/3444 1721/1710/3445
f 1721/1710/3445 1693/1683/3444 1694/1685/3446 1722/1712/3447
f 1722/1712/3447 1694/1685/3446 1695/1687/3448 1723/1714/3449
f 1723/1714/3449 1695/1687/3448 1696/1689/3450 1724/1716/3451
f 1724/1716/3451 1696/1689/3450 1697/1691/3452 1725/1718/3453
f 1725/1718/3453 1697/1691/3452 1698/1693/3454 1726/1720/3455
f 1726/1720/3455 1698/1693/3454 1699/1695/3456 1727/1722/3457
f 1727/1722/3457 1699/1695/3456 1700/1697/3458 1728/1724/3459
f 1728/1724/3459 1700/1697/3458 1701/1699/3460 1729/1726/3461
f 1729/1726/3461 1701/1699/3460 1702/1701/3462 1730/1728/3463
f 1730/1728/3463 1702/1701/3462 1703/1703/3464 1731/1730/3465
f 1731/1730/3465 1703/1703/3464 1704/1705/3466 1732/1732/3467
f 1732/1732/3467 1704/1705/3466 1662/1351/3468
s 161
f 1518/1334/3469 1517/1350/3470 1733/1707/3471 1747/1734/3472
f 1747/1734/3472 1733/1707/3471 1734/1709/3473 1748/1735/3474
f 1748/1735/3474 1734/1709/3473 1735/1711/3475 1749/1736/3476
f 1749/1736/3476 1735/1711/3475 1736/1713/3477 1750/1737/3478
f 1750/1737/3478 1736/1713/3477 1737/1715/3479 1751/1738/3480
f 1751/1738/3480 1737/1715/3479 1738/1717/3481 1752/1739/3482
f 1752/1739/3482 1738/1717/3481 1739/1719/3483 1753/1740/3484
f 1753/1740/3484 1739/1719/3483 1740/1721/3485 1754/1741/3486
f 1754/1741/3486 1740/1721/3485 1741/1723/3487 1755/1742/3488
f 1755/1742/3488 1741/1723/3487 1742/1725/3489 1756/1743/3490
f 1756/1743/3490 1742/1725/3489 1743/1727/3491 1757/1744/3492
f 1757/1744/3492 1743/1727/3491 1744/1729/3493 1758/1745/3494
f 1758/1745/3494 1744/1729/3493 1745/1731/3495 1759/1746/3496
f 1759/1746/3496 1745/1731/3495 1746/1733/3497 1760/1747/3498
f 1760/1747/3498 1746/1733/3497 1662/1351/3499
s 128
f 1325/1335/2567 1518/1334/2564 1747/1734/3500 1648/1664/3501
f 1648/1664/3501 1747/1734/3500 1748/1735/3502 1649/1665/3503
f 1649/1665/3503 1748/1735/3502 1749/1736/3504 1650/1666/3505
f 1650/1666/3505 1749/1736/3504 1750/1737/3506 1651/1667/3507
f 1651/1667/3507 1750/1737/3506 1751/1738/3508 1652/1668/3509
f 1652/1668/3509 1751/1738/3508 1752/1739/3510 1653/1669/3511
f 1653/1669/3511 1752/1739/3510 1753/1740/3512 1654/1670/3513
f 1654/1670/3513 1753/1740/3512 1754/1741/3514 1655/1671/3515
f 1655/1671/3515 1754/1741/3514 1755/1742/3516 1656/1672/3517
f 1656/1672/3517 1755/1742/3516 1756/1743/3518 1657/1673/3519
f 1657/1673/3519 1756/1743/3518 1757/1744/3520 1658/1674/3521
f 1658/1674/3521 1757/1744/3520 1758/1745/3522 1659/1675/3523
f 1659/1675/3523 1758/1745/3522 1759/1746/3524 1660/1676/3525
f 1660/1676/3525 1759/1746/3524 1760/1747/3526 1661/1677/3527
f 1661/1677/3527 1760/1747/3526 1662/1351/3528
s 1
f 1180/1523/3031 1161/1153/3030 1761/1994/3529 1762/1991/3530
s 162
f 1161/1153/3531 1162/2062/3532 1763/2063/3533 1761/1994/3534
s 163
f 1162/1156/3535 1163/1158/3536 1764/1992/3537 1763/1993/3538
s 106
f 1163/1158/2240 1181/1173/2239 1765/1989/3539 1764/1992/3540
s 1
f 1215/1212/3032 1180/1523/3031 1762/1991/3530 1766/1990/3541
s 164
f 1216/1213/3542 1215/1212/3543 1766/1990/3544 1767/1987/3545
s 106
f 1181/1173/2239 1217/1215/2337 1768/1988/3546 1765/1989/3539
s 164
f 1217/1215/3547 1216/1213/3542 1767/1987/3545 1768/1988/3548
s 165
f 1239/1250/3549 1240/2129/3550 1784/2128/3551 1769/1757/3552
f 1769/1757/3552 1784/2128/3551 1785/2127/3553 1770/1759/3554
f 1770/1759/3554 1785/2127/3553 1786/2126/3555 1771/1761/3556
f 1771/1761/3556 1786/2126/3555 1787/2125/3557 1772/1763/3558
f 1772/1763/3558 1787/2125/3557 1788/2124/3559 1773/1765/3560
f 1773/1765/3560 1788/2124/3559 1789/2123/3561 1774/1767/3562
f 1774/1767/3562 1789/2123/3561 1790/2122/3563 1775/1769/3564
f 1775/1769/3564 1790/2122/3563 1791/2121/3565 1776/1771/3566
f 1776/1771/3566 1791/2121/3565 1792/2120/3567 1777/1773/3568
f 1777/1773/3568 1792/2120/3567 1793/2119/3569 1778/1775/3570
f 1778/1775/3570 1793/2119/3569 1794/2118/3571 1779/1777/3572
f 1779/1777/3572 1794/2118/3571 1795/2117/3573 1780/1779/3574
f 1780/1779/3574 1795/2117/3573 1796/2116/3575 1781/1781/3576
f 1781/1781/3576 1796/2116/3575 1797/2115/3577 1782/1783/3578
f 1782/1783/3578 1797/2115/3577 1783/11/3579
s 166
f 1241/1251/3580 1239/1250/3581 1769/1757/3582 1798/1784/3583
f 1798/1784/3583 1769/1757/3582 1770/1759/3584 1799/1785/3585
f 1799/1785/3585 1770/1759/3584 1771/1761/3586 1800/1786/3587
f 1800/1786/3587 1771/1761/3586 1772/1763/3588 1801/1787/3589
f 1801/1787/3589 1772/1763/3588 1773/1765/3590 1802/1788/3591
f 1802/1788/3591 1773/1765/3590 1774/1767/3592 1803/1789/3593
f 1803/1789/3593 1774/1767/3592 1775/1769/3594 1804/1790/3595
f 1804/1790/3595 1775/1769/3594 1776/1771/3596 1805/1791/3597
f 1805/1791/3597 1776/1771/3596 1777/1773/3598 1806/1792/3599
f 1806/1792/3599 1777/1773/3598 1778/1775/3600 1807/1793/3601
f 1807/1793/3601 1778/1775/3600 1779/1777/3602 1808/1794/3603
f 1808/1794/3603 1779/1777/3602 1780/1779/3604 1809/1795/3605
f 1809/1795/3605 1780/1779/3604 1781/1781/3606 1810/1796/3607
f 1810/1796/3607 1781/1781/3606 1782/1783/3608 1811/1797/3609
f 1811/1797/3609 1782/1783/3608 1783/11/3610
s 167
f 1240/1249/3611 1242/1252/3612 1812/1798/3613 1784/1756/3614
f 1784/1756/3614 1812/1798/3613 1813/1799/3615 1785/1758/3616
f 1785/1758/3616 1813/1799/3615 1814/1800/3617 1786/1760/3618
f 1786/1760/3618 1814/1800/3617 1815/1801/3619 1787/1762/3620
f 1787/1762/3620 1815/1801/3619 1816/1802/3621 1788/1764/3622
f 1788/1764/3622 1816/1802/3621 1817/1803/3623 1789/1766/3624
f 1789/1766/3624 1817/1803/3623 1818/1804/3625 1790/1768/3626
f 1790/1768/3626 1818/1804/3625 1819/1805/3627 1791/1770/3628
f 1791/1770/3628 1819/1805/3627 1820/1806/3629 1792/1772/3630
s 168
f 1792/1772/3631 1820/1806/3632 1821/1807/3633 1793/1774/3634
f 1793/1774/3634 1821/1807/3633 1822/1808/3635 1794/1776/3636
f 1794/1776/3636 1822/1808/3635 1823/1809/3637 1795/1778/3638
f 1795/1778/3638 1823/1809/3637 1824/1810/3639 1796/1780/3640
f 1796/1780/3640 1824/1810/3639 1825/1811/3641 1797/1782/3642
f 1797/1782/3642 1825/1811/3641 1783/11/3643
s 169
f 1242/1252/3644 1243/1253/3645 1826/1812/3646 1812/1798/3647
f 1812/1798/3647 1826/1812/3646 1827/1813/3648 1813/1799/3649
s off
f 1813/1799/3650 1827/1813/3651 1828/1814/3652 1814/1800/3653
s 170
f 1814/1800/3654 1828/1814/3655 1829/1815/3656 1815/1801/3657
f 1815/1801/3657 1829/1815/3656 1830/1816/3658 1816/1802/3659
f 1816/1802/3659 1830/1816/3658 1831/1817/3660 1817/1803/3661
f 1817/1803/3661 1831/1817/3660 1832/1818/3662 1818/1804/3663
f 1818/1804/3663 1832/1818/3662 1833/1819/3664 1819/1805/3665
f 1819/1805/3665 1833/1819/3664 1834/1820/3666 1820/1806/3667
s off
f 1820/1806/3668 1834/1820/3669 1835/1821/3670 1821/1807/3671
s 171
f 1821/1807/3672 1835/1821/3673 1836/1822/3674 1822/1808/3675
f 1822/1808/3675 1836/1822/3674 1837/1823/3676 1823/1809/3677
f 1823/1809/3677 1837/1823/3676 1838/1824/3678 1824/1810/3679
f 1824/1810/3679 1838/1824/3678 1839/1825/3680 1825/1811/3681
f 1825/1811/3681 1839/1825/3680 1783/11/3682
s 172
f 1244/1255/3683 1245/1254/3684 1854/1826/3685 1840/1827/3686
f 1840/1827/3686 1854/1826/3685 1855/1828/3687 1841/1829/3688
f 1841/1829/3688 1855/1828/3687 1856/1830/3689 1842/1831/3690
f 1842/1831/3690 1856/1830/3689 1857/1832/3691 1843/1833/3692
f 1843/1833/3692 1857/1832/3691 1858/1834/3693 1844/1835/3694
f 1844/1835/3694 1858/1834/3693 1859/1836/3695 1845/1837/3696
f 1845/1837/3696 1859/1836/3695 1860/1838/3697 1846/1839/3698
f 1846/1839/3698 1860/1838/3697 1861/1840/3699 1847/1841/3700
f 1847/1841/3700 1861/1840/3699 1862/1842/3701 1848/1843/3702
s 173
f 1848/1843/3703 1862/1842/3704 1863/1844/3705 1849/1845/3706
f 1849/1845/3706 1863/1844/3705 1864/1846/3707 1850/1847/3708
f 1850/1847/3708 1864/1846/3707 1865/1848/3709 1851/1849/3710
f 1851/1849/3710 1865/1848/3709 1866/1850/3711 1852/1851/3712
f 1852/1851/3712 1866/1850/3711 1867/1852/3713 1853/1853/3714
f 1853/1853/3714 1867/1852/3713 1783/11/3715
s 174
f 1245/1254/3716 1241/1251/3717 1798/1784/3718 1854/1826/3719
f 1854/1826/3719 1798/1784/3718 1799/1785/3720 1855/1828/3721
f 1855/1828/3721 1799/1785/3720 1800/1786/3722 1856/1830/3723
f 1856/1830/3723 1800/1786/3722 1801/1787/3724 1857/1832/3725
f 1857/1832/3725 1801/1787/3724 1802/1788/3726 1858/1834/3727
f 1858/1834/3727 1802/1788/3726 1803/1789/3728 1859/1836/3729
f 1859/1836/3729 1803/1789/3728 1804/1790/3730 1860/1838/3731
f 1860/1838/3731 1804/1790/3730 1805/1791/3732 1861/1840/3733
f 1861/1840/3733 1805/1791/3732 1806/1792/3734 1862/1842/3735
s 175
f 1862/1842/3736 1806/1792/3737 1807/1793/3738 1863/1844/3739
f 1863/1844/3739 1807/1793/3738 1808/1794/3740 1864/1846/3741
f 1864/1846/3741 1808/1794/3740 1809/1795/3742 1865/1848/3743
f 1865/1848/3743 1809/1795/3742 1810/1796/3744 1866/1850/3745
f 1866/1850/3745 1810/1796/3744 1811/1797/3746 1867/1852/3747
f 1867/1852/3747 1811/1797/3746 1783/11/3748
s 176
f 1243/1253/3749 1246/1256/3750 1868/1854/3751 1826/1812/3752
f 1826/1812/3752 1868/1854/3751 1869/1855/3753 1827/1813/3754
f 1827/1813/3754 1869/1855/3753 1870/1856/3755 1828/1814/3756
f 1828/1814/3756 1870/1856/3755 1871/1857/3757 1829/1815/3758
f 1829/1815/3758 1871/1857/3757 1872/1858/3759 1830/1816/3760
f 1830/1816/3760 1872/1858/3759 1873/1859/3761 1831/1817/3762
f 1831/1817/3762 1873/1859/3761 1874/1860/3763 1832/1818/3764
f 1832/1818/3764 1874/1860/3763 1875/1861/3765 1833/1819/3766
f 1833/1819/3766 1875/1861/3765 1876/1862/3767 1834/1820/3768
f 1834/1820/3768 1876/1862/3767 1877/1863/3769 1835/1821/3770
f 1835/1821/3770 1877/1863/3769 1878/1864/3771 1836/1822/3772
f 1836/1822/3772 1878/1864/3771 1879/1865/3773 1837/1823/3774
f 1837/1823/3774 1879/1865/3773 1880/1866/3775 1838/1824/3776
f 1838/1824/3776 1880/1866/3775 1881/1867/3777 1839/1825/3778
f 1839/1825/3778 1881/1867/3777 1783/11/3779
s 177
f 1246/1256/3780 1244/1255/3781 1840/1827/3782 1868/1854/3783
f 1868/1854/3783 1840/1827/3782 1841/1829/3784 1869/1855/3785
f 1869/1855/3785 1841/1829/3784 1842/1831/3786 1870/1856/3787
f 1870/1856/3787 1842/1831/3786 1843/1833/3788 1871/1857/3789
f 1871/1857/3789 1843/1833/3788 1844/1835/3790 1872/1858/3791
f 1872/1858/3791 1844/1835/3790 1845/1837/3792 1873/1859/3793
f 1873/1859/3793 1845/1837/3792 1846/1839/3794 1874/1860/3795
f 1874/1860/3795 1846/1839/3794 1847/1841/3796 1875/1861/3797
f 1875/1861/3797 1847/1841/3796 1848/1843/3798 1876/1862/3799
f 1876/1862/3799 1848/1843/3798 1849/1845/3800 1877/1863/3801
f 1877/1863/3801 1849/1845/3800 1850/1847/3802 1878/1864/3803
f 1878/1864/3803 1850/1847/3802 1851/1849/3804 1879/1865/3805
f 1879/1865/3805 1851/1849/3804 1852/1851/3806 1880/1866/3807
f 1880/1866/3807 1852/1851/3806 1853/1853/3808 1881/1867/3809
f 1881/1867/3809 1853/1853/3808 1783/11/3810
s 178
f 1762/1749/3811 1761/1748/3812 1882/1868/3813 1897/1869/3814
f 1897/1869/3814 1882/1868/3813 1883/1870/3815 1898/1871/3816
f 1898/1871/3816 1883/1870/3815 1884/1872/3817 1899/1873/3818
f 1899/1873/3818 1884/1872/3817 1885/1874/3819 1900/1875/3820
f 1900/1875/3820 1885/1874/3819 1886/1876/3821 1901/1877/3822
f 1901/1877/3822 1886/1876/3821 1887/1878/3823 1902/1879/3824
f 1902/1879/3824 1887/1878/3823 1888/1880/3825 1903/1881/3826
f 1903/1881/3826 1888/1880/3825 1889/1882/3827 1904/1883/3828
f 1904/1883/3828 1889/1882/3827 1890/1884/3829 1905/1885/3830
f 1905/1885/3830 1890/1884/3829 1891/1886/3831 1906/1887/3832
f 1906/1887/3832 1891/1886/3831 1892/1888/3833 1907/1889/3834
f 1907/1889/3834 1892/1888/3833 1893/1890/3835 1908/1891/3836
f 1908/1891/3836 1893/1890/3835 1894/1892/3837 1909/1893/3838
f 1909/1893/3838 1894/1892/3837 1895/1894/3839 1910/1895/3840
f 1910/1895/3840 1895/1894/3839 1896/1172/3841
s 162
f 1761/1748/3534 1763/1750/3533 1911/1896/3842 1882/1868/3843
f 1882/1868/3843 1911/1896/3842 1912/1897/3844 1883/1870/3845
f 1883/1870/3845 1912/1897/3844 1913/1898/3846 1884/1872/3847
f 1884/1872/3847 1913/1898/3846 1914/1899/3848 1885/1874/3849
f 1885/1874/3849 1914/1899/3848 1915/1900/3850 1886/1876/3851
f 1886/1876/3851 1915/1900/3850 1916/1901/3852 1887/1878/3853
f 1887/1878/3853 1916/1901/3852 1917/1902/3854 1888/1880/3855
f 1888/1880/3855 1917/1902/3854 1918/1903/3856 1889/1882/3857
f 1889/1882/3857 1918/1903/3856 1919/1904/3858 1890/1884/3859
f 1890/1884/3859 1919/1904/3858 1920/1905/3860 1891/1886/3861
f 1891/1886/3861 1920/1905/3860 1921/1906/3862 1892/1888/3863
f 1892/1888/3863 1921/1906/3862 1922/1907/3864 1893/1890/3865
f 1893/1890/3865 1922/1907/3864 1923/1908/3866 1894/1892/3867
f 1894/1892/3867 1923/1908/3866 1924/1909/3868 1895/1894/3869
f 1895/1894/3869 1924/1909/3868 1896/1172/3870
s 163
f 1763/1750/3538 1764/2053/3537 1925/2052/3871 1911/1896/3872
f 1911/1896/3872 1925/2052/3871 1926/2051/3873 1912/1897/3874
f 1912/1897/3874 1926/2051/3873 1927/2050/3875 1913/1898/3876
f 1913/1898/3876 1927/2050/3875 1928/2049/3877 1914/1899/3878
f 1914/1899/3878 1928/2049/3877 1929/2048/3879 1915/1900/3880
f 1915/1900/3880 1929/2048/3879 1930/2047/3881 1916/1901/3882
f 1916/1901/3882 1930/2047/3881 1931/2061/3883 1917/1902/3884
f 1917/1902/3884 1931/2061/3883 1932/2060/3885 1918/1903/3886
f 1918/1903/3886 1932/2060/3885 1933/2059/3887 1919/1904/3888
f 1919/1904/3888 1933/2059/3887 1934/2058/3889 1920/1905/3890
f 1920/1905/3890 1934/2058/3889 1935/2057/3891 1921/1906/3892
f 1921/1906/3892 1935/2057/3891 1936/2056/3893 1922/1907/3894
f 1922/1907/3894 1936/2056/3893 1937/2055/3895 1923/1908/3896
f 1923/1908/3896 1937/2055/3895 1938/2054/3897 1924/1909/3898
f 1924/1909/3898 1938/2054/3897 1896/1172/3899
s 179
f 1764/1751/3900 1765/1752/3901 1939/1924/3902 1925/1910/3903
f 1925/1910/3903 1939/1924/3902 1940/1925/3904 1926/1911/3905
f 1926/1911/3905 1940/1925/3904 1941/1926/3906 1927/1912/3907
f 1927/1912/3907 1941/1926/3906 1942/1927/3908 1928/1913/3909
f 1928/1913/3909 1942/1927/3908 1943/1928/3910 1929/1914/3911
f 1929/1914/3911 1943/1928/3910 1944/1929/3912 1930/1915/3913
f 1930/1915/3913 1944/1929/3912 1945/1930/3914 1931/1916/3915
f 1931/1916/3915 1945/1930/3914 1946/1931/3916 1932/1917/3917
f 1932/1917/3917 1946/1931/3916 1947/1932/3918 1933/1918/3919
f 1933/1918/3919 1947/1932/3918 1948/1933/3920 1934/1919/3921
f 1934/1919/3921 1948/1933/3920 1949/1934/3922 1935/1920/3923
f 1935/1920/3923 1949/1934/3922 1950/1935/3924 1936/1921/3925
f 1936/1921/3925 1950/1935/3924 1951/1936/3926 1937/1922/3927
f 1937/1922/3927 1951/1936/3926 1952/1937/3928 1938/1923/3929
f 1938/1923/3929 1952/1937/3928 1896/1172/3930
s 180
f 1766/1753/3931 1762/1749/3932 1897/1869/3933 1953/1938/3934
f 1953/1938/3934 1897/1869/3933 1898/1871/3935 1954/1939/3936
f 1954/1939/3936 1898/1871/3935 1899/1873/3937 1955/1940/3938
f 1955/1940/3938 1899/1873/3937 1900/1875/3939 1956/1941/3940
f 1956/1941/3940 1900/1875/3939 1901/1877/3941 1957/1942/3942
f 1957/1942/3942 1901/1877/3941 1902/1879/3943 1958/1943/3944
f 1958/1943/3944 1902/1879/3943 1903/1881/3945 1959/1944/3946
f 1959/1944/3946 1903/1881/3945 1904/1883/3947 1960/1945/3948
f 1960/1945/3948 1904/1883/3947 1905/1885/3949 1961/1946/3950
f 1961/1946/3950 1905/1885/3949 1906/1887/3951 1962/1947/3952
f 1962/1947/3952 1906/1887/3951 1907/1889/3953 1963/1948/3954
f 1963/1948/3954 1907/1889/3953 1908/1891/3955 1964/1949/3956
f 1964/1949/3956 1908/1891/3955 1909/1893/3957 1965/1950/3958
f 1965/1950/3958 1909/1893/3957 1910/1895/3959 1966/1951/3960
f 1966/1951/3960 1910/1895/3959 1896/1172/3961
s 181
f 1767/1754/3962 1766/1753/3963 1953/1938/3964 1967/1952/3965
f 1967/1952/3965 1953/1938/3964 1954/1939/3966 1968/1953/3967
f 1968/1953/3967 1954/1939/3966 1955/1940/3968 1969/1954/3969
f 1969/1954/3969 1955/1940/3968 1956/1941/3970 1970/1955/3971
f 1970/1955/3971 1956/1941/3970 1957/1942/3972 1971/1956/3973
f 1971/1956/3973 1957/1942/3972 1958/1943/3974 1972/1957/3975
f 1972/1957/3975 1958/1943/3974 1959/1944/3976 1973/1958/3977
f 1973/1958/3977 1959/1944/3976 1960/1945/3978 1974/1959/3979
f 1974/1959/3979 1960/1945/3978 1961/1946/3980 1975/1960/3981
f 1975/1960/3981 1961/1946/3980 1962/1947/3982 1976/1961/3983
f 1976/1961/3983 1962/1947/3982 1963/1948/3984 1977/1962/3985
f 1977/1962/3985 1963/1948/3984 1964/1949/3986 1978/1963/3987
f 1978/1963/3987 1964/1949/3986 1965/1950/3988 1979/1964/3989
f 1979/1964/3989 1965/1950/3988 1966/1951/3990 1980/1965/3991
f 1980/1965/3991 1966/1951/3990 1896/1172/3992
s 182
f 1765/1752/3993 1768/1755/3994 1981/1966/3995 1939/1924/3996
f 1939/1924/3996 1981/1966/3995 1982/1967/3997 1940/1925/3998
f 1940/1925/3998 1982/1967/3997 1983/1968/3999 1941/1926/4000
f 1941/1926/4000 1983/1968/3999 1984/1969/4001 1942/1927/4002
f 1942/1927/4002 1984/1969/4001 1985/1970/4003 1943/1928/4004
f 1943/1928/4004 1985/1970/4003 1986/1971/4005 1944/1929/4006
f 1944/1929/4006 1986/1971/4005 1987/1972/4007 1945/1930/4008
f 1945/1930/4008 1987/1972/4007 1988/1973/4009 1946/1931/4010
f 1946/1931/4010 1988/1973/4009 1989/1974/4011 1947/1932/4012
f 1947/1932/4012 1989/1974/4011 1990/1975/4013 1948/1933/4014
f 1948/1933/4014 1990/1975/4013 1991/1976/4015 1949/1934/4016
f 1949/1934/4016 1991/1976/4015 1992/1977/4017 1950/1935/4018
f 1950/1935/4018 1992/1977/4017 1993/1978/4019 1951/1936/4020
f 1951/1936/4020 1993/1978/4019 1994/1979/4021 1952/1937/4022
f 1952/1937/4022 1994/1979/4021 1896/1172/4023
s 183
f 1768/1755/4024 1767/1754/4025 1967/1952/4026 1981/1966/4027
f 1981/1966/4027 1967/1952/4026 1968/1953/4028 1982/1967/4029
f 1982/1967/4029 1968/1953/4028 1969/1954/4030 1983/1968/4031
f 1983/1968/4031 1969/1954/4030 1970/1955/4032 1984/1969/4033
f 1984/1969/4033 1970/1955/4032 1971/1956/4034 1985/1970/4035
f 1985/1970/4035 1971/1956/4034 1972/1957/4036 1986/1971/4037
f 1986/1971/4037 1972/1957/4036 1973/1958/4038 1987/1972/4039
f 1987/1972/4039 1973/1958/4038 1974/1959/4040 1988/1973/4041
f 1988/1973/4041 1974/1959/4040 1975/1960/4042 1989/1974/4043
f 1989/1974/4043 1975/1960/4042 1976/1961/4044 1990/1975/4045
f 1990/1975/4045 1976/1961/4044 1977/1962/4046 1991/1976/4047
f 1991/1976/4047 1977/1962/4046 1978/1963/4048 1992/1977/4049
f 1992/1977/4049 1978/1963/4048 1979/1964/4050 1993/1978/4051
f 1993/1978/4051 1979/1964/4050 1980/1965/4052 1994/1979/4053
f 1994/1979/4053 1980/1965/4052 1896/1172/4054
s off
f 2011/2295/4055 2012/2322/4056 2013/2297/4057 2014/2298/4058 2015/2321/4059 2016/2320/4060 2017/2319/4061 2018/2318/4062
s 1
f 840/2210/1007 848/2204/1624 1996/2280/4063 1995/2279/4064
f 848/2204/1624 532/2205/1008 1997/2281/4065 1996/2280/4066
s off
f 532/2205/4067 456/2209/4068 1998/2282/4069 1997/2281/4070
f 456/2209/4071 436/2207/4072 1999/2283/4073 1998/2282/4074
s 52
f 436/2207/838 842/2206/1613 2000/2284/4075 1999/2283/4076
f 842/2206/1613 834/2208/835 2001/2285/4077 2000/2284/4078
s off
f 834/2208/4079 841/2315/4080 2002/2314/4081 2001/2285/4082
f 841/2211/4083 840/2210/4084 1995/2279/4085 2002/2286/4086
s 184
f 1995/2279/4087 1996/2280/4088 2004/2288/4089 2003/2287/4090
f 1996/2280/4088 1997/2281/4091 2005/2289/4092 2004/2288/4089
f 1997/2281/4091 1998/2282/4093 2006/2290/4094 2005/2289/4092
f 1998/2282/4093 1999/2283/4095 2007/2291/4096 2006/2290/4094
f 1999/2283/4095 2000/2284/4097 2008/2292/4098 2007/2291/4096
f 2000/2284/4097 2001/2285/4099 2009/2293/4100 2008/2292/4098
f 2001/2285/4099 2002/2314/4101 2010/2313/4102 2009/2293/4100
f 2002/2286/4101 1995/2279/4087 2003/2287/4090 2010/2294/4102
s off
f 2003/2287/4103 2004/2288/4104 2012/2296/4105 2011/2316/4106
f 2004/2288/4107 2005/2289/4108 2013/2297/4109 2012/2296/4110
f 2005/2289/4111 2006/2290/4112 2014/2298/4113 2013/2297/4114
f 2006/2290/4115 2007/2291/4116 2015/2299/4117 2014/2298/4118
f 2007/2291/4119 2008/2292/4120 2016/2300/4121 2015/2299/4122
f 2008/2292/4123 2009/2293/4124 2017/2301/4125 2016/2300/4126
f 2009/2293/4127 2010/2313/4128 2018/2317/4129 2017/2301/4130
f 2010/2294/4131 2003/2287/4132 2011/2316/4133 2018/2302/4134
s 185
f 2019/2323/4135 2020/2324/4136 851/2215/4137 852/2212/4138
s 186
f 850/2214/4139 851/2215/4140 2020/2324/4141 858/2213/4142
s 69
f 2019/2323/1641 859/627/1640 572/626/1103 496/2218/1102
s 185
f 496/2218/4143 515/2217/4144 2020/2324/4136 2019/2323/4135
s 186
f 858/2213/4142 2020/2324/4141 515/2217/4145 477/2216/4146
